"篇名","条","見出し","山海経訳","現行地","距離補正","音韻データ","アイヌ語解釈","出典"
"特別編：海内北経の倭国について","蓋国","蓋","「蓋国（の国）は、巨大な燕の国の南側にあり、倭の国の北側に位置している。そして、この倭は燕の国に服属（あるいは朝貢）している」","燕の南。倭の北。渤海湾西岸から北岸。","","上古音：「蓋」k ɑb／k at／k ɑd, k  ɑb／k ar／k abh
上古音：「蓋」ɡʰ ɑp／ɣ ap／- -／ɡ ap／- -","アイヌ語：蓋＝「ク・アッ(ku-at)」
＝「矢（のように鋭い峰）が・たくさんある（ところ）」
or「カプ(kap)」
＝「薄っぺら（なところ）」
or「ク・アプ(ku-ap)」
＝「矢の（ように鋭い峰の）・釣り針（のように曲がったもの）」
or「キル・アプ(kir-ap)」
＝「峰の・釣り針（のように曲がったもの）」
※アイヌ語「ク＝弓」。中国大陸、朝鮮半島では「ク＝矢」の可能性。サハリン、シベリアのニヴフ（ギリヤーク）語も「ク＝矢」。","jomon2_bnum68.html"
"特別編：海内北経の倭国について","蓋国","鉅燕","「蓋国（の国）は、巨大な燕の国の南側にあり、倭の国の北側に位置している。そして、この倭は燕の国に服属（あるいは朝貢）している」","燕の南。倭の北。渤海湾西岸から北岸。","","上古音：「鉅」ɡʰ i̯o／- -／ɡʰ jaɡ／ɡ jaɣ／g jagx
上古音：「燕」ʔ ian／0 ian／ʔ iæn／ʔ ean／· ianh","アイヌ語：鉅燕＝「キル・アク・イ・アゥ・ウン(kir-ak-i-aw-un)」
＝「山脚の・弟（のように小さいところ）・その・角、枝分かれ・にある（ところ）」","jomon2_bnum68.html"
"特別編：海内北経の倭国について","蓋国","薊","「蓋国（の国）は、巨大な燕の国の南側にあり、倭の国の北側に位置している。そして、この倭は燕の国に服属（あるいは朝貢）している」","燕の南。倭の北。渤海湾西岸から北岸。","","上古音：「薊」- -／k iat／k iæd／k ear／k iadh","アイヌ語：薊＝「キル・アッ(kir-at)」
＝「山が・たくさんある（ところ）」","jomon2_bnum68.html"
"特別編：海内北経の倭国について","蓋国","倭","「蓋国（の国）は、巨大な燕の国の南側にあり、倭の国の北側に位置している。そして、この倭は燕の国に服属（あるいは朝貢）している」","燕の南。倭の北。渤海湾西岸から北岸。","","上古音：「倭」ʔ i̯wăr／0 ǐwəi／ʔ juər／ʔ iwə／·w jər
上古音：「倭」- -／0 uəi／ʔ uə̂r／ʔ wə／·w ər","アイヌ語：倭＝「イ・ワ(i-wa)」
＝「その・岸」","jomon2_bnum68.html"
"特別編：海内北経の倭国について","朝鮮","朝鮮","「朝鮮（の国）は、列陽という場所の東側にあり、（広大な）海の北側、かつ（巨大な）山の南側に位置している。この列陽は、燕の国に服属（あるいは朝貢）している」","","","上古音：「朝」t i̯oɡ／t ǐau／t jɔɡ／t iaw／t rjagw
上古音：「朝」dʰ i̯oɡ／d ǐau／dʰ jɔɡ／d iaw／d rjagw
上古音：「鮮」s i̯an／s ǐan／s jæn／s jian／s jan","アイヌ語：朝鮮＝「テュ・アク・シル・アゥ・ウン(tu-ak-sir-aw-un)」
＝「峰の・弟（のように小さい）・山の・角、枝分かれ・にある（ところ）」","jomon2_bnum68.html"
"特別編：海内北経の倭国について","朝鮮","列陽","「朝鮮（の国）は、列陽という場所の東側にあり、（広大な）海の北側、かつ（巨大な）山の南側に位置している。この列陽は、燕の国に服属（あるいは朝貢）している」","","","上古音：「列」l i̯at／l ǐat／l jæt／l iat／l jat
上古音：「陽」d i̯aŋ／ʎ ǐaŋ／d jaŋ／r iaŋ／r ang","アイヌ語：列陽＝「リ・アッ・テュ・アゥ・ウン(ri-at-tu-aw-un)」
＝「高い（ところが）・たくさんある・峰の・角、枝分かれ・にある（ところ）」
or「リ・アッ・リ・アゥ・ウン(ri-at-ri-aw-un)」
＝「高い（ところが）・たくさんある・高い・角、枝分かれ・にある（ところ）」","jomon2_bnum68.html"
"特別編：海内北経の倭国について","朝鮮","遼","「朝鮮（の国）は、列陽という場所の東側にあり、（広大な）海の北側、かつ（巨大な）山の南側に位置している。この列陽は、燕の国に服属（あるいは朝貢）している」","","","上古音：「遼」l ioɡ／l iau／l iɔɡ／l eaw／l iagw","アイヌ語：遼＝「リ・アク(ri-ak)」
＝「高い・弟の（ように小さい峰）」","jomon2_bnum68.html"
"特別編：海内北経の倭国について","朝鮮","大連","「朝鮮（の国）は、列陽という場所の東側にあり、（広大な）海の北側、かつ（巨大な）山の南側に位置している。この列陽は、燕の国に服属（あるいは朝貢）している」","","","上古音：「大」tʰ ɑd, dʰ ɑd／d at／dʰ ɑd／d ar／d adh
上古音：「連」l i̯an／l ǐan／l jæn／l ian／l jan","アイヌ語：大連＝「テュ・アッ・リ・アゥ・ウン(tu-at-ri-aw-un)」
＝「峰が・たくさんある・高い・角、枝分かれ・にある（ところ）」","jomon2_bnum68.html"
"特別編：海内北経の倭国について","朝鮮","三山","「朝鮮（の国）は、列陽という場所の東側にあり、（広大な）海の北側、かつ（巨大な）山の南側に位置している。この列陽は、燕の国に服属（あるいは朝貢）している」","","","上古音：「三」s əm／s əm／s ə̂m／s əm／s əm
上古音：「山」s ăn／ʃ ean／- -／s rian／s rian","アイヌ語：三山＝「シル・アム・シル・アゥ・ウン(sir-am-sir-aw-un)」
＝「山の・爪の（ように平べったく鋭い）・山の・角、枝分かれ・にある（ところ）」","jomon2_bnum68.html"
"特別編：海内北経の倭国について","列姑射、姑射国","列姑射","「列姑射（という地域・島々）は、海や河（が交わる場所）の中州（デルタ地帯、あるいは大きな島）の中にある。姑射国（の集落）は（その）海の中にあり、列姑射の地域に服属している。（その姑射国の）西南側は、山が周囲をぐるりと取り囲んでいる」","","","","アイヌ語：列姑射＝「リ・アッ・ク・アク・テュ・アク(ri-at-ku-ak-tu-ak)」
＝「高く・たくさんある・矢の（ように鋭い）・弟（のように小さいもの）・峰の・弟」","jomon2_bnum68.html"
"特別編：海内北経の倭国について","列姑射、姑射国","姑射","「列姑射（という地域・島々）は、海や河（が交わる場所）の中州（デルタ地帯、あるいは大きな島）の中にある。姑射国（の集落）は（その）海の中にあり、列姑射の地域に服属している。（その姑射国の）西南側は、山が周囲をぐるりと取り囲んでいる」","","","上古音：「列」l i̯at／l ǐat／l jæt／l iat／l jat
上古音：「姑」k o／k a／k ɑɡ／k aɣ／k ag
上古音：「射」- -／- -／d jăɡ／r aɣ／g rjiagh","アイヌ語：姑射＝「ク・アク・テュ・アク(ku-ak-tu-ak)」
＝「矢の（ように鋭い）・弟（のように小さいもの）・峰の・弟」
※アイヌ語「ク＝弓」。中国大陸、朝鮮半島では「ク＝矢」の可能性。サハリン、シベリアのニヴフ（ギリヤーク）語も「ク＝矢」。","jomon2_bnum68.html"
"特別編：海内北経の倭国について","大蟹","大蟹","「大きなカニが海の中にいる。 」","","","上古音：「大」tʰ ɑd, dʰ ɑd／d at／dʰ ɑd／d ar／d adh
上古音：「蟹」ɡʰ ĕɡ／ɣ e／ɣ eɡ／- -／g rigx","アイヌ語：大蟹＝「テュ・アッ・キル・アク(tu-at-kir-ak)」
＝「峰が・たくさんある・山脚の・弟（のように小さいもの）」","jomon2_bnum68.html"
"特別編：海内北経の倭国について","陵魚、鯾、明組邑、蓬莱山、大人之市","陵魚","「陵魚（という怪魚）は、人間の顔、手と足を持っており、体は魚の姿をしていて、海の中にいる。大鯾（という巨大な魚、またはクジラのようなもの）も海の中に生息している。明組邑（という集落）も海の中に位置している。蓬萊山（という神仙の山）も海の中に存在している。大人（巨人の一族）の市場も海の中に存在している。」","","","上古音：「陵」l i̯əŋ／l ǐəŋ／l jəŋ／l iəŋ／l jəng
上古音：「魚」ŋ i̯o／ŋ ǐa／ŋ jaɡ／ŋ jaɣ／ng jag","アイヌ語：陵魚＝「リ・アゥ・ウン・キル・アク(ri-aw-un-kir-ak)」
＝「高い・角、枝分かれ・にある・山脚の・弟（のように小さいもの）」","jomon2_bnum68.html"
"特別編：海内北経の倭国について","陵魚、鯾、明組邑、蓬莱山、大人之市","人面","「陵魚（という怪魚）は、人間の顔、手と足を持っており、体は魚の姿をしていて、海の中にいる。大鯾（という巨大な魚、またはクジラのようなもの）も海の中に生息している。明組邑（という集落）も海の中に位置している。蓬萊山（という神仙の山）も海の中に存在している。大人（巨人の一族）の市場も海の中に存在している。」","","","上古音：「人」ȵ i̯ĕn／ȵ ǐen／ȵ jen／n jien／n jin
上古音：「面」m i̯an／m ǐan／m juæn／m jiwan／m jianh","アイヌ語：人面＝「ニ・エ・エン・ムィ・アゥ・ウン(ni-e-en-muy-aw-un)」
＝「棒（のように細長い峰）が・そこで・突き出ている・頂の・角、枝分かれ・にある（ところ）」","jomon2_bnum68.html"
"特別編：海内北経の倭国について","陵魚、鯾、明組邑、蓬莱山、大人之市","手足","「陵魚（という怪魚）は、人間の顔、手と足を持っており、体は魚の姿をしていて、海の中にいる。大鯾（という巨大な魚、またはクジラのようなもの）も海の中に生息している。明組邑（という集落）も海の中に位置している。蓬萊山（という神仙の山）も海の中に存在している。大人（巨人の一族）の市場も海の中に存在している。」","","","上古音：「手」ɕ ／ɕ ǐu／ɕ jŏɡ／stʰ jəw／sth jəgwx
上古音：「足」ts i̯uk／ts ǐwɔk／ts juk／ts jewk／ts juk","アイヌ語：手足＝「シル・アク・テュク(sir-ak-tuk)」
＝「山の・弟の（ように小さいものの）・小山」","jomon2_bnum68.html"
"特別編：海内北経の倭国について","陵魚、鯾、明組邑、蓬莱山、大人之市","魚身","「陵魚（という怪魚）は、人間の顔、手と足を持っており、体は魚の姿をしていて、海の中にいる。大鯾（という巨大な魚、またはクジラのようなもの）も海の中に生息している。明組邑（という集落）も海の中に位置している。蓬萊山（という神仙の山）も海の中に存在している。大人（巨人の一族）の市場も海の中に存在している。」","","","上古音：「魚」ŋ i̯o／ŋ ǐa／ŋ jaɡ／ŋ jaɣ／ng jag
上古音：「身」ɕ i̯ĕn／ɕ ǐen／ɕ jen／stʰ jien／sth jin","アイヌ語：魚身＝「キル・アク・シル・エ・エン(kir-ak-sir-e-en)」
＝「山脚の・弟の（ように小さいものの）・山が・そこで・突き出ている（ところ）」","jomon2_bnum68.html"
"特別編：海内北経の倭国について","陵魚、鯾、明組邑、蓬莱山、大人之市","大鯾","「陵魚（という怪魚）は、人間の顔、手と足を持っており、体は魚の姿をしていて、海の中にいる。大鯾（という巨大な魚、またはクジラのようなもの）も海の中に生息している。明組邑（という集落）も海の中に位置している。蓬萊山（という神仙の山）も海の中に存在している。大人（巨人の一族）の市場も海の中に存在している。」","","","上古音：「大」tʰ ɑd, dʰ ɑd／d at／dʰ ɑd／d ar／d adh
上古音：「鯾」 - -／- -／p juæn／p jiwan／p jian","アイヌ語：大鯾＝「テュ・アッ・ピル・アゥ・ウン(tu-at-pir-aw-un)」
＝「峰が・たくさんある・傷の（ように切り刻まれた）・角、枝分かれ・にある（ところ）」","jomon2_bnum68.html"
"特別編：海内北経の倭国について","陵魚、鯾、明組邑、蓬莱山、大人之市","明組邑","「陵魚（という怪魚）は、人間の顔、手と足を持っており、体は魚の姿をしていて、海の中にいる。大鯾（という巨大な魚、またはクジラのようなもの）も海の中に生息している。明組邑（という集落）も海の中に位置している。蓬萊山（という神仙の山）も海の中に存在している。大人（巨人の一族）の市場も海の中に存在している。」","","","上古音：「明」m i̯ăŋ／m iaŋ／m juăŋ／m iwaŋ／m jiang
上古音：「組」ts o／ts a／ts ɑɡ／ts aɣ／ts agx
上古音：「邑」ʔ i̯əp／0 ǐəp／ʔ jəp／ʔ iəp／· jəp","アイヌ語：明組邑＝「ムィ・アゥ・ウン・テュ・アク・イ・アプ(muy-aw-un-tu-ak-i-ap)」
＝「頂の・角、枝分かれ・にある・峰の・弟（のように小さいもの）・その・釣り針（のように曲がったもの）」","jomon2_bnum68.html"
"特別編：海内北経の倭国について","陵魚、鯾、明組邑、蓬莱山、大人之市","蓬莱","「陵魚（という怪魚）は、人間の顔、手と足を持っており、体は魚の姿をしていて、海の中にいる。大鯾（という巨大な魚、またはクジラのようなもの）も海の中に生息している。明組邑（という集落）も海の中に位置している。蓬萊山（という神仙の山）も海の中に存在している。大人（巨人の一族）の市場も海の中に存在している。」","","","上古音：「蓬」bʰ uŋ／b ɔŋ／bʰ ûŋ／b ewŋ／b ung
上古音：「萊」l əɡ／l ə／l ə̂ɡ／l əɣ／l əgh","アイヌ語：蓬莱＝「プ・ウン・ル・アク(pu-un-ru-ak)」
＝「倉（の屋根のような三角山）・にある・消えかかった・弟（のように小さいもの）」","jomon2_bnum68.html"
"特別編：海内北経の倭国について","陵魚、鯾、明組邑、蓬莱山、大人之市","大人之市","「陵魚（という怪魚）は、人間の顔、手と足を持っており、体は魚の姿をしていて、海の中にいる。大鯾（という巨大な魚、またはクジラのようなもの）も海の中に生息している。明組邑（という集落）も海の中に位置している。蓬萊山（という神仙の山）も海の中に存在している。大人（巨人の一族）の市場も海の中に存在している。」","","","上古音：「大」tʰ ɑd, dʰ ɑd／d at／dʰ ɑd／d ar／d adh
上古音：「人」ȵ i̯ĕn／ȵ ǐen／ȵ jen／n jien／n jin
上古音：「之」ȶ i̯əɡ／ȶ ǐə／ȶ jəɡ／t jiəɣ／t jəg
上古音：「市」ȡ i̯əɡ／ʑ ǐə／ʑ jəɡ／d jiəɣ／d jəgx","アイヌ語：大人之市＝「テュ・アッ・ニ・エ・エン・テュ・アク・テュ・アク(tu-at-ni-e-en-tu-ak-tu-ak)」
＝「峰が・たくさんある・棒（のような細長い峰）が・そこで・突き出ている・峰の・弟（のように小さいもの）・峰の・弟」
※たくさんの棒のような峰が突き出ている小さな峰。","jomon2_bnum68.html"
"海内南経","甌・閩","甌","「甌（おう）は海の中に居る。閩（びん）は海の中にあり、その西北に山がある。一説には、閩中（びんちゅう）の山は海の中にあるという。」","浙江省周辺","","上古音：「甌」- -／ʔ u／0 ɔ／ʔ ûɡ／ʔ ew／· ug","アイヌ語：甌＝「ウ・ク(u-ku)」
＝「互いに重なるような・矢（のように鋭い峰）」
※アイヌ語「ク＝弓」。中国大陸、朝鮮半島では「ク＝矢」の可能性。サハリン、シベリアのニヴフ（ギリヤーク）語も「ク＝矢」。","jomon2_bnum68.html"
"海内南経","甌・閩","閩","「甌（おう）は海の中に居る。閩（びん）は海の中にあり、その西北に山がある。一説には、閩中（びんちゅう）の山は海の中にあるという。」","福建省周辺","","上古音：「閩」m i̯ən／m ǐen／m juən／m iwən／m jiən","アイヌ語：閩＝「ムィ・アゥ・ウン(muy-aw-un)」
＝「頂の・角、枝分かれ・にある（ところ）」","jomon2_bnum68.html"
"海内南経","鄣山","天子鄣山","「天子鄣山（てんししょうざん）は、閩（びん）の西、海（あるいは湖などの水域）の北にある。一説には、海の中にあるという。」","福建省の西北","","上古音：「天」tʰ ien／tʰ ien／tʰ ien／tʰ en／th in
上古音：「子」ts i̯əɡ／ts ǐə／ts jəɡ／ts jiəɣ／ts jəgx
上古音：「閩」ȶ i̯aŋ／ȶ ǐaŋ／ȶ jaŋ／t jaŋ／t jang
上古音：「山」s ăn／ʃ ean／- -／s rian／s rian","アイヌ語：天子鄣山＝「テュ・エ・エン・テュ・アク(tu-e-en-tu-ak)／テュ・アゥ・ウン・シル・アゥ・ウン(tu-aw-un-sir-aw-un)」
＝「峰が・そこで・突き出ている・峰の・弟（のように小さいもの）／峰の・角、枝分かれ・にある（ところ）・山の・角、枝分かれ・にある（ところ）」","jomon2_bnum68.html"
"海内南経","番隅","番隅","「桂林（けいりん）の八本の樹（桂の巨木）は、番隅（ばんぐう）の東にある。」","広東省広州市番禺区。漢代の（南海郡）番禺県。","","上古音：「番」pʰ i̯wăn／pʰ ǐwan／pʰ juăn／pʰ jwan／ph jan
上古音：「番」- -／pʰ uan／pʰ uɑn／pʰ wan／ph an
上古音：「番」p wɑr／p uai／- -／p wa／- -
上古音：「番」- -／p uai／p uɑ／p wa／p arh
上古音：「隅」ŋ i̯u／- -／ŋ juɡ／ŋ jew／ng jug","アイヌ語：番隅＝「ピル・アゥ・ウン・キル・ク(pir-aw-un-kir-ku)」
＝「傷の（ように切り刻まれた）・角、枝分かれ・にある・山脚の・矢（のように鋭いもの）」","jomon2_bnum68.html"
"海内南経","番隅","桂林／八樹","「桂林（けいりん）の八本の樹（桂の巨木）は、番隅（ばんぐう）の東にある。」","広東省広州市番禺区。漢代の（南海郡）番禺県。","","上古音：「桂」k iweɡ／k iwe／k iueɡ／k weɣ／kw igh
上古音：「林」ɡl i̯əm／l ǐəm／l jəm／l iəm／gl jəm
上古音：「八」p wăt／p et／p et／p ret／p riat
上古音：「樹」ȡ i̯u／ʑ ǐwɔ／ʑ juɡ／d jew／d jugh","アイヌ語：桂林／八樹＝「キル・アク・リ・アム(kir-ak-ri-am)／ピル・アッ・テュク(pir-at-tuk)」
＝「山脚の・弟（のように小さい）・高い・爪（のように平べったく鋭いもの）／傷（のように切り刻まれたもの）が・たくさんある・小山」","jomon2_bnum68.html"
"海内南経","伯慮国・離耳国・雕題国・北胊国","伯慮","「伯慮国（はくりょこく）、離耳国（りじこく）、彫題国（ちょうだいこく）、北朐国（ほくくこく）は、すべて鬱水の南にある。鬱水は湘陵の南山から流れ出ている。一説には、伯慮国は「相慮」ともいう。」","古代百越の地。鬱水は今の江西省西江。広東省南部。","","上古音：「伯」p ăk／p eak／p uăk／p rwak／p rak
上古音：「慮」l i̯o／l ǐa／l jaɡ／l iaɣ／l jagh","アイヌ語：伯慮＝「プ・アク・リ・アク(pu-ak-ri-ak)」
＝「倉の（屋根のような三角山の）・弟（のように小さいもの）・高い・弟」","jomon2_bnum68.html"
"海内南経","伯慮国・離耳国・雕題国・北胊国","相慮","「伯慮国（はくりょこく）、離耳国（りじこく）、彫題国（ちょうだいこく）、北朐国（ほくくこく）は、すべて鬱水の南にある。鬱水は湘陵の南山から流れ出ている。一説には、伯慮国は「相慮」ともいう。」","古代百越の地。鬱水は今の江西省西江。広東省南部。","","上古音：「相」s i̯aŋ／s ǐaŋ／s jaŋ／s jaŋ／s jangh
上古音：「慮」l i̯o／l ǐa／l jaɡ／l iaɣ／l jagh","アイヌ語：相慮＝「シル・アゥ・ウン・リ・アク(sir-aw-un-ri-ak)」
＝「山の・角、枝分かれ・にある・弟（のように小さいもの）・高い・弟」","jomon2_bnum68.html"
"海内南経","伯慮国・離耳国・雕題国・北胊国","離耳","「伯慮国（はくりょこく）、離耳国（りじこく）、彫題国（ちょうだいこく）、北朐国（ほくくこく）は、すべて鬱水の南にある。鬱水は湘陵の南山から流れ出ている。一説には、伯慮国は「相慮」ともいう。」","古代百越の地。鬱水は今の江西省西江。広東省南部。","","上古音：「離」l ia／l ǐai／l ja／l ia／l jiarh
上古音：「耳」ȵ i̯əɡ／ȵ ǐə／ȵ jəɡ／n jiəɣ／n jəgx","アイヌ語：離耳＝「リ・アゥ・ニ・アク(ri-aw-ni-ak)」
＝「高い・角、枝分かれの・棒の（ように細長い）・弟（のように小さい峰）」","jomon2_bnum68.html"
"海内南経","伯慮国・離耳国・雕題国・北胊国","彫題","「伯慮国（はくりょこく）、離耳国（りじこく）、彫題国（ちょうだいこく）、北朐国（ほくくこく）は、すべて鬱水の南にある。鬱水は湘陵の南山から流れ出ている。一説には、伯慮国は「相慮」ともいう。」","古代百越の地。鬱水は今の江西省西江。広東省南部。","","上古音：「雕」t -／t iu／t ioɡ／t eəw／t iəgw
上古音：「題」dʰ ieɡ／d ie／dʰ ieɡ／d eɣ／d ig","アイヌ語：彫題＝「テュ・アク・テュ・アク(tu-ak-tu-ak)」
＝「峰の・弟（のように小さいもの）・峰の・弟」※たくさんの小さな峰。","jomon2_bnum68.html"
"海内南経","伯慮国・離耳国・雕題国・北胊国","北胊","「伯慮国（はくりょこく）、離耳国（りじこく）、彫題国（ちょうだいこく）、北朐国（ほくくこく）は、すべて鬱水の南にある。鬱水は湘陵の南山から流れ出ている。一説には、伯慮国は「相慮」ともいう。」","古代百越の地。鬱水は今の江西省西江。広東省南部。","","上古音：「北」p ək／p ək／p uə̂k／p wək／p ək
上古音：「胊」ɡʰ i̯u／- -／ɡʰ juɡ／ɡ jew／g jug","アイヌ語：北胊＝「プ・アク・キル・ク(pu-ak-kir-ku)」
＝「倉の（ような三角山の）・弟（のように小さい）・山脚の・矢（のように鋭いもの）」
※アイヌ語「ク＝弓」。中国大陸、朝鮮半島では「ク＝矢」の可能性。サハリン、シベリアのニヴフ（ギリヤーク）語も「ク＝矢」。","jomon2_bnum68.html"
"海内南経","伯慮国・離耳国・雕題国・北胊国","鬱","「伯慮国（はくりょこく）、離耳国（りじこく）、彫題国（ちょうだいこく）、北朐国（ほくくこく）は、すべて鬱水の南にある。鬱水は湘陵の南山から流れ出ている。一説には、伯慮国は「相慮」ともいう。」","古代百越の地。鬱水は今の江西省西江。広東省南部。","","上古音：「鬱」ʔ i̯wət／0 ǐwət／ʔ juə̆t／ʔ jwət／·w jət","アイヌ語：鬱＝「イ・ウ・アッ(i-u-at)」
＝「それ（峰、山）が・互いに重なるように・たくさんある（ところ）」","jomon2_bnum68.html"
"海内南経","伯慮国・離耳国・雕題国・北胊国","百越","「伯慮国（はくりょこく）、離耳国（りじこく）、彫題国（ちょうだいこく）、北朐国（ほくくこく）は、すべて鬱水の南にある。鬱水は湘陵の南山から流れ出ている。一説には、伯慮国は「相慮」ともいう。」","古代百越の地。鬱水は今の江西省西江。広東省南部。","","上古音：「百」p ăk／p eak／p uăk／p rwak／p rak
上古音：「越」ɡ i̯wăt／ɣ ǐwat／ɣ juăt／ɣ jwat／gw jat","アイヌ語：百越＝「プ・アク・キル・アッ(pu-ak-kir-at)」
＝「倉の（屋根のような三角山の）・弟の（ように小さいもの）・山脚が・たくさんある（ところ）」","jomon2_bnum68.html"
"海内南経","梟陽國","梟陽","「梟陽国（きょうようこく）は北朐（ほくく）の西にある。その国の人々は、人間の顔に長い唇を持ち、体は黒くて毛が生えており、かかとが前後逆になっている。人が笑うのを見ると自分もまた笑い、左手には竹筒を握っている。 」","北朐国の西。 古代百越の西。","","上古音：「梟」k／k iau／k iɔɡ／k eaw／k iagw
上古音：「陽」d i̯aŋ／ʎ ǐaŋ／d jaŋ／r iaŋ／r ang","アイヌ語：梟陽＝「キル・アク・テュ・アゥ・ウン(kir-ak-tu-aw-un)」
＝「山脚の・弟の（ように小さい）・峰の・角、枝分かれ・にある（ところ）」","jomon2_bnum68.html"
"海内南経","梟陽國","人面／長唇","「梟陽国（きょうようこく）は北朐（ほくく）の西にある。その国の人々は、人間の顔に長い唇を持ち、体は黒くて毛が生えており、かかとが前後逆になっている。人が笑うのを見ると自分もまた笑い、左手には竹筒を握っている。 」","北朐国の西。 古代百越の西。","","上古音：「人」ȵ i̯ĕn／ȵ ǐen／ȵ jen／n jien／n jin
上古音：「面」m i̯an／m ǐan／m juæn／m jiwan／m jianh
上古音：「長」t i̯aŋ／t ǐaŋ／t jaŋ／t iaŋ／t rjangx
上古音：「長」dʰ i̯aŋ／d ǐaŋ／dʰ jaŋ／d iaŋ／d rjangh
上古音：「唇」 i̯wən／- -／ȶ jən／t jiən／t jiən","アイヌ語：人面／長唇＝「ニ・エ・エン・ムィ・アゥ・ウン(ni-e-en-muy-aw-un)／テュ・アゥ・ウン・テュ・アゥ・ウン(tu-aw-un-tu-aw-un)」
＝「棒（のように細長い峰）が・そこで・突き出ている・頂の・角、枝分かれ・にある（ところ）／峰の・角、枝分かれ・にある（ところ）・峰の・角、枝分かれ・にある（ところ）」","jomon2_bnum68.html"
"海内南経","梟陽國","黑身有毛","「梟陽国（きょうようこく）は北朐（ほくく）の西にある。その国の人々は、人間の顔に長い唇を持ち、体は黒くて毛が生えており、かかとが前後逆になっている。人が笑うのを見ると自分もまた笑い、左手には竹筒を握っている。 」","北朐国の西。 古代百越の西。","","上古音：「黑」xm ək／h ək／m̥ uə̂k／xm ək／hm ək
上古音：「身」ɕ i̯ĕn／ɕ ǐen／ɕ jen／stʰ jien／sth jin
上古音：「有」ɡ i̯ŭɡ／ɣ ǐwə／ɣ juə̆ɡ／ɣ jwəɣ／gw jəgx
上古音：「毛」m oɡ／m au／m ɔ̂ɡ／m aw／m agw","アイヌ語：黑身有毛＝「フム・アク・シル・エ・エン・キル・アク・ム・アク(hum-ak-sir-e-en-kir-ak-mu-ak)」
＝「断片の・弟の（ように小さい）・山が・そこで・突き出ている・山脚の・弟・ふさがっている・弟」","jomon2_bnum68.html"
"海内南経","梟陽國","反踵","「梟陽国（きょうようこく）は北朐（ほくく）の西にある。その国の人々は、人間の顔に長い唇を持ち、体は黒くて毛が生えており、かかとが前後逆になっている。人が笑うのを見ると自分もまた笑い、左手には竹筒を握っている。 」","北朐国の西。 古代百越の西。","","上古音：「反」p i̯wăn／p ǐwan／p juăn／p jwan／p janx
上古音：「踵」tɕ i̯uŋ／ȶ ǐwɔŋ／ȶ juŋ／t jewŋ／t jungx","アイヌ語：反踵＝「ピル・アゥ・ウン・テュ・ウン(pir-aw-un-tu-un)」
＝「傷の（ように切り刻まれた）・角、枝分かれ・にある・峰・にある（ところ）」","jomon2_bnum68.html"
"海内南経","梟陽國","見人笑亦笑","「梟陽国（きょうようこく）は北朐（ほくく）の西にある。その国の人々は、人間の顔に長い唇を持ち、体は黒くて毛が生えており、かかとが前後逆になっている。人が笑うのを見ると自分もまた笑い、左手には竹筒を握っている。 」","北朐国の西。 古代百越の西。","","上古音：「見」k ian／k ian／k iæn／k ean／k ianh
上古音：「人」ȵ i̯ĕn／ȵ ǐen／ȵ jen／n jien／n jin
上古音：「笑」s i̯oɡ／s ǐau／s jɔɡ／s jiaw／s jagwh
上古音：「亦」z i̯ăk／ʎ iak／d jăk／r iak／r ak","アイヌ語：見人笑亦笑＝「キル・アゥ・ウン・ニ・エ・エン・シル・アク・テュ・アク・シル・アク(kir-aw-un-ni-e-en-sir-ak-tu-ak-sir-ak)」
＝「山脚の・角、枝分かれ・にある・棒（のように細長い峰が）・そこで・突き出ている・山の・弟（のように小さいもの）・峰の・弟・山の・弟」","jomon2_bnum68.html"
"海内南経","梟陽國","左／手／操／管","「梟陽国（きょうようこく）は北朐（ほくく）の西にある。その国の人々は、人間の顔に長い唇を持ち、体は黒くて毛が生えており、かかとが前後逆になっている。人が笑うのを見ると自分もまた笑い、左手には竹筒を握っている。 」","北朐国の西。 古代百越の西。","","上古音：「左」ts ɑ／ts ai／ts ɑ／ts a／ts arh
上古音：「手」ɕ ／ɕ ǐu／ɕ jŏɡ／stʰ jəw／sth jəgwx
上古音：「操」tsʰ oɡ／tsʰ au／tsʰ ɔ̂ɡ／tsʰ aw／tsh agwh
上古音：「管」k wɑn／k uan／k uɑn／k wan／kw anx","アイヌ語：左／手／操／管＝「テュ・アゥ(tu-aw)／シル・アク(sir-ak)／テュ・アク(tu-ak)／ク・アゥ・ウン(ku-aw-un)」
＝「峰の・角、枝分かれ／山の・弟（のように小さいもの）／峰の・弟／矢の（ように鋭い）・角、枝分かれ・にある（ところ）」","jomon2_bnum68.html"
"海内南経","兕","兕","「兕（じ）という怪獣は舜（しゅん）の墓の東、湘水（しょうすい）の南にいる。その姿は牛のようで、青黒い体を（あるいは毛並みを）しており、一本の角が生えている。」","舜葬（九嶷山）の東。","","上古音：「兕」dz i̯ər／z ǐei／z jed／r jier／r jidx","アイヌ語：兕＝「テュ・アッ(tu-at)」
＝「峰が・たくさんある（ところ）」","jomon2_bnum68.html"
"海内南経","兕","舜葬","「兕（じ）という怪獣は舜（しゅん）の墓の東、湘水（しょうすい）の南にいる。その姿は牛のようで、青黒い体を（あるいは毛並みを）しており、一本の角が生えている。」","舜葬（九嶷山）の東。","","上古音：「舜」ɕ i̯wən／ɕ iwən／ɕ juən／stʰ jiwən／sth jənh
上古音：「葬」ts ɑŋ／ts aŋ／ts ɑŋ／ts aŋ／ts angh","アイヌ語：舜葬＝「シル・アゥ・ウン・テュ・アゥ・ウン(sir-aw-un-tu-aw-un)」
＝「山の・角、枝分かれ・にある（ところ）・峰の・角、枝分かれ・にある（ところ）」","jomon2_bnum68.html"
"海内南経","兕","九嶷山","「兕（じ）という怪獣は舜（しゅん）の墓の東、湘水（しょうすい）の南にいる。その姿は牛のようで、青黒い体を（あるいは毛並みを）しており、一本の角が生えている。」","舜葬（九嶷山）の東。","","上古音：「九」k i̯ŭɡ／k ǐu／k jŏɡ／k jəw／k jəgwx
上古音：「嶷」ŋ i̯əɡ 之 ŋ ǐə 之 ŋ jəɡ 之 ŋ iəɣ 之 ng jəg
上古音：「山」s ăn／ʃ ean／- -／s rian／s rian","アイヌ語：九嶷山＝「キル・アク・キル・アク・シル・アゥ・ウン(kir-ak-kir-ak-sir-aw-un)」
＝「山脚の・弟（のように小さいもの）・山脚の・弟・山の・角、枝分かれ・にある（ところ）」","jomon2_bnum68.html"
"海内南経","兕","牛","「兕（じ）という怪獣は舜（しゅん）の墓の東、湘水（しょうすい）の南にいる。その姿は牛のようで、青黒い体を（あるいは毛並みを）しており、一本の角が生えている。」","舜葬（九嶷山）の東。","","上古音：「牛」ŋ i̯ŭɡ／ŋ ǐwə／ŋ juə̆ɡ／ŋ jwəɣ／ng jəg","アイヌ語：牛＝「キル・アク(kir-ak)」
＝「山脚の・弟（のように小さいもの）」","jomon2_bnum68.html"
"海内南経","兕","蒼黑","「兕（じ）という怪獣は舜（しゅん）の墓の東、湘水（しょうすい）の南にいる。その姿は牛のようで、青黒い体を（あるいは毛並みを）しており、一本の角が生えている。」","舜葬（九嶷山）の東。","","上古音：「蒼」tsʰ ɑŋ／tsʰ aŋ／tsʰ ɑŋ／tsʰ aŋ／tsh ang
上古音：「黑」xm ək／h ək／m̥ uə̂k／xm ək／hm ək","アイヌ語：蒼黑＝「テュ・アゥ・ウン・フム・アク(tu-aw-un-hum-ak)」
＝「峰の・角、枝分かれ・にある・弟（のように小さいもの）」","jomon2_bnum68.html"
"海内南経","兕","一角","「兕（じ）という怪獣は舜（しゅん）の墓の東、湘水（しょうすい）の南にいる。その姿は牛のようで、青黒い体を（あるいは毛並みを）しており、一本の角が生えている。」","舜葬（九嶷山）の東。","","上古音：「一」ʔ i̯ĕt／0 ǐet／ʔ jet／ʔ jiet／· jit
上古音：「角」k ŭk／k eɔk／k uk／k rewk／k ruk","アイヌ語：一角＝「イェ・アッ・ク・ク(ie-at-ku-ku)」
＝「石が・たくさんある・矢（のように鋭い峰）・矢」
※アイヌ語「ク＝弓」。中国大陸、朝鮮半島では「ク＝矢」の可能性。サハリン、シベリアのニヴフ（ギリヤーク）語も「ク＝矢」。","jomon2_bnum68.html"
"海内南経","蒼梧","蒼梧","「蒼梧（そうご）の山がある。帝舜（ていしゅん）はその山の南側（陽）に葬られ、帝丹朱（ていたんしゅ）はその山の北側（陰）に葬られた。」","舜葬（九嶷山）。","","上古音：「蒼」tsʰ ɑŋ／tsʰ aŋ／tsʰ ɑŋ／tsʰ aŋ／tsh ang
上古音：「梧」ŋ o／ŋ a／ŋ ɑɡ／ŋ aɣ／ng ag","アイヌ語：蒼梧＝「テュ・アゥ・ウン・キル・アク(tu-aw-un-kir-ak)」
＝「峰の・角、枝分かれ・にある・山脚の・弟（のように小さいもの）」","jomon2_bnum68.html"
"海内南経","蒼梧","帝舜葬","「蒼梧（そうご）の山がある。帝舜（ていしゅん）はその山の南側（陽）に葬られ、帝丹朱（ていたんしゅ）はその山の北側（陰）に葬られた。」","舜葬（九嶷山）。","","上古音：「帝」t ieɡ／t ie／t ieɡ／t eɣ／t igh
上古音：「舜」ɕ i̯wən／ɕ iwən／ɕ juən／stʰ jiwən／sth jənh
上古音：「葬」ts ɑŋ／ts aŋ／ts ɑŋ／ts aŋ／ts angh","アイヌ語：帝舜葬＝「テュ・アク・シル・アゥ・ウン・テュ・アゥ・ウン(tu-ak-sir-aw-un-tu-aw-un)」
＝「峰の・弟の（ように小さい）・山の・角、枝分かれ・にある（ところ）・峰の・角、枝分かれ・にある（ところ）」","jomon2_bnum68.html"
"海内南経","蒼梧","帝丹朱葬","「蒼梧（そうご）の山がある。帝舜（ていしゅん）はその山の南側（陽）に葬られ、帝丹朱（ていたんしゅ）はその山の北側（陰）に葬られた。」","舜葬（九嶷山）。","","上古音：「帝」t ieɡ／t ie／t ieɡ／t eɣ／t igh
上古音：「丹」t ɑn／t an／t ɑn／t an／t an
上古音：「朱」ȶ i̯u／ȶ ǐwɔ／ȶ juɡ／t jew／t jug
上古音：「葬」ts ɑŋ／ts aŋ／ts ɑŋ／ts aŋ／ts angh","アイヌ語：帝丹朱葬＝「テュ・アク・テュ・アゥ・ウン(tu-ak-tu-aw-un)／テュク・テュ・アゥ・ウン(tuk-tu-aw-un)」
＝「峰の・弟の（ように小さい）・峰の・角、枝分かれ・にある（ところ）／小山の・峰の・角、枝分かれ・にある（ところ）」","jomon2_bnum68.html"
"海内南経","汜林","汜林","「氾林（はんりん）は一辺が三百里四方あり、狌狌（しょうしょう）の東にある。狌狌は人の名前を知っており（人の言葉を理解し）、その姿は獣としては豚のようだが、人間の顔をしている。狌狌は舜（しゅん）の墓の西にいる。」","舜葬（九嶷山）の西。","","上古音：「汜」dz i̯əɡ／z ǐə／z jəɡ／r jiəɣ／r jəgx
上古音：「林」ɡl i̯əm／l ǐəm／l jəm／l iəm／gl jəm","アイヌ語：汜林＝「テュ・アク・リ・アム(tu-ak-ri-am)」
＝「峰の・弟の（ように小さい）・高い・爪（のように平べったく鋭いもの）」","jomon2_bnum68.html"
"海内南経","汜林","狌狌","「氾林（はんりん）は一辺が三百里四方あり、狌狌（しょうしょう）の東にある。狌狌は人の名前を知っており（人の言葉を理解し）、その姿は獣としては豚のようだが、人間の顔をしている。狌狌は舜（しゅん）の墓の西にいる。」","舜葬（九嶷山）の西。","","上古音：「猩」s ĕŋ／ʃ eŋ／s ĕŋ／s reŋ／s ring
上古音：「猩」s ieŋ／s ieŋ／s ieŋ／s eŋ／s ing","アイヌ語：狌狌＝「シル・エ・エン・シル・エ・エン(sir-e-en-sir-e-en)」
＝「山が・そこで・突き出ている（ところ）・山が・そこで・突き出ている（ところ）」※たくさんの山が突き出ているところ。","jomon2_bnum68.html"
"海内南経","汜林","知人名","「氾林（はんりん）は一辺が三百里四方あり、狌狌（しょうしょう）の東にある。狌狌は人の名前を知っており（人の言葉を理解し）、その姿は獣としては豚のようだが、人間の顔をしている。狌狌は舜（しゅん）の墓の西にいる。」","舜葬（九嶷山）の西。","","上古音：「知」t i̯ĕɡ／t ǐe／t jeɡ／t ieɣ／t rig
上古音：「人」ȵ i̯ĕn／ȵ ǐen／ȵ jen／n jien／n jin
上古音：「名」m i̯ĕŋ／m ǐeŋ／m jeŋ／m jieŋ／m jing","アイヌ語：知人名＝「テュ・アク・ニ・エ・エン・ムィ・エ・エン(tu-ak-ni-e-en-muy-e-en)」
＝「傷の（ように切り刻まれた）・弟の（ように小さいものの）・棒（のように細長いもの）が・そこで・突き出ている・頂が・そこで・突き出ている（ところ）」","jomon2_bnum68.html"
"海内南経","汜林","豕而人面","「氾林（はんりん）は一辺が三百里四方あり、狌狌（しょうしょう）の東にある。狌狌は人の名前を知っており（人の言葉を理解し）、その姿は獣としては豚のようだが、人間の顔をしている。狌狌は舜（しゅん）の墓の西にいる。」","舜葬（九嶷山）の西。","","上古音：「豕」- -／ɕ ǐe／ - -／stʰ jieɣ／ - -
上古音：「而」ȵ i̯əɡ／ȵ ǐə／ȵ jəɡ／n jiəɣ／n jəg
上古音：「人」ȵ i̯ĕn／ȵ ǐen／ȵ jen／n jien／n jin
上古音：「面」m i̯an／m ǐan／m juæn／m jiwan／m jianh","アイヌ語：豕而人面＝「シル・アク・ニ・アク(sir-ak-ni-ak)／ニ・エ・エン・ムィ・アゥ・ウン(ni-e-en-muy-aw-un)」
＝「山の・弟（のように小さいもの）・棒（のように細長い峰）の・弟／棒が・そこで・突き出ている・頂の・角、枝分かれ・にある（ところ）」","jomon2_bnum68.html"
"海内南経","犀牛","犀牛","「狌狌（しょうしょう）の西北に犀牛（さいぎゅう）がいる。その姿は牛のようで、黒い色をしている。」","狌狌（九嶷山の西）の西北。","","上古音：「犀」s iər／s iei／s ied／s er／st id
上古音：「牛」ŋ i̯ŭɡ／ŋ ǐwə／ŋ juə̆ɡ／ŋ jwəɣ／ng jəg","アイヌ語：犀牛＝「シル・アッ・キル・アク(sir-at-kir-ak)」
＝「山が・たくさんある・山脚の・弟（のように小さいもの）」","jomon2_bnum68.html"
"海内南経","犀牛","牛而黑","「狌狌（しょうしょう）の西北に犀牛（さいぎゅう）がいる。その姿は牛のようで、黒い色をしている。」","狌狌（九嶷山の西）の西北。","","上古音：「牛」ŋ i̯ŭɡ／ŋ ǐwə／ŋ juə̆ɡ／ŋ jwəɣ／ng jəg
上古音：「而」ȵ i̯əɡ／ȵ ǐə／ȵ jəɡ／n jiəɣ／n jəg
上古音：「黑」xm ək／h ək／m̥ uə̂k／xm ək／hm ək","アイヌ語：牛而黑＝「キル・アク・ニ・アク・フム・アク(kir-ak-ni-ak-hum-ak)」
＝「山脚の・弟（のように小さいもの）・棒の（ように細長い峰の）・弟・断片の・弟（のように小さい峰）」","jomon2_bnum68.html"
"海内南経","窫窳","窫窳","「窫窳（あつゆ）は龍の頭を持ち、弱水（じゃくすい）の中に棲んでいる。人の名前を知っている狌狌（しょうしょう）の西に位置し、その姿は龍の頭のようで、人を食べる。」","狌狌（九嶷山の西）の西。","","上古音：「㝣」- -／- -／ʔ iæt／ʔ eat／· iat
上古音：「窳」- -／ʎ ǐwa／ɡ juaɡ／ɣr iwaɣ／gw rjagx","アイヌ語：窫窳＝「イ・アッ・キル・アク(i-at-kir-ak)」
＝「それが・たくさんある・山脚の・弟（のように小さいもの）」","jomon2_bnum68.html"
"海内南経","窫窳","龍首","「窫窳（あつゆ）は龍の頭を持ち、弱水（じゃくすい）の中に棲んでいる。人の名前を知っている狌狌（しょうしょう）の西に位置し、その姿は龍の頭のようで、人を食べる。」","狌狌（九嶷山の西）の西。","","上古音：「龍」l i̯uŋ／l ǐwɔŋ／l juŋ／l iewŋ／l jung
上古音：「首」ɕ／ɕ ǐu／ç jŏɡ／stʰ jəw／h rjəgwx","アイヌ語：龍首＝「リ・アゥ・ウン・シル・アク(ri-aw-un-sir-ak)」
＝「高い・角、枝分かれ・にある・山の・弟（のように小さい峰）」","jomon2_bnum68.html"
"海内南経","窫窳","居弱水中","「窫窳（あつゆ）は龍の頭を持ち、弱水（じゃくすい）の中に棲んでいる。人の名前を知っている狌狌（しょうしょう）の西に位置し、その姿は龍の頭のようで、人を食べる。」","狌狌（九嶷山の西）の西。","","上古音：「居」k i̯o／k ǐa／k jaɡ／k jaɣ／k jag
上古音：「弱」ȵ i̯ok／ȵ ǐauk／ȵ jɔk／n jawk／n jakw
上古音：「水」ɕ i̯wər／ɕ ǐwei／ç jued／stʰ jiwer／h rjidx
上古音：「中」t -／t ǐuŋ／t joŋ／t iəwŋ／t rjəngw","アイヌ語：居弱水中＝「キル・アク・ニ・アク・シル・アッ・テュ・アゥ・ウン(kir-ak-ni-ak-sir-at-tu-aw-un)」
＝「山脚の・弟（のように小さいもの）・棒の（ように細長い）・弟の・山が・たくさんある・峰の・角、枝分かれ・にある（ところ）」","jomon2_bnum68.html"
"海内南経","窫窳","食人","「窫窳（あつゆ）は龍の頭を持ち、弱水（じゃくすい）の中に棲んでいる。人の名前を知っている狌狌（しょうしょう）の西に位置し、その姿は龍の頭のようで、人を食べる。」","狌狌（九嶷山の西）の西。","","上古音：「食」dz i̯əɡ／ʎ ǐə／d jəɡ／r iəɣ／g rjəgh
上古音：「食」- i̯ək／ȡ ǐək／ȡʰ jək／zd jiək／g rjək
上古音：「人」ȵ i̯ĕn／ȵ ǐen／ȵ jen／n jien／n jin","アイヌ語：食人＝「リ・アク・ニ・エ・エン(ri-ak-ni-e-en)」
＝「高い・弟の（ように小さい）・棒（のように細長い峰）が・そこで・突き出ている（ところ）」","jomon2_bnum68.html"
"海内南経","建木","牛","「ある樹木があり、その幹の姿は牛のよう（に太くたくましい）で、皮を引っ張ると（あるいは剥ぎ取ると）冠の紐のようになり、黄色の蛇（のような形のものが幹に絡みついて）いる。その葉は網の目のようで、その実は欒（らん）の木の実に似ており、その木肌は蓲（く／エノキの類）の木のようである。その名を建木（けんぼく）といい、窫窳（あつゆ）の西、弱水（じゃくすい）のほとりに立っている。」","狌狌（九嶷山の西）の西方。窫窳の西。","","上古音：「牛」ŋ i̯ŭɡ／ŋ ǐwə／ŋ juə̆ɡ／ŋ jwəɣ／ng jəg","アイヌ語：牛＝「キル・アク(kir-ak)」
＝「山脚の・弟（のように小さいもの）」","jomon2_bnum68.html"
"海内南経","建木","若纓","「ある樹木があり、その幹の姿は牛のよう（に太くたくましい）で、皮を引っ張ると（あるいは剥ぎ取ると）冠の紐のようになり、黄色の蛇（のような形のものが幹に絡みついて）いる。その葉は網の目のようで、その実は欒（らん）の木の実に似ており、その木肌は蓲（く／エノキの類）の木のようである。その名を建木（けんぼく）といい、窫窳（あつゆ）の西、弱水（じゃくすい）のほとりに立っている。」","狌狌（九嶷山の西）の西方。窫窳の西。","","上古音：「若」ȵ i̯ak／ȵ ǐak／ȵ jak／n jak／n jak
上古音：「纓」ʔ i̯ĕŋ／0 ǐeŋ／ʔ jeŋ／ʔ jieŋ／· jing","アイヌ語：若纓＝「ニ・アク・イ・エ・エン(ni-ak-i-e-en)」
＝「棒の（ように細長い）・弟（のように小さいもの）・それが・そこで・突き出ている（ところ）」","jomon2_bnum68.html"
"海内南経","建木","黃蛇","「ある樹木があり、その幹の姿は牛のよう（に太くたくましい）で、皮を引っ張ると（あるいは剥ぎ取ると）冠の紐のようになり、黄色の蛇（のような形のものが幹に絡みついて）いる。その葉は網の目のようで、その実は欒（らん）の木の実に似ており、その木肌は蓲（く／エノキの類）の木のようである。その名を建木（けんぼく）といい、窫窳（あつゆ）の西、弱水（じゃくすい）のほとりに立っている。」","狌狌（九嶷山の西）の西方。窫窳の西。","","上古音：「黃」ɡʰ wɑŋ／ɣ uaŋ／ɣ uɑŋ／ɡ waŋ／gw ang
上古音：「蛇」d ia／ʎ ǐai／d ja／r ia／r ar
上古音：「蛇」- -／- -／tʰ ɑ／tʰ a／th ar","アイヌ語：黃蛇＝「キル・アゥ・ウン・テュ・アゥ(kir-aw-un-tu-aw)」
＝「山脚の・角、枝分かれ・にある・峰の・角、枝分かれ」","jomon2_bnum68.html"
"海内南経","建木","羅","「ある樹木があり、その幹の姿は牛のよう（に太くたくましい）で、皮を引っ張ると（あるいは剥ぎ取ると）冠の紐のようになり、黄色の蛇（のような形のものが幹に絡みついて）いる。その葉は網の目のようで、その実は欒（らん）の木の実に似ており、その木肌は蓲（く／エノキの類）の木のようである。その名を建木（けんぼく）といい、窫窳（あつゆ）の西、弱水（じゃくすい）のほとりに立っている。」","狌狌（九嶷山の西）の西方。窫窳の西。","","上古音：「羅」l ɑ／l ai／l ɑ／l a／l ar","アイヌ語：羅＝「ル・アゥ(ru-aw)」
＝「消えかかった・枝分かれ」","jomon2_bnum68.html"
"海内南経","建木","欒","「ある樹木があり、その幹の姿は牛のよう（に太くたくましい）で、皮を引っ張ると（あるいは剥ぎ取ると）冠の紐のようになり、黄色の蛇（のような形のものが幹に絡みついて）いる。その葉は網の目のようで、その実は欒（らん）の木の実に似ており、その木肌は蓲（く／エノキの類）の木のようである。その名を建木（けんぼく）といい、窫窳（あつゆ）の西、弱水（じゃくすい）のほとりに立っている。」","狌狌（九嶷山の西）の西方。窫窳の西。","","上古音：「欒」bl wɑn／l uan／l uɑn／l wan／bl an","アイヌ語：欒＝「ル・アゥ・ウン(ru-aw-un)」
＝「消えかかった・枝分かれ・にある（ところ）」","jomon2_bnum68.html"
"海内南経","建木","若蓲","「ある樹木があり、その幹の姿は牛のよう（に太くたくましい）で、皮を引っ張ると（あるいは剥ぎ取ると）冠の紐のようになり、黄色の蛇（のような形のものが幹に絡みついて）いる。その葉は網の目のようで、その実は欒（らん）の木の実に似ており、その木肌は蓲（く／エノキの類）の木のようである。その名を建木（けんぼく）といい、窫窳（あつゆ）の西、弱水（じゃくすい）のほとりに立っている。」","狌狌（九嶷山の西）の西方。窫窳の西。","","上古音：「若」ȵ i̯ak／ȵ ǐak／ȵ jak／n jak／n jak
上古音：「蓲」- -／- -／ʔ ûɡ／ʔ ew／· ug
上古音：「蓲」- -／- -／ʔ juɡ／ʔ jew／· jug","アイヌ語：若蓲＝「ニ・アク・イ・ウ・ク(ni-ak-i-u-ku)」
＝「棒の（ように細長い）・弟（のように小さいもの）・その・互いに重なった・矢（のように鋭い峰）」","jomon2_bnum68.html"
"海内南経","建木","建木","「ある樹木があり、その幹の姿は牛のよう（に太くたくましい）で、皮を引っ張ると（あるいは剥ぎ取ると）冠の紐のようになり、黄色の蛇（のような形のものが幹に絡みついて）いる。その葉は網の目のようで、その実は欒（らん）の木の実に似ており、その木肌は蓲（く／エノキの類）の木のようである。その名を建木（けんぼく）といい、窫窳（あつゆ）の西、弱水（じゃくすい）のほとりに立っている。」","狌狌（九嶷山の西）の西方。窫窳の西。","","上古音：「建」k i̯ăn／k ǐan／k jăn／k jan／k janh
上古音：「木」m uk／m ɔk／m ûk／m ewk／m uk","アイヌ語：建木＝「キル・アゥ・ウン・ム・ク(kir-aw-un-mu-ku)」
＝「山脚の・角、枝分かれ・にある・ふさがっている・矢（のように鋭いもの）」
※アイヌ語「ク＝弓」。中国大陸、朝鮮半島では「ク＝矢」の可能性。サハリン、シベリアのニヴフ（ギリヤーク）語も「ク＝矢」。","jomon2_bnum68.html"
"海内南経","氐人国","氐人","「氐人国（ていじんこく）は建木（けんぼく）の西にある。その民の姿は、人間の顔をしているが体は魚のようで、足が無い。」","狌狌（九嶷山の西）の西方。窫窳の西方。建木の西。","","上古音：「氐」- -／t ǐei／t jed／t ier／t rjid
上古音：「氐」t iər／t iei／t ied／t er／t id
上古音：「人」ȵ i̯ĕn／ȵ ǐen／ȵ jen／n jien／n jin","アイヌ語：氐人＝「テュ・アッ・ニ・エ・エン(tu-at-ni-e-en)」
＝「峰が・たくさんある・棒（のような細長い峰）が・そこで・突き出ている（ところ）」","jomon2_bnum68.html"
"海内南経","氐人国","人面而魚身","「氐人国（ていじんこく）は建木（けんぼく）の西にある。その民の姿は、人間の顔をしているが体は魚のようで、足が無い。」","狌狌（九嶷山の西）の西方。窫窳の西方。建木の西。","","上古音：「人」ȵ i̯ĕn／ȵ ǐen／ȵ jen／n jien／n jin
上古音：「面」m i̯an／m ǐan／m juæn／m jiwan／m jianh
上古音：「而」ȵ i̯əɡ／ȵ ǐə／ȵ jəɡ／n jiəɣ／n jəg<br>
上古音：「魚」ŋ i̯o／ŋ ǐa／ŋ jaɡ／ŋ jaɣ／ng jag
上古音：「身」ɕ i̯ĕn／ɕ ǐen／ɕ jen／stʰ jien／sth jin","アイヌ語：人面而魚身＝「ニ・エ・エン・ムィ・アゥ・ウン(ni-e-en-muy-aw-un)／ニ・アク・キル・アク・シル・エ・エン(ni-ak-kir-ak-sir-e-en)」
＝「棒（のように細長い峰）が・そこで・突き出ている・頂の・角、枝分かれ・にある（ところ）／棒の・弟（のように小さい峰）・山脚の・弟の・山が・そこで・突き出ている（ところ）」","jomon2_bnum68.html"
"海内南経","氐人国","無足","「氐人国（ていじんこく）は建木（けんぼく）の西にある。その民の姿は、人間の顔をしているが体は魚のようで、足が無い。」","狌狌（九嶷山の西）の西方。窫窳の西方。建木の西。","","上古音：「無」m i̯wo／m ǐwa／m juaɡ／m jwaɣ／m jag
上古音：「足」ts i̯uk／ts ǐwɔk／ts juk／ts jewk／ts juk","アイヌ語：無足＝「ムィ・アク・テュク(muy-ak-tuk)」
＝「頂の・弟の（ように小さいものの）・小山」","jomon2_bnum68.html"
"海内南経","巴蛇","巴蛇","「巴蛇（はだ）は象（ぞう）を食べる。食べてから三年経つと、その（消化しきれなかった象の）骨を吐き出す。君子（位の高い人、または徳のある人）がこの骨を（砕いて）服用すれば、心臓や腹の病気になることはない。その蛇の体は、青・黄・赤・黒の混ざった色をしている。一説には、黒い体で頭が青いともいわれ、犀牛（さいぎゅう）の西にいる。」","犀牛（狌狌［九嶷山の西］の西北）の西","","上古音：「巴」p ɔ／p ea／p uăɡ／p rwaɣ／p rag
上古音：「蛇」d ia／ʎ ǐai／d ja／r ia／r ar
上古音：「蛇」- -／- -／tʰ ɑ／tʰ a／th ar
上古音：「蛇」ʰ ia／ȡ iai／- -／- -／d jar","アイヌ語：巴蛇＝「プ・アク・テュ・アゥ(pu-ak-tu-aw)」
＝「倉の（屋根のような三角山の）・弟の（ように小さい）・峰の・角、枝分かれ」
or「プ・アク・リ・アゥ(pu-ak-ri-aw)」
＝「倉の（屋根のような三角山の）・弟の（ように小さい）・高い・角、枝分かれ」","jomon2_bnum68.html"
"海内南経","巴蛇","食象","「巴蛇（はだ）は象（ぞう）を食べる。食べてから三年経つと、その（消化しきれなかった象の）骨を吐き出す。君子（位の高い人、または徳のある人）がこの骨を（砕いて）服用すれば、心臓や腹の病気になることはない。その蛇の体は、青・黄・赤・黒の混ざった色をしている。一説には、黒い体で頭が青いともいわれ、犀牛（さいぎゅう）の西にいる。」","犀牛（狌狌［九嶷山の西］の西北）の西","","上古音：「食」dz i̯əɡ／ʎ ǐə／d jəɡ／r iəɣ／g rjəgh
上古音：「食」- i̯ək／ȡ ǐək／ȡʰ jək／zd jiək／g rjək
上古音：「象」dz i̯aŋ／z ǐaŋ／z jaŋ／r jaŋ／r jangx","アイヌ語：食象＝「リ・アク・テュ・アゥ・ウン(ri-ak-tu-aw-un)」
＝「高い・弟の（ように小さい）・峰の・角、枝分かれ・にある（ところ）」","jomon2_bnum68.html"
"海内南経","巴蛇","三歲／而出／其骨","「巴蛇（はだ）は象（ぞう）を食べる。食べてから三年経つと、その（消化しきれなかった象の）骨を吐き出す。君子（位の高い人、または徳のある人）がこの骨を（砕いて）服用すれば、心臓や腹の病気になることはない。その蛇の体は、青・黄・赤・黒の混ざった色をしている。一説には、黒い体で頭が青いともいわれ、犀牛（さいぎゅう）の西にいる。」","犀牛（狌狌［九嶷山の西］の西北）の西","","上古音：「三」s əm／s əm／s ə̂m／s əm／s əm
上古音：「歲」s i̯wad／s ǐwat／s juæd／s jiwar／skw jadh
上古音：「而」ȵ i̯əɡ／ȵ ǐə／ȵ jəɡ／n jiəɣ／n jəg
上古音：「出」ȶʰ i̯wəd／- -／ȶʰ juəd／- -／th jədh
上古音：「出」ȶʰ i̯wət／ȶʰ ǐwət／ȶʰ juət／tʰ jiwət／th jət
上古音：「其」ɡʰ i̯əɡ／g ǐə／ɡʰ jəɡ／ɡ iəɣ／g jəg
上古音：「其」k i̯əɡ／- -／k jəɡ／k iəɣ／k jəg
上古音：「骨」k wət／k uət／k uə̂t／k wət／kw ət","アイヌ語：三歲／而出／其骨＝「シル・アム・シル・アッ(sir-am-sir-at)／ニ・アク・テュ・アッ(ni-ak-tu-at)／キル・アク・キル・アッ(kir-ak-kir-at)」
＝「山の・爪（のように平べったく鋭い）・山が・たくさんある（ところ）／棒の（ように細長い）・弟の（ように小さい）・峰が・たくさんある（ところ）／山脚の・弟の・山脚が・たくさんある（ところ）」","jomon2_bnum68.html"
"海内南経","巴蛇","蛇青黃赤黑","「巴蛇（はだ）は象（ぞう）を食べる。食べてから三年経つと、その（消化しきれなかった象の）骨を吐き出す。君子（位の高い人、または徳のある人）がこの骨を（砕いて）服用すれば、心臓や腹の病気になることはない。その蛇の体は、青・黄・赤・黒の混ざった色をしている。一説には、黒い体で頭が青いともいわれ、犀牛（さいぎゅう）の西にいる。」","犀牛（狌狌［九嶷山の西］の西北）の西","","上古音：「蛇」d ia／ʎ ǐai／d ja／r ia／r ar
上古音：「蛇」- -／- -／tʰ ɑ／tʰ a／th ar
上古音：「青」tsʰ ieŋ／tsʰ ieŋ／tsʰ ieŋ／tsʰ eŋ／tsh ing
上古音：「黃」ɡʰ wɑŋ／ɣ uaŋ／ɣ uɑŋ／ɡ waŋ／gw ang
上古音：「赤」ȶʰ i̯ăk／ȶʰ iak／cʰ jăk／tʰ jiak／kh rjiak
上古音：「黑」xm ək／h ək／m̥ uə̂k／xm ək／hm ək","アイヌ語：蛇青黃赤黑＝「テュ・アゥ・テュ・エ・エン(tu-aw-tu-e-en)／キル・アゥ・ウン・テュ・アク・フム・アク(kir-aw-un-tu-ak-hum-ak)」
＝「峰の・角、枝分かれの・峰が・そこで・突き出ている／山脚の・角、枝分かれ・にある・峰の・弟の（ように小さい）・断片の・弟」","jomon2_bnum68.html"
"海内南経","巴蛇","黑蛇青首","「巴蛇（はだ）は象（ぞう）を食べる。食べてから三年経つと、その（消化しきれなかった象の）骨を吐き出す。君子（位の高い人、または徳のある人）がこの骨を（砕いて）服用すれば、心臓や腹の病気になることはない。その蛇の体は、青・黄・赤・黒の混ざった色をしている。一説には、黒い体で頭が青いともいわれ、犀牛（さいぎゅう）の西にいる。」","犀牛（狌狌［九嶷山の西］の西北）の西","","上古音：「黑」xm ək／h ək／m̥ uə̂k／xm ək／hm ək
上古音：「蛇」d ia／ʎ ǐai／d ja／r ia／r ar
上古音：「蛇」- -／- -／tʰ ɑ／tʰ a／th ar
上古音：「青」tsʰ ieŋ／tsʰ ieŋ／tsʰ ieŋ／tsʰ eŋ／tsh ing
上古音：「首」ɕ／ɕ ǐu／ç jŏɡ／stʰ jəw／h rjəgwx","アイヌ語：黑蛇青首＝「フム・アク・テュ・アゥ・テュ・エ・エン・シル・アク(hum-ak-tu-aw-tu-e-en-sir-ak)」
＝「断片の・弟の（ように小さい）・峰の・角、枝分かれの・峰が・そこで・突き出ている・山の・弟」","jomon2_bnum68.html"
"海内南経","旄馬","旄馬","「旄馬（ぼうば）という獣がいる。その姿は普通の馬のようだが、四肢の関節（足首のあたり）に長い毛が生えている。巴蛇（はだ）の西北、高山（こうざん）の南にいる。」","九嶷山の西北方","","上古音：「旄」m oɡ／m au／m ɔ̂ɡ／m aw／m agw
上古音：「馬」m ɔ／m ea／m uăɡ／m rwaɣ／m ragx","アイヌ語：旄馬＝「マク・ム・アク(mak-mu-ak)」
＝「奥の・ふさがっている・弟（のように小さい峰）」
or「ム・アク・ム・アク(mu-ak-mu-ak)」
＝「ふさがっている・弟（のように小さい峰）・ふさがっている・弟」※たくさんのふさがっているような小さな峰。","jomon2_bnum68.html"
"海内南経","旄馬","馬","「旄馬（ぼうば）という獣がいる。その姿は普通の馬のようだが、四肢の関節（足首のあたり）に長い毛が生えている。巴蛇（はだ）の西北、高山（こうざん）の南にいる。」","九嶷山の西北方","","上古音：「馬」m ɔ／m ea／m uăɡ／m rwaɣ／m ragx","アイヌ語：馬＝「ム・アク(mu-ak)」
＝「ふさがっている・弟（のように小さい峰）」","jomon2_bnum68.html"
"海内南経","旄馬","四節有毛","「旄馬（ぼうば）という獣がいる。その姿は普通の馬のようだが、四肢の関節（足首のあたり）に長い毛が生えている。巴蛇（はだ）の西北、高山（こうざん）の南にいる。」","九嶷山の西北方","","上古音：「四」s i̯əd／s ǐei／s jed／s jier／s jidh
上古音：「節」ts iet／ts iet／ts iet／ts et／ts it
上古音：「有」ɡ i̯ŭɡ／ɣ ǐwə／ɣ juə̆ɡ／ɣ jwəɣ／gw jəgx
上古音：「毛」m oɡ／m au／m ɔ̂ɡ／m aw／m agw","アイヌ語：四節有毛＝「シル・アッ・テュ・アッ・キル・アク・ム・アク(sir-at-tu-at-kir-ak-mu-ak)」
＝「山が・たくさんある・峰が・たくさんある・山脚の・弟（のように小さいもの）・塞がっている・弟」","jomon2_bnum68.html"
"海内西経","疏属山","貳負之臣曰危","「貳負（じふ）の部下を危（き）という。危と貳負は、窫窳（あつゆ）を殺害した。そこで天帝は、（犯人である危を）疏属（そぞく）の山に監禁し、その右足に足枷（あしかせ）をはめ、両手と髪の毛を後ろ手に縛り上げて、山の上にある一本の木に縛りつけた。この場所は、開題（かいだい）の西北にある。」","陝西省楡林市綏徳県疏属山。","","上古音：「貳」ȵ i̯ər／ȵ ǐei／ȵ jed／n jier／n jidh
上古音：「負」bʰ i̯ŭɡ／b ǐwə／bʰ juə̆ɡ／b jwəɣ／b jəgx
上古音：「之」ȶ i̯əɡ／ȶ ǐə／ȶ jəɡ／t jiəɣ／t jəg
上古音：「臣」ȡ i̯ĕ／ ǐen／j jen／d jiən／g rjin
上古音：「曰」ɡ i̯wăt／ɣ ǐwat／ɣ juăt／ɣ jwat／gw jat
上古音：「危」ŋ wia／ŋ ǐwai／ŋ jua／ŋ iwa／ngw jar","アイヌ語：貳負之臣曰危＝「ニ・アッ・ピル・アク・テュ・アク(ni-at-pir-ak-tu-ak)／テュ・エ・エン・キル・アッ・キル・アゥ(tu-e-en-kir-at-kir-aw)」
＝「棒（のように細長いもの）が・たくさんある・傷の（ように切り刻まれた）・弟（のように小さいもの）・峰の・弟／峰が・そこで・突き出ている・山脚が・たくさんある・山脚の・角、枝分かれ」","jomon2_bnum68.html"
"海内西経","疏属山","危與／貳負／殺窫窳","「貳負（じふ）の部下を危（き）という。危と貳負は、窫窳（あつゆ）を殺害した。そこで天帝は、（犯人である危を）疏属（そぞく）の山に監禁し、その右足に足枷（あしかせ）をはめ、両手と髪の毛を後ろ手に縛り上げて、山の上にある一本の木に縛りつけた。この場所は、開題（かいだい）の西北にある。」","陝西省楡林市綏徳県疏属山。","","上古音：「危」ŋ wia／ŋ ǐwai／ŋ jua／ŋ iwa／ngw jar
上古音：「與」z i̯o／ʎ ǐa／d jaɡ／r iaɣ／r agx
上古音：「貳」ȵ i̯ər／ȵ ǐei／ȵ jed／n jier／n jidh
上古音：「負」bʰ i̯ŭɡ／b ǐwə／bʰ juə̆ɡ／b jwəɣ／b jəgx
上古音：「殺」s ăd／- -／s æd／s riar／s riadh
上古音：「殺」s ăt／ʃ eat／s æt／s riat／s riat
上古音：「㝣」- -／- -／ʔ iæt／ʔ eat／· iat
上古音：「窳」- -／ʎ ǐwa／ɡ juaɡ／ɣr iwaɣ／gw rjagx","アイヌ語：危與／貳負／殺窫窳＝「キル・アゥ・テュ・アク(kir-aw-tu-ak)／ニ・アッ・ピル・アク(ni-at-pir-ak)／シル・アッ・イ・アッ・キル・アク(sir-at-i-at-kir-ak)」
＝「山脚・角、枝分かれの・峰の・弟（のように小さいもの）／棒（のように細長い峰）が・たくさんある・傷の（ように切り刻まれた）・弟／山が・たくさんある・それが・たくさんある・山脚の・弟」","jomon2_bnum68.html"
"海内西経","疏属山","疏属","「貳負（じふ）の部下を危（き）という。危と貳負は、窫窳（あつゆ）を殺害した。そこで天帝は、（犯人である危を）疏属（そぞく）の山に監禁し、その右足に足枷（あしかせ）をはめ、両手と髪の毛を後ろ手に縛り上げて、山の上にある一本の木に縛りつけた。この場所は、開題（かいだい）の西北にある。」","陝西省楡林市綏徳県疏属山。","","上古音：「疏」ʂ i̯o／ʃ ǐa／s aɡ／s iaɣ／s rjag
上古音：「屬」ȶ i̯uk／ȶ ǐwɔk／ȶ juk／t jewk／t juk","アイヌ語：疏属＝「シル・アク・テュク(sir-ak-tuk)」
＝「山の・弟の（ように小さい）・小山」","jomon2_bnum68.html"
"海内西経","疏属山","桎其右足","「貳負（じふ）の部下を危（き）という。危と貳負は、窫窳（あつゆ）を殺害した。そこで天帝は、（犯人である危を）疏属（そぞく）の山に監禁し、その右足に足枷（あしかせ）をはめ、両手と髪の毛を後ろ手に縛り上げて、山の上にある一本の木に縛りつけた。この場所は、開題（かいだい）の西北にある。」","陝西省楡林市綏徳県疏属山。","","上古音：「桎」ȶ i̯ĕt／ȶ ǐet／ȶ jet／t jiet／t jit
上古音：「其」ɡʰ i̯əɡ／g ǐə／ɡʰ jəɡ／ɡ iəɣ／g jəg
上古音：「其」k i̯əɡ／- -／k jəɡ／k iəɣ／k jəg
上古音：「右」ɡ i̯ŭɡ／ɣ ǐwə／ɣ juə̆ɡ／ɣ jwəɣ／gw jəgh
上古音：「足」ts i̯uk／ts ǐwɔk／ts juk／ts jewk／ts juk","アイヌ語：桎其右足＝「テュ・アッ・キル・アク・キル・アク・テュク(tu-at-kir-ak-kir-ak-tuk)」
＝「峰が・たくさんある・山脚の・弟（のように小さいもの）・山脚の・弟の・小山」","jomon2_bnum68.html"
"海内西経","疏属山","反縛／兩手與髮","「貳負（じふ）の部下を危（き）という。危と貳負は、窫窳（あつゆ）を殺害した。そこで天帝は、（犯人である危を）疏属（そぞく）の山に監禁し、その右足に足枷（あしかせ）をはめ、両手と髪の毛を後ろ手に縛り上げて、山の上にある一本の木に縛りつけた。この場所は、開題（かいだい）の西北にある。」","陝西省楡林市綏徳県疏属山。","","上古音：「反」p i̯wăn／p ǐwan／p juăn／p jwan／p janx
上古音：「縛」bʰ i̯wak／b ǐwak／bʰ juak／b jwak／b jak
上古音：「兩」 l i̯aŋ／l ǐaŋ／l jaŋ／l iaŋ／l jangx
上古音：「手」ɕ ／ɕ ǐu／ɕ jŏɡ／stʰ jəw／sth jəgwx
上古音：「與」z i̯o／ʎ ǐa／d jaɡ／r iaɣ／r agx
上古音：「髮」p i̯wăt／p ǐwat／p juăt／p jwat／p jat","アイヌ語：反縛／兩手與髮＝「ピル・アゥ・ウン・ピル・アク(pir-aw-un-pir-ak)／リ・アゥ・ウン・シル・アク・テュ・アク・ピル・アッ(ri-aw-un-sir-ak-tu-ak-pir-at)」
＝「傷の（ように切り刻まれた）・角、枝分かれ・にある・傷の・弟（のように小さいもの）／高い・角、枝分かれ・にある・山の・弟・峰の・弟の・傷が・たくさんある（ところ）」","jomon2_bnum68.html"
"海内西経","疏属山","繫之山上木","「貳負（じふ）の部下を危（き）という。危と貳負は、窫窳（あつゆ）を殺害した。そこで天帝は、（犯人である危を）疏属（そぞく）の山に監禁し、その右足に足枷（あしかせ）をはめ、両手と髪の毛を後ろ手に縛り上げて、山の上にある一本の木に縛りつけた。この場所は、開題（かいだい）の西北にある。」","陝西省楡林市綏徳県疏属山。","","上古音：「繫」k ieɡ／k ie／k ieɡ／k eɣ／k igh
上古音：「繫」ɡʰ ieɡ／- -／ɣ ieɡ／ɡ eɣ／g igh
上古音：「之」ȶ i̯əɡ／ȶ ǐə／ȶ jəɡ／t jiəɣ／t jəg
上古音：「山」s ăn／ʃ ean／- -／s rian／s rian
上古音：「上」ȡ i̯aŋ／ʑ ǐaŋ／ʑ jaŋ／d jaŋ／d jangh
上古音：「木」m uk／m ɔk／m ûk／m ewk／m uk","アイヌ語：繫之山上木＝「キル・アク・テュ・アク・シル・アゥ・ウン・テュ・アゥ・ウン・ム・ク(kir-ak-tu-ak-sir-aw-un-tu-aw-un-mu-ku)」
＝「山脚の・弟（のように小さいもの）・峰の・弟の・山の・角、枝分かれ・にある・峰の・角、枝分かれ・にある・塞がっている・矢（のように鋭い峰）」","jomon2_bnum68.html"
"海内西経","疏属山","開題","「貳負（じふ）の部下を危（き）という。危と貳負は、窫窳（あつゆ）を殺害した。そこで天帝は、（犯人である危を）疏属（そぞく）の山に監禁し、その右足に足枷（あしかせ）をはめ、両手と髪の毛を後ろ手に縛り上げて、山の上にある一本の木に縛りつけた。この場所は、開題（かいだい）の西北にある。」","陝西省楡林市綏徳県疏属山。","","上古音：「開」kʰ ər／kʰ əi／kʰ ə̂d／kʰ ər／kh əd
上古音：「題」dʰ ieɡ／d ie／dʰ ieɡ／d eɣ／d ig","アイヌ語：開題＝「ク・アッ・テュク(ku-at-tuk)」
＝「矢（のように鋭い峰）が・たくさんある・小山」
※アイヌ語「ク＝弓」。中国大陸、朝鮮半島では「ク＝矢」の可能性。サハリン、シベリアのニヴフ（ギリヤーク）語も「ク＝矢」。","jomon2_bnum68.html"
"海内西経","大澤","大澤","「（一辺が）百里四方ある大沢（たいたく／巨大な湖や湿地）があり、ここは多くの鳥たちが生まれ育ち、また羽を落とす（あるいは換毛・脱皮する）場所である。この大沢は鴈門（がんもん）の北にある。」","山西省代県雁門山（別名勾注山）の北。","","上古音：「大」tʰ ɑd, dʰ ɑd／d at／dʰ ɑd／d ar／d adh
上古音：「澤」dʰ ăk／d eak／dʰ ăk／d rak／d rak","アイヌ語：大澤＝「テュ・アッ・テュ・アク(tu-at-tu-ak)」
＝「峰が・たくさんある・峰の・弟（のように小さいもの）」","jomon2_bnum68.html"
"海内西経","大澤","群鳥／所生","「（一辺が）百里四方ある大沢（たいたく／巨大な湖や湿地）があり、ここは多くの鳥たちが生まれ育ち、また羽を落とす（あるいは換毛・脱皮する）場所である。この大沢は鴈門（がんもん）の北にある。」","山西省代県雁門山（別名勾注山）の北。","","上古音：「羣」ɡʰ i̯wən／g ǐwən／ɡʰ juə̆n／ɡ jwən／gw jiən
上古音：「鳥」t -／t iu／t ioɡ／t eəw／t iəgwx
上古音：「所」ʂ i̯o／ʃ ǐa／s aɡ／s iaɣ／sk rjagx
上古音：「生」s ĕŋ／ʃ eŋ／s ĕŋ／s reŋ／s ring","アイヌ語：群鳥／所生＝「キル・アゥ・ウン・テュ・アク(kir-aw-un-tu-ak)／シル・アク・シル・エ・エン(sir-ak-sir-e-en)」
＝「山脚の・角、枝分かれ・にある・峰の・弟（のように小さいもの）／山の・弟の・山が・そこで・突き出ている（ところ）」","jomon2_bnum68.html"
"海内西経","大澤","所解","「（一辺が）百里四方ある大沢（たいたく／巨大な湖や湿地）があり、ここは多くの鳥たちが生まれ育ち、また羽を落とす（あるいは換毛・脱皮する）場所である。この大沢は鴈門（がんもん）の北にある。」","山西省代県雁門山（別名勾注山）の北。","","上古音：「所」ʂ i̯o／ʃ ǐa／s aɡ／s iaɣ／sk rjagx
上古音：「解」k ĕɡ／k e／k eɡ／k reɣ／k righ
上古音：「解」ɡʰ ĕɡ／ɣ e／ɣ eɡ／ɡ reɣ／g righ","アイヌ語：所解＝「シル・アク・キル・アク(sir-ak-kir-ak)」
＝「山の・弟（のように小さいもの）・山脚の・弟」","jomon2_bnum68.html"
"海内西経","鴈門山","鴈門","「鴈門山（がんもんざん）があり、雁（ガン）の群れはその山と山の間から飛び立っていく。この山は高柳（こうりゅう）の北にある。」","山西省代県雁門山（別名勾注山）。","","上古音：「鴈」ŋ an／ŋ ean／ŋ an／ŋ ran／ng ranh
上古音：「門」m wən／m uən／m uə̂n／m wən／m ən","アイヌ語：鴈門＝「ク・アゥ・ウン・ム・アゥ・ウン(ku-aw-un-mu-aw-un)」
＝「矢の（ように鋭い）・角、枝分かれ・にある（ところ）・ふさがっている・角、枝分かれ・にある（ところ）」","jomon2_bnum68.html"
"海内西経","鴈門山","勾注","「鴈門山（がんもんざん）があり、雁（ガン）の群れはその山と山の間から飛び立っていく。この山は高柳（こうりゅう）の北にある。」","山西省代県雁門山（別名勾注山）。","","上古音：「勾」k u／k ɔ／k ûɡ／k ew／k ug
上古音：「注」ȶ i̯u／ȶ ǐwɔ／ȶ juɡ／t jew／t jugh","アイヌ語：勾注＝「ク・ク・テュ・アク(ku-ku-tu-ak)」
＝「矢の（ように鋭い）・矢の・峰の・弟（のように小さいもの）」","jomon2_bnum68.html"
"海内西経","鴈門山","鴈出／其間","「鴈門山（がんもんざん）があり、雁（ガン）の群れはその山と山の間から飛び立っていく。この山は高柳（こうりゅう）の北にある。」","山西省代県雁門山（別名勾注山）。","","上古音：「鴈」ŋ an／ŋ ean／ŋ an／ŋ ran／ng ranh
上古音：「出」ȶʰ i̯wəd／- -／ȶʰ juəd／- -／th jədh
上古音：「出」ȶʰ i̯wət／ȶʰ ǐwət／ȶʰ juət／tʰ jiwət／th jət
上古音：「其」ɡʰ i̯əɡ／g ǐə／ɡʰ jəɡ／ɡ iəɣ／g jəg
上古音：「其」k i̯əɡ／- -／k jəɡ／k iəɣ／k jəg
上古音：「間」k ăn／k ean／- -／k rian／k rian","アイヌ語：鴈出／其間＝「ク・アゥ・ウン・テュ・アッ(ku-aw-un-tu-at)／キル・アク・キル・アゥ・ウン(kir-ak-kir-aw-un)」
＝「矢の（ように鋭い）・角、枝分かれ・にある・峰が・たくさんある（ところ）／山脚の・弟の（ように小さい）・山脚の・角・枝分かれ・にある（ところ）」","jomon2_bnum68.html"
"海内西経","鴈門山","高柳","「鴈門山（がんもんざん）があり、雁（ガン）の群れはその山と山の間から飛び立っていく。この山は高柳（こうりゅう）の北にある。」","山西省代県雁門山（別名勾注山）。","","上古音：「高」k oɡ／k au／k ɔ̂ɡ／k aw／k agw
上古音：「柳」l -／l ǐu／l jŏɡ／l iəw／l jəgwx","アイヌ語：高柳＝「ク・アク・リ・アク(ku-ak-ri-ak)」
＝「矢の（ように鋭い）・弟（のように小さいもの）・高い・弟」
※アイヌ語「ク＝弓」。中国大陸、朝鮮半島では「ク＝矢」の可能性。サハリン、シベリアのニヴフ（ギリヤーク）語も「ク＝矢」。","jomon2_bnum68.html"
"海内西経","東胡","東胡","「東胡（とうこ）は大沢（たいたく）の東にある。」","大沢（山西省代県雁門山の北）の東。","","上古音：「東」t uŋ／t ɔŋ／t ûŋ／t ewŋ／t ung
上古音：「胡」ɡʰ o／ɣ a／ɣ ɑɡ／ɡ aɣ／g ag","アイヌ語：東胡＝「テュン・キル・アク(tun-kir-ak)」
＝「山間の・山脚の・弟（のように小さいもの）」","jomon2_bnum68.html"
"海内西経","夷人","夷人","「夷人（いじん）は東胡（とうこ）の東にある。」","東胡の東（山西省代県雁門山の北東）。","","上古音：「夷」d i̯ər／ʎ ǐei／d jed／r ier／r id
上古音：「人」ȵ i̯ĕn／ȵ ǐen／ȵ jen／n jien／n jin","アイヌ語：夷人＝「テュ・アッ・ニ・エ・エン(tu-at-ni-e-en)」
＝「峰が・たくさんある・棒（のように細長いもの）が・そこで・突き出ている（ところ）」","jomon2_bnum68.html"
"海内西経","貊国","貊","「貊国（ばくこく）は漢水（かんすい）の東北にある。その土地は燕（えん）の国に近く、燕によって滅ぼされた。」","漢水の東北。","","上古音：「貊」m ăk／m eak／m uăk／m rwak／m rak","アイヌ語：貊＝「ム・アク(mu-ak)」
＝「ふさがっている・弟（のように小さい峰）」","jomon2_bnum68.html"
"海内西経","貊国","漢水","「貊国（ばくこく）は漢水（かんすい）の東北にある。その土地は燕（えん）の国に近く、燕によって滅ぼされた。」","漢水の東北。","","上古音：「漢」x ɑn／h an／x ɑn／x an／h anh
上古音：「水」ɕ i̯wər／ɕ ǐwei／ç jued／stʰ jiwer／h rjidx","アイヌ語：漢水＝「シル・アゥ・ウン・シル・アッ(sir-aw-un-sir-at)」
＝「山の・角、枝分かれ・にある・山が・たくさんある（ところ）」","jomon2_bnum68.html"
"海内西経","孟鳥","孟鳥","「孟鳥（もうちょう）は貊国（ばくこく）の東北にある。その鳥の羽の模様は赤、黄、青（の三色）であり、東を向いて（あるいは東の方向を向いて止まって）いる。」","貊国の東北。","","上古音：「孟」m ăŋ／m eaŋ／m uăŋ／m rwaŋ／m rangh
上古音：「鳥」t -／t iu／t ioɡ／t eəw／t iəgwx","アイヌ語：孟鳥＝「ム・アゥ・ウン・テュ・アク(mu-aw-un-tu-ak)」
＝「ふさがっている・角、枝分かれ・にある・峰の・弟」","jomon2_bnum68.html"
"海内西経","孟鳥","鳥文赤黃青","「孟鳥（もうちょう）は貊国（ばくこく）の東北にある。その鳥の羽の模様は赤、黄、青（の三色）であり、東を向いて（あるいは東の方向を向いて止まって）いる。」","貊国の東北。","","上古音：「鳥」t -／t iu／t ioɡ／t eəw／t iəgwx
上古音：「文」m i̯wən／m ǐwən／m juə̆n／m jwən／m jən
上古音：「赤」ȶʰ i̯ăk／ȶʰ iak／cʰ jăk／tʰ jiak／kh rjiak
上古音：「黃」ɡʰ wɑŋ／ɣ uaŋ／ɣ uɑŋ／ɡ waŋ／gw ang
上古音：「青」tsʰ ieŋ／tsʰ ieŋ／tsʰ ieŋ／tsʰ eŋ／tsh ing","アイヌ語：鳥文赤黃青＝「テュ・アク・ムィ・アゥ・ウン(tu-ak-muy-aw-un)／テュ・アク・キル・アゥ・ウン(tu-ak-kir-aw-un)／テュ・エ・エン(tu-e-en)」
＝「峰の・弟の・頂の・角、枝分かれ・にある／峰の・弟の・山脚の・角、枝分かれ・にある／峰が・そこで・突き出ている（ところ）」","jomon2_bnum68.html"
"海内西経","孟鳥","東鄉","「孟鳥（もうちょう）は貊国（ばくこく）の東北にある。その鳥の羽の模様は赤、黄、青（の三色）であり、東を向いて（あるいは東の方向を向いて止まって）いる。」","貊国の東北。","","上古音：「東」t uŋ／t ɔŋ／t ûŋ／t ewŋ／t ung
上古音：「鄉」x i̯aŋ／h ǐaŋ／x jaŋ／x jaŋ／h jang","アイヌ語：東鄉＝「テュン・シル・アゥ・ウン(tun-sir-aw-un)」
＝「山間の・山の・角、枝分かれ・にある（ところ）」","jomon2_bnum68.html"
"海内西経","開明獣","崑崙之墟","「海内の崑崙（こんろん）の墟（おか／聖地）は西北にあり、天帝の地上における都（別荘）である。崑崙の墟は一辺が八百里四方あり、高さは一万仞（じん）もある。その上には木禾（ぼくか／巨木のような穀物）が生えており、長さは五尋（じん）、太さは五囲（い）もある。（崑崙の山体の）各面には九つの井戸があり、玉（ぎょく／美しい宝石）で手すりが作られている。また、各面には九つの門があり、その門は開明獣（かいめいじゅう）がこれを守っている。ここは数多くの神々（百神）が集まる場所である。（その場所は）八隅（はちぐう）の岩にあり、赤水（せきすい）のほとりである。仁徳ある（弓の名手である）羿（げい）でなければ、この岡の岩に登ることはできない。＜中略＞","孟鳥の東北。","","上古音：「昆」k wən／k uən／k uə̂n／k wən／kw ən
上古音：「侖」l i̯wən／l ǐwən／l juən／l iwən／l jən
上古音：「之」ȶ i̯əɡ／ȶ ǐə／ȶ jəɡ／t jiəɣ／t jəg
上古音：「墟」kʰ i̯o／kʰ ǐa／ - -／kʰ jaɣ／ - -","アイヌ語：崑崙之墟＝「ク・アゥ・ウン(ku-aw-un)／レル・アゥ・ウン・テュ・アク・キル・アク(rer-aw-un-tu-ak-kir-ak)」
＝「矢の（ように鋭い）・角、枝分かれ・にある／山陰、山向こうの・角、枝分かれ・にある・峰の・弟（のように小さいもの）・山脚の・弟」","jomon2_bnum68.html"
"海内西経","開明獣","高萬仞","「海内の崑崙（こんろん）の墟（おか／聖地）は西北にあり、天帝の地上における都（別荘）である。崑崙の墟は一辺が八百里四方あり、高さは一万仞（じん）もある。その上には木禾（ぼくか／巨木のような穀物）が生えており、長さは五尋（じん）、太さは五囲（い）もある。（崑崙の山体の）各面には九つの井戸があり、玉（ぎょく／美しい宝石）で手すりが作られている。また、各面には九つの門があり、その門は開明獣（かいめいじゅう）がこれを守っている。ここは数多くの神々（百神）が集まる場所である。（その場所は）八隅（はちぐう）の岩にあり、赤水（せきすい）のほとりである。仁徳ある（弓の名手である）羿（げい）でなければ、この岡の岩に登ることはできない。＜中略＞","孟鳥の東北。","","上古音：「高」k oɡ／k au／k ɔ̂ɡ／k aw／k agw
上古音：「萬」m i̯wăn／m ǐwan／m juăn／m jwan／m janh
上古音：「仞」ȵ i̯ən／ȵ ǐən／ȵ jən／n jiən／n jiənh","アイヌ語：高萬仞＝「ク・アク・ムィ・アゥ・ウン(ku-ak-muy-aw-un)／ニ・アゥ・ウン(ni-aw-un)」
＝「矢の（ように鋭い）・弟の（ように小さい）・頂の・角、枝分かれ・にある（ところ）／棒の（ように細長い）・角、枝分かれ・にある（ところ）」","jomon2_bnum68.html"
"海内西経","開明獣","上有木禾","「海内の崑崙（こんろん）の墟（おか／聖地）は西北にあり、天帝の地上における都（別荘）である。崑崙の墟は一辺が八百里四方あり、高さは一万仞（じん）もある。その上には木禾（ぼくか／巨木のような穀物）が生えており、長さは五尋（じん）、太さは五囲（い）もある。（崑崙の山体の）各面には九つの井戸があり、玉（ぎょく／美しい宝石）で手すりが作られている。また、各面には九つの門があり、その門は開明獣（かいめいじゅう）がこれを守っている。ここは数多くの神々（百神）が集まる場所である。（その場所は）八隅（はちぐう）の岩にあり、赤水（せきすい）のほとりである。仁徳ある（弓の名手である）羿（げい）でなければ、この岡の岩に登ることはできない。＜中略＞","孟鳥の東北。","","上古音：「上」ȡ i̯aŋ／ʑ ǐaŋ／ʑ jaŋ／d jaŋ／d jangh
上古音：「有」ɡ i̯ŭɡ／ɣ ǐwə／ɣ juə̆ɡ／ɣ jwəɣ／gw jəgx
上古音：「木」m uk／m ɔk／m ûk／m ewk／m uk
上古音：「禾」ɡʰ wɑ／ɣ uai／ɣ uɑ／ɡ wa／gw ar","アイヌ語：上有木禾＝「テュ・アゥ・ウン・キル・アク(tu-aw-un-kir-ak)／ム・ク・キル・アゥ(mu-ku-kir-aw)」
＝「峰の・角、枝分かれ・にある・山脚の・弟（のように小さいもの）／塞がっている・矢の（ように鋭い）・山脚の・角、枝分かれ」","jomon2_bnum68.html"
"海内西経","開明獣","長五尋","「海内の崑崙（こんろん）の墟（おか／聖地）は西北にあり、天帝の地上における都（別荘）である。崑崙の墟は一辺が八百里四方あり、高さは一万仞（じん）もある。その上には木禾（ぼくか／巨木のような穀物）が生えており、長さは五尋（じん）、太さは五囲（い）もある。（崑崙の山体の）各面には九つの井戸があり、玉（ぎょく／美しい宝石）で手すりが作られている。また、各面には九つの門があり、その門は開明獣（かいめいじゅう）がこれを守っている。ここは数多くの神々（百神）が集まる場所である。（その場所は）八隅（はちぐう）の岩にあり、赤水（せきすい）のほとりである。仁徳ある（弓の名手である）羿（げい）でなければ、この岡の岩に登ることはできない。＜中略＞","孟鳥の東北。","","上古音：「長」t i̯aŋ／t ǐaŋ／t jaŋ／t iaŋ／t rjangx
上古音：「長」dʰ i̯aŋ／d ǐaŋ／dʰ jaŋ／d iaŋ／d rjangh
上古音：「五」ŋ o／ŋ a／ŋ ɑɡ／ŋ aɣ／ng agx
上古音：「尋」dz i̯əm／z ǐəm／z jəm／r jiəm／r jəm","アイヌ語：長五尋＝「テュ・アゥ・ウン・キル・アク・リ・アム(tu-aw-un-kir-ak-ri-am)」
＝「峰の・角、枝分かれ・にある・山脚の・弟（のように小さいもの）・高い・爪（のように平べったく鋭いもの）」","jomon2_bnum68.html"
"海内西経","開明獣","大五圍","「海内の崑崙（こんろん）の墟（おか／聖地）は西北にあり、天帝の地上における都（別荘）である。崑崙の墟は一辺が八百里四方あり、高さは一万仞（じん）もある。その上には木禾（ぼくか／巨木のような穀物）が生えており、長さは五尋（じん）、太さは五囲（い）もある。（崑崙の山体の）各面には九つの井戸があり、玉（ぎょく／美しい宝石）で手すりが作られている。また、各面には九つの門があり、その門は開明獣（かいめいじゅう）がこれを守っている。ここは数多くの神々（百神）が集まる場所である。（その場所は）八隅（はちぐう）の岩にあり、赤水（せきすい）のほとりである。仁徳ある（弓の名手である）羿（げい）でなければ、この岡の岩に登ることはできない。＜中略＞","孟鳥の東北。","","上古音：「大」tʰ ɑd, dʰ ɑd／d at／dʰ ɑd／d ar／d adh
上古音：「五」ŋ o／ŋ a／ŋ ɑɡ／ŋ aɣ／ng agx
上古音：「圍」ɡ i̯wər／ɣ ǐwəi／ɣ juə̆d／ɣ jiwər／gw jəd","アイヌ語：大五圍＝「テュ・アッ・キル・アク・キル・アッ(tu-at-kir-ak-kir-at)」
＝「峰が・たくさんある・山脚の・弟の（ように小さい）・山脚が・たくさんある（ところ）」","jomon2_bnum68.html"
"海内西経","開明獣","面有九井","「海内の崑崙（こんろん）の墟（おか／聖地）は西北にあり、天帝の地上における都（別荘）である。崑崙の墟は一辺が八百里四方あり、高さは一万仞（じん）もある。その上には木禾（ぼくか／巨木のような穀物）が生えており、長さは五尋（じん）、太さは五囲（い）もある。（崑崙の山体の）各面には九つの井戸があり、玉（ぎょく／美しい宝石）で手すりが作られている。また、各面には九つの門があり、その門は開明獣（かいめいじゅう）がこれを守っている。ここは数多くの神々（百神）が集まる場所である。（その場所は）八隅（はちぐう）の岩にあり、赤水（せきすい）のほとりである。仁徳ある（弓の名手である）羿（げい）でなければ、この岡の岩に登ることはできない。＜中略＞","孟鳥の東北。","","上古音：「面」m i̯an／m ǐan／m juæn／m jiwan／m jianh
上古音：「有」ɡ i̯ŭɡ／ɣ ǐwə／ɣ juə̆ɡ／ɣ jwəɣ／gw jəgx
上古音：「九」k i̯ŭɡ／k ǐu／k jŏɡ／k jəw／k jəgwx
上古音：「井」- -／ts ǐeŋ／ts jeŋ／ts jieŋ／ts jingx","アイヌ語：面有九井＝「ムィ・アゥ・ウン・キル・アク・キル・アク・テュ・エ・エン(muy-aw-un-kir-ak-kir-ak-tu-e-en)」
＝「頂の・角、枝分かれ・にある・山脚の・弟（のように小さいもの）・山脚の・弟の・峰が・そこで・突き出ている（ところ）」","jomon2_bnum68.html"
"海内西経","開明獣","以玉為檻","「海内の崑崙（こんろん）の墟（おか／聖地）は西北にあり、天帝の地上における都（別荘）である。崑崙の墟は一辺が八百里四方あり、高さは一万仞（じん）もある。その上には木禾（ぼくか／巨木のような穀物）が生えており、長さは五尋（じん）、太さは五囲（い）もある。（崑崙の山体の）各面には九つの井戸があり、玉（ぎょく／美しい宝石）で手すりが作られている。また、各面には九つの門があり、その門は開明獣（かいめいじゅう）がこれを守っている。ここは数多くの神々（百神）が集まる場所である。（その場所は）八隅（はちぐう）の岩にあり、赤水（せきすい）のほとりである。仁徳ある（弓の名手である）羿（げい）でなければ、この岡の岩に登ることはできない。＜中略＞","孟鳥の東北。","","上古音：「以」z i̯əɡ／ʎ ǐə／d jəɡ／r iəɣ／r əgx
上古音：「玉」ŋ i̯uk／ŋ ǐwɔk／ŋ juk／ŋ jewk／ng juk
上古音：「為」ɡ wia／ɣ ǐwai／／ɣ iwa／gw jar
上古音：「檻」ɡʰl am,ɡʰl ɑm／ɣ eam／ɣ am／ɡ ram／g ramx","アイヌ語：以玉為檻＝「テュ・アク(tu-ak)／キル・ク(kir-ku)／キル・アゥ(kir-aw)／キル・アム(kir-am)」
＝「峰の・弟（のように小さいもの）／山脚の・矢（のように鋭いもの）／山脚の・角、枝分かれ／山脚の・爪（のように平べったく鋭い峰）」","jomon2_bnum68.html"
"海内西経","開明獣","面有九門","「海内の崑崙（こんろん）の墟（おか／聖地）は西北にあり、天帝の地上における都（別荘）である。崑崙の墟は一辺が八百里四方あり、高さは一万仞（じん）もある。その上には木禾（ぼくか／巨木のような穀物）が生えており、長さは五尋（じん）、太さは五囲（い）もある。（崑崙の山体の）各面には九つの井戸があり、玉（ぎょく／美しい宝石）で手すりが作られている。また、各面には九つの門があり、その門は開明獣（かいめいじゅう）がこれを守っている。ここは数多くの神々（百神）が集まる場所である。（その場所は）八隅（はちぐう）の岩にあり、赤水（せきすい）のほとりである。仁徳ある（弓の名手である）羿（げい）でなければ、この岡の岩に登ることはできない。＜中略＞","孟鳥の東北。","","上古音：「面」m i̯an／m ǐan／m juæn／m jiwan／m jianh
上古音：「有」ɡ i̯ŭɡ／ɣ ǐwə／ɣ juə̆ɡ／ɣ jwəɣ／gw jəgx
上古音：「九」k i̯ŭɡ／k ǐu／k jŏɡ／k jəw／k jəgwx
上古音：「門」m wən／m uən／m uə̂n／m wən／m ən","アイヌ語：面有九門＝「ムィ・アゥ・ウン・キル・アク・キル・アク・ム・アゥ・ウン(muy-aw-un-kir-ak-kir-ak-mu-aw-un)」
＝「頂の・角、枝分かれ・にある・山脚の・弟（のように小さいもの）・山脚の・弟の・塞がっている・角、枝分かれ・にある（ところ）」","jomon2_bnum68.html"
"海内西経","開明獣","開明獣","「海内の崑崙（こんろん）の墟（おか／聖地）は西北にあり、天帝の地上における都（別荘）である。崑崙の墟は一辺が八百里四方あり、高さは一万仞（じん）もある。その上には木禾（ぼくか／巨木のような穀物）が生えており、長さは五尋（じん）、太さは五囲（い）もある。（崑崙の山体の）各面には九つの井戸があり、玉（ぎょく／美しい宝石）で手すりが作られている。また、各面には九つの門があり、その門は開明獣（かいめいじゅう）がこれを守っている。ここは数多くの神々（百神）が集まる場所である。（その場所は）八隅（はちぐう）の岩にあり、赤水（せきすい）のほとりである。仁徳ある（弓の名手である）羿（げい）でなければ、この岡の岩に登ることはできない。＜中略＞","孟鳥の東北。","","上古音：「開」kʰ ər／kʰ əi／kʰ ə̂d／kʰ ər／kh əd
上古音：「明」m i̯ăŋ／m iaŋ／m juăŋ／m iwaŋ／m jiang
上古音：「獸」ɕ -／ɕ ǐu／ç jŏɡ／stʰ jəw／h rjəgwh","アイヌ語：開明獣＝「ク・アッ・ムィ・アゥ・ウン・シル・アク(ku-at-muy-aw-un-sir-ak)」
＝「矢（のように鋭い峰）が・たくさんある・頂の・角、枝分かれ・にある・山の・弟（のように小さいもの）」","jomon2_bnum68.html"
"海内西経","開明獣","身大類虎而九首","「海内の崑崙（こんろん）の墟（おか／聖地）は西北にあり、天帝の地上における都（別荘）である。崑崙の墟は一辺が八百里四方あり、高さは一万仞（じん）もある。その上には木禾（ぼくか／巨木のような穀物）が生えており、長さは五尋（じん）、太さは五囲（い）もある。（崑崙の山体の）各面には九つの井戸があり、玉（ぎょく／美しい宝石）で手すりが作られている。また、各面には九つの門があり、その門は開明獣（かいめいじゅう）がこれを守っている。ここは数多くの神々（百神）が集まる場所である。（その場所は）八隅（はちぐう）の岩にあり、赤水（せきすい）のほとりである。仁徳ある（弓の名手である）羿（げい）でなければ、この岡の岩に登ることはできない。＜中略＞","孟鳥の東北。","","上古音：「身」ɕ i̯ĕn／ɕ ǐen／ɕ jen／stʰ jien／sth jin
上古音：「大」tʰ ɑd, dʰ ɑd／d at／dʰ ɑd／d ar／d adh
上古音：「類」l i̯wəd／l ǐwəi／l juəd／l iwər／l jədh
上古音：「虎」x o／h a／x ɑɡ／x aɣ／h agx
上古音：「而」ȵ i̯əɡ／ȵ ǐə／ȵ jəɡ／n jiəɣ／n jəg
上古音：「九」k i̯ŭɡ／k ǐu／k jŏɡ／k jəw／k jəgwx
上古音：「首」ɕ／ɕ ǐu／ç jŏɡ／stʰ jəw／h rjəgwx","アイヌ語：身大類虎而九首＝「シル・エ・エン・テュ・アッ(sir-e-en-tu-at)／リ・アゥ・アッ(ri-aw-at)／シル・アク(sir-ak)／ニ・アク(ni-ak)／キル・アク(kir-ak)／シル・アク(sir-ak)」
＝「山が・そこで・突き出ている・峰が・たくさんある／高い・角、枝分かれが・たくさんある／山の・弟（のように小さいもの）／棒の（ように細長い）・弟／山脚の・弟／山の・弟」","jomon2_bnum68.html"
"海内西経","開明獣","人面","「海内の崑崙（こんろん）の墟（おか／聖地）は西北にあり、天帝の地上における都（別荘）である。崑崙の墟は一辺が八百里四方あり、高さは一万仞（じん）もある。その上には木禾（ぼくか／巨木のような穀物）が生えており、長さは五尋（じん）、太さは五囲（い）もある。（崑崙の山体の）各面には九つの井戸があり、玉（ぎょく／美しい宝石）で手すりが作られている。また、各面には九つの門があり、その門は開明獣（かいめいじゅう）がこれを守っている。ここは数多くの神々（百神）が集まる場所である。（その場所は）八隅（はちぐう）の岩にあり、赤水（せきすい）のほとりである。仁徳ある（弓の名手である）羿（げい）でなければ、この岡の岩に登ることはできない。＜中略＞","孟鳥の東北。","","上古音：「人」ȵ i̯ĕn／ȵ ǐen／ȵ jen／n jien／n jin
上古音：「面」m i̯an／m ǐan／m juæn／m jiwan／m jianh","アイヌ語：人面＝「ニ・エ・エン・ムィ・アゥ・ウン(ni-e-en-muy-aw-un)」
＝「棒（のように細長い峰）が・そこで・突き出ている・頂の・角、枝分かれ・にある（ところ）」","jomon2_bnum68.html"
"海内西経","開明獣","東嚮立／崑／崙／上","「海内の崑崙（こんろん）の墟（おか／聖地）は西北にあり、天帝の地上における都（別荘）である。崑崙の墟は一辺が八百里四方あり、高さは一万仞（じん）もある。その上には木禾（ぼくか／巨木のような穀物）が生えており、長さは五尋（じん）、太さは五囲（い）もある。（崑崙の山体の）各面には九つの井戸があり、玉（ぎょく／美しい宝石）で手すりが作られている。また、各面には九つの門があり、その門は開明獣（かいめいじゅう）がこれを守っている。ここは数多くの神々（百神）が集まる場所である。（その場所は）八隅（はちぐう）の岩にあり、赤水（せきすい）のほとりである。仁徳ある（弓の名手である）羿（げい）でなければ、この岡の岩に登ることはできない。＜中略＞","孟鳥の東北。","","上古音：「東」t uŋ／t ɔŋ／t ûŋ／t ewŋ／t ung
上古音：「嚮」x i̯aŋ／- -／- -／x jaŋ／- -
上古音：「立」ɡl i̯əp／l ǐəp／l jəp／l iəp／gl jəp
上古音：「昆」k wən／k uən／k uə̂n／k wən／kw ən
上古音：「侖」l i̯wən／l ǐwən／l juən／l iwən／l jən
上古音：「上」ȡ i̯aŋ／ʑ ǐaŋ／ʑ jaŋ／d jaŋ／d jangh","アイヌ語：東嚮立／崑／崙／上＝「テュン・シル・アゥ・ウン・レル・アプ(tun-sir-aw-un-rer-ap)／ク・アゥ・ウン(ku-aw-un)／レル・アゥ・ウン(rer-aw-un)／テュ・アゥ・ウン(tu-aw-un)」
＝「山間の・山の・角、枝分かれ・にある・山陰、山向こうの・釣り針（のように曲がったもの）／矢の（ように鋭い）・角、枝分かれ・にある（ところ）／山陰、山向こうの・角、枝分かれ・にある（ところ）／峰の・角、枝分かれ・にある（ところ）」
※アイヌ語「ク＝弓」。中国大陸、朝鮮半島では「ク＝矢」の可能性。サハリン、シベリアのニヴフ（ギリヤーク）語も「ク＝矢」。","jomon2_bnum68.html"
"海内西経","鳳凰、鸞鳥","鳳凰","「開明の西に鳳凰（ほうおう）と鸞鳥（らんちょう）がいる。これらの鳥は、みな頭に蛇を載せ、足で蛇を踏みつけており、その胸（の模様や飾り）には赤い蛇がある。」","開明の西。","","上古音：「鳳」bʰ i̯ŭm／b ǐwəm／- -／b jwəm／- -
上古音：「凰」ɡʰ wɑŋ／ɣ uaŋ／- -／ɡ waŋ／- -","アイヌ語：鳳凰＝「ピル・アム・キル・アゥ・ウン(pir-am-kir-aw-un)」
＝「傷の（ように切り刻まれた）・爪の（ように平べったく鋭い）・山脚の・角、枝分かれ・にある（ところ）」","jomon2_bnum68.html"
"海内西経","鳳凰、鸞鳥","鸞鳥","「開明の西に鳳凰（ほうおう）と鸞鳥（らんちょう）がいる。これらの鳥は、みな頭に蛇を載せ、足で蛇を踏みつけており、その胸（の模様や飾り）には赤い蛇がある。」","開明の西。","","上古音：「鸞」bl wɑn／l uan／l uɑn／l wan／bl an
上古音：「鳥」t -／t iu／t ioɡ／t eəw／t iəgwx","アイヌ語：鸞鳥＝「ル・アゥ・ウン・テュ・アク(ru-aw-un-tu-ak)」
＝「消えかかっている・角、枝分かれ・にある・峰の・弟（のように小さいもの）」","jomon2_bnum68.html"
"海内西経","鳳凰、鸞鳥","戴蛇踐蛇","「開明の西に鳳凰（ほうおう）と鸞鳥（らんちょう）がいる。これらの鳥は、みな頭に蛇を載せ、足で蛇を踏みつけており、その胸（の模様や飾り）には赤い蛇がある。」","開明の西。","","上古音：「戴」t əɡ／t ə／t ə̂ɡ／t əɣ／t əgh
上古音：「蛇」d ia／ʎ ǐai／d ja／r ia／r ar
上古音：「蛇」- -／- -／tʰ ɑ／tʰ a／th ar
上古音：「踐」dzʰ i̯an／dz ǐan／- -／dz jian／- -","アイヌ語：戴蛇踐蛇＝「タク・テュ・アゥ・テュ・アゥ・ウン(tak-tu-aw-tu-aw-un)」
＝「石の・峰の・角、枝分かれ・峰の・角、枝分かれ・にある（ところ）」","jomon2_bnum68.html"
"海内西経","鳳凰、鸞鳥","膺有赤蛇","「開明の西に鳳凰（ほうおう）と鸞鳥（らんちょう）がいる。これらの鳥は、みな頭に蛇を載せ、足で蛇を踏みつけており、その胸（の模様や飾り）には赤い蛇がある。」","開明の北。","","上古音：「膺」ʔ i̯əŋ／0 ǐəŋ／ʔ jəŋ／ʔ iəŋ／· jəng
上古音：「有」ɡ i̯ŭɡ／ɣ ǐwə／ɣ juə̆ɡ／ɣ jwəɣ／gw jəgx
上古音：「赤」ȶʰ i̯ăk／ȶʰ iak／cʰ jăk／tʰ jiak／kh rjiak
上古音：「蛇」d ia／ʎ ǐai／d ja／r ia／r ar
上古音：「蛇」- -／- -／tʰ ɑ／tʰ a／th ar","アイヌ語：膺有赤蛇＝「イ・アゥ・ウン・キル・アク・テュ・アク・テュ・アゥ(i-aw-un-kir-ak-tu-ak-tu-aw)」
＝「その・角、枝分かれ・にある・山脚の・弟（のように小さいもの）・峰の・弟・峰の・角、枝分かれ」","jomon2_bnum68.html"
"海内西経","鳳凰、鸞鳥","珠樹","「開明の北には、視肉（しにく）、珠樹（しゅじゅ）、文玉樹（ぶんぎょくじゅ）、玗琪樹（うきじゅ）、不死樹がある。鳳凰や鸞鳥は、みな（頭や体に）盾（あるいは「卵」や「冠」などの装飾物）を載せている。また、離朱（りしゅ）、木禾（ぼくか）、柏樹（はくじゅ）、甘水（かんすい）、聖木（せいぼく）、曼兌（まんだい）がある。曼兌は、一説には「挺木」あるいは「牙交」ともいう。」","開明の北。","","上古音：「珠」ȶ i̯u／ȶ ǐwɔ／ȶ juɡ／t jew／t jug
上古音：「樹」ȡ i̯u／ʑ ǐwɔ／ʑ juɡ／d jew／d jugh","アイヌ語：珠樹＝「テュク・テュク(tuk-tuk)」
＝「小山・小山」","jomon2_bnum68.html"
"海内西経","鳳凰、鸞鳥","文玉樹","「開明の北には、視肉（しにく）、珠樹（しゅじゅ）、文玉樹（ぶんぎょくじゅ）、玗琪樹（うきじゅ）、不死樹がある。鳳凰や鸞鳥は、みな（頭や体に）盾（あるいは「卵」や「冠」などの装飾物）を載せている。また、離朱（りしゅ）、木禾（ぼくか）、柏樹（はくじゅ）、甘水（かんすい）、聖木（せいぼく）、曼兌（まんだい）がある。曼兌は、一説には「挺木」あるいは「牙交」ともいう。」","開明の北。","","上古音：「文」m i̯wən／m ǐwən／m juə̆n／m jwən／m jənｓ
上古音：「玉」ŋ i̯uk／ŋ ǐwɔk／ŋ juk／ŋ jewk／ng juk
上古音：「樹」ȡ i̯u／ʑ ǐwɔ／ʑ juɡ／d jew／d jugh","アイヌ語：文玉樹＝「ムィ・アゥ・ウン・キル・ク・テュク(muy-aw-un-kir-ku-tuk)」
＝「頂の・角、枝分かれ・にある・山脚の・矢の（ように鋭い）・小山」","jomon2_bnum68.html"
"海内西経","鳳凰、鸞鳥","玗琪樹","「開明の北には、視肉（しにく）、珠樹（しゅじゅ）、文玉樹（ぶんぎょくじゅ）、玗琪樹（うきじゅ）、不死樹がある。鳳凰や鸞鳥は、みな（頭や体に）盾（あるいは「卵」や「冠」などの装飾物）を載せている。また、離朱（りしゅ）、木禾（ぼくか）、柏樹（はくじゅ）、甘水（かんすい）、聖木（せいぼく）、曼兌（まんだい）がある。曼兌は、一説には「挺木」あるいは「牙交」ともいう。」","開明の北。","","上古音：「玗」ɡ i̯wo／- -／ɣ juaɡ／ɣ jwaɣ／gw jag
上古音：「琪」ɡʰ i̯əɡ／g ǐə／- -／ɡ iəɣ／- -
上古音：「樹」ȡ i̯u／ʑ ǐwɔ／ʑ juɡ／d jew／d jugh","アイヌ語：玗琪樹＝「キル・アク・キル・アク・テュク(kir-ak-kir-ak-tuk)」
＝「山脚の・弟（のように小さい）・山脚の・弟の・小山」","jomon2_bnum68.html"
"海内西経","鳳凰、鸞鳥","不死樹","「開明の北には、視肉（しにく）、珠樹（しゅじゅ）、文玉樹（ぶんぎょくじゅ）、玗琪樹（うきじゅ）、不死樹がある。鳳凰や鸞鳥は、みな（頭や体に）盾（あるいは「卵」や「冠」などの装飾物）を載せている。また、離朱（りしゅ）、木禾（ぼくか）、柏樹（はくじゅ）、甘水（かんすい）、聖木（せいぼく）、曼兌（まんだい）がある。曼兌は、一説には「挺木」あるいは「牙交」ともいう。」","開明の北。","","上古音：「不」p i̯ŭɡ／p ǐwə／p juə̆ɡ／p jwəɣ／p jəgx
上古音：「不」- -／- -／tʰ jŏɡ／tʰ iəw／th jəgwh
上古音：「死」s i̯ər／s ǐei／s jed／s jier／s jidx
上古音：「樹」ȡ i̯u／ʑ ǐwɔ／ʑ juɡ／d jew／d jugh","アイヌ語：不死樹＝「ピル・アク・シル・アッ・テュク(pir-ak-sir-at-tuk)」
＝「傷の（ように切り刻まれた）・弟の（ように小さい）・山が・たくさんある・小山」","jomon2_bnum68.html"
"海内西経","鳳凰、鸞鳥","載瞂","「開明の北には、視肉（しにく）、珠樹（しゅじゅ）、文玉樹（ぶんぎょくじゅ）、玗琪樹（うきじゅ）、不死樹がある。鳳凰や鸞鳥は、みな（頭や体に）盾（あるいは「卵」や「冠」などの装飾物）を載せている。また、離朱（りしゅ）、木禾（ぼくか）、柏樹（はくじゅ）、甘水（かんすい）、聖木（せいぼく）、曼兌（まんだい）がある。曼兌は、一説には「挺木」あるいは「牙交」ともいう。」","開明の北。","","上古音：「載」ts əɡ／ts ə／ts ə̂ɡ／ts əɣ／ts əgx
上古音：「載」dzʰ əɡ／dz ə／dzʰ ə̂ɡ／dz əɣ／dz əgh
上古音：「瞂」bʰ i̯wăt／- -／bʰ juăt／b jwat／b jat","アイヌ語：載瞂＝「テュ・アク・ピル・アッ(tu-ak-pir-at)」
＝「峰の・弟の（ように小さい）・傷（のように切り刻まれたもの）が・たくさんある（ところ）」","jomon2_bnum68.html"
"海内西経","鳳凰、鸞鳥","離朱","「開明の北には、視肉（しにく）、珠樹（しゅじゅ）、文玉樹（ぶんぎょくじゅ）、玗琪樹（うきじゅ）、不死樹がある。鳳凰や鸞鳥は、みな（頭や体に）盾（あるいは「卵」や「冠」などの装飾物）を載せている。また、離朱（りしゅ）、木禾（ぼくか）、柏樹（はくじゅ）、甘水（かんすい）、聖木（せいぼく）、曼兌（まんだい）がある。曼兌は、一説には「挺木」あるいは「牙交」ともいう。」","開明の北。","","上古音：「離」l ia／l ǐai／l ja／l ia／l jiarh
上古音：「朱」ȶ i̯u／ȶ ǐwɔ／ȶ juɡ／t jew／t jug","アイヌ語：離朱＝「リ・アゥ・テュク(ri-aw-tuk)」
＝「高い・角、枝分かれの・小山」","jomon2_bnum68.html"
"海内西経","鳳凰、鸞鳥","木禾","「開明の北には、視肉（しにく）、珠樹（しゅじゅ）、文玉樹（ぶんぎょくじゅ）、玗琪樹（うきじゅ）、不死樹がある。鳳凰や鸞鳥は、みな（頭や体に）盾（あるいは「卵」や「冠」などの装飾物）を載せている。また、離朱（りしゅ）、木禾（ぼくか）、柏樹（はくじゅ）、甘水（かんすい）、聖木（せいぼく）、曼兌（まんだい）がある。曼兌は、一説には「挺木」あるいは「牙交」ともいう。」","開明の北。","","上古音：「木」m uk／m ɔk／m ûk／m ewk／m uk
上古音：「禾」ɡʰ wɑ／ɣ uai／ɣ uɑ／ɡ wa／gw ar","アイヌ語：木禾＝「ム・ク・キル・アゥ(mu-ku-kir-aw)」
＝「塞がっている・矢の（ように鋭い）・山脚の・角、枝分かれ」","jomon2_bnum68.html"
"海内西経","鳳凰、鸞鳥","柏樹","「開明の北には、視肉（しにく）、珠樹（しゅじゅ）、文玉樹（ぶんぎょくじゅ）、玗琪樹（うきじゅ）、不死樹がある。鳳凰や鸞鳥は、みな（頭や体に）盾（あるいは「卵」や「冠」などの装飾物）を載せている。また、離朱（りしゅ）、木禾（ぼくか）、柏樹（はくじゅ）、甘水（かんすい）、聖木（せいぼく）、曼兌（まんだい）がある。曼兌は、一説には「挺木」あるいは「牙交」ともいう。」","開明の北。","","上古音：「柏」p ăk／p eak／p uăk／p rwak／p rak
上古音：「樹」ȡ i̯u／ʑ ǐwɔ／ʑ juɡ／d jew／d jugh","アイヌ語：柏樹＝「プ・アク・テュク(pu-ak-tuk)」
＝「倉の（屋根のような三角山の）・弟（のように小さい）・小山」","jomon2_bnum68.html"
"海内西経","鳳凰、鸞鳥","甘水","「開明の北には、視肉（しにく）、珠樹（しゅじゅ）、文玉樹（ぶんぎょくじゅ）、玗琪樹（うきじゅ）、不死樹がある。鳳凰や鸞鳥は、みな（頭や体に）盾（あるいは「卵」や「冠」などの装飾物）を載せている。また、離朱（りしゅ）、木禾（ぼくか）、柏樹（はくじゅ）、甘水（かんすい）、聖木（せいぼく）、曼兌（まんだい）がある。曼兌は、一説には「挺木」あるいは「牙交」ともいう。」","開明の北。","","上古音：「甘」k ɑm／k am／k ɑm／k am／k am
上古音：「水」ɕ i̯wər／ɕ ǐwei／ç jued／stʰ jiwer／h rjidx","アイヌ語：甘水＝「ク・アム・シル・アッ(ku-am-sir-at)」
＝「矢の（ように鋭い）・爪の（ように平べったく鋭い）・山が・たくさんある（ところ）」","jomon2_bnum68.html"
"海内西経","鳳凰、鸞鳥","聖木","「開明の北には、視肉（しにく）、珠樹（しゅじゅ）、文玉樹（ぶんぎょくじゅ）、玗琪樹（うきじゅ）、不死樹がある。鳳凰や鸞鳥は、みな（頭や体に）盾（あるいは「卵」や「冠」などの装飾物）を載せている。また、離朱（りしゅ）、木禾（ぼくか）、柏樹（はくじゅ）、甘水（かんすい）、聖木（せいぼく）、曼兌（まんだい）がある。曼兌は、一説には「挺木」あるいは「牙交」ともいう。」","開明の北。","","上古音：「聖」ɕ i̯ĕŋ／ɕ ǐeŋ／ɕ jeŋ／stʰ jieŋ／sth jingh
上古音：「木」m uk／m ɔk／m ûk／m ewk／m uk","アイヌ語：聖木＝「シル・ク・ム・ク(sir-ku-mu-ku)」
＝「山の・矢（のように鋭いもの）・塞がっている・矢」","jomon2_bnum68.html"
"海内西経","鳳凰、鸞鳥","曼兌","「開明の北には、視肉（しにく）、珠樹（しゅじゅ）、文玉樹（ぶんぎょくじゅ）、玗琪樹（うきじゅ）、不死樹がある。鳳凰や鸞鳥は、みな（頭や体に）盾（あるいは「卵」や「冠」などの装飾物）を載せている。また、離朱（りしゅ）、木禾（ぼくか）、柏樹（はくじゅ）、甘水（かんすい）、聖木（せいぼく）、曼兌（まんだい）がある。曼兌は、一説には「挺木」あるいは「牙交」ともいう。」","開明の北。","","上古音：「曼」m i̯wăn／m ǐwan／m juăn／m jwan／m janh
上古音：「兌」dʰ wɑd／d uat／dʰ uɑd／d war／d uadh","アイヌ語：曼兌＝「ムィ・アゥ・ウン・テュ・アッ(muy-aw-un-tu-at)」
＝「頂の・角、枝分かれ・にある・峰が・たくさんある（ところ）」","jomon2_bnum68.html"
"海内西経","鳳凰、鸞鳥","挺木／牙交","「開明の北には、視肉（しにく）、珠樹（しゅじゅ）、文玉樹（ぶんぎょくじゅ）、玗琪樹（うきじゅ）、不死樹がある。鳳凰や鸞鳥は、みな（頭や体に）盾（あるいは「卵」や「冠」などの装飾物）を載せている。また、離朱（りしゅ）、木禾（ぼくか）、柏樹（はくじゅ）、甘水（かんすい）、聖木（せいぼく）、曼兌（まんだい）がある。曼兌は、一説には「挺木」あるいは「牙交」ともいう。」","開明の北。","","上古音：「挺」dʰ ieŋ／d ieŋ／dʰ ieŋ／d eŋ／d ingx
上古音：「木」m uk／m ɔk／m ûk／m ewk／m uk
上古音：「牙」ŋ ɔ／ŋ ea／ŋ ăɡ／ŋ raɣ／ng rag
随唐音：「交」k au／k au／k au／k au／k au／k ɔu","アイヌ語：挺木／牙交＝「テュ・エ・エン・ム・ク(tu-e-en-mu-ku)／キル・アク・ク・アゥ(kir-ak-ku-aw)」
＝「峰が・そこで・突き出ている・塞がっている・矢（のように鋭いもの）／山脚の・弟の（ように小さい）・矢の・角、枝分かれ」
※アイヌ語「ク＝弓」。中国大陸、朝鮮半島では「ク＝矢」の可能性。サハリン、シベリアのニヴフ（ギリヤーク）語も「ク＝矢」。","jomon2_bnum68.html"
"海内西経","巫彭、巫抵、巫陽、巫履、巫凡、巫相、服常樹、琅玕樹","巫彭","「開明の東に、巫彭（ふほう）、巫抵（ふてい）、巫陽（ふよう）、巫履（ふり）、巫凡（ふぼん）、巫相（ふしょう）という（六人の神聖な）霊媒・医術の神（霊山十巫の一部）がいる。彼らは窫窳（あつゆ）の遺体を挟んで囲み、みな不死の薬を手にして、死（あるいは腐敗）を防ごうとしている。この窫窳（あつゆ）という者は、蛇の体に人間の顔をしており、かつて（神である）貳負（じふ）の部下によって殺された者である。（この場所には）服常（ふくじょう）の樹があり、その上には三つの頭を持つ人間（三頭人）がいて、琅玕（ろうかん／青く美しい玉のなる伝説の樹木）の樹をじっと見張っている。」","開明の東。","","上古音：「巫」m i̯wo／m ǐwa／m juaɡ／m jwaɣ／m jag
上古音：「彭」bʰ ăŋ／b eaŋ／bʰ uăŋ／b rwaŋ／b rang","アイヌ語：巫彭＝「ムィ・アク・プ・アゥ・ウン(muy-ak-pu-aw-un)」
＝「頂の・弟の（ように小さい）・倉の（屋根のような三角山の）・角、枝分かれ・にある（ところ）」","jomon2_bnum68.html"
"海内西経","巫彭、巫抵、巫陽、巫履、巫凡、巫相、服常樹、琅玕樹","巫抵","「開明の東に、巫彭（ふほう）、巫抵（ふてい）、巫陽（ふよう）、巫履（ふり）、巫凡（ふぼん）、巫相（ふしょう）という（六人の神聖な）霊媒・医術の神（霊山十巫の一部）がいる。彼らは窫窳（あつゆ）の遺体を挟んで囲み、みな不死の薬を手にして、死（あるいは腐敗）を防ごうとしている。この窫窳（あつゆ）という者は、蛇の体に人間の顔をしており、かつて（神である）貳負（じふ）の部下によって殺された者である。（この場所には）服常（ふくじょう）の樹があり、その上には三つの頭を持つ人間（三頭人）がいて、琅玕（ろうかん／青く美しい玉のなる伝説の樹木）の樹をじっと見張っている。」","開明の東。","","上古音：「巫」m i̯wo／m ǐwa／m juaɡ／m jwaɣ／m jag
上古音：「抵」t iər／t iei／t ied／t er／t idx","アイヌ語：巫抵＝「ムィ・アク・テュ・アッ(muy-ak-tu-at)」
＝「頂の・弟の（ように小さい）・峰が・たくさんある（ところ）」","jomon2_bnum68.html"
"海内西経","巫彭、巫抵、巫陽、巫履、巫凡、巫相、服常樹、琅玕樹","巫陽","「開明の東に、巫彭（ふほう）、巫抵（ふてい）、巫陽（ふよう）、巫履（ふり）、巫凡（ふぼん）、巫相（ふしょう）という（六人の神聖な）霊媒・医術の神（霊山十巫の一部）がいる。彼らは窫窳（あつゆ）の遺体を挟んで囲み、みな不死の薬を手にして、死（あるいは腐敗）を防ごうとしている。この窫窳（あつゆ）という者は、蛇の体に人間の顔をしており、かつて（神である）貳負（じふ）の部下によって殺された者である。（この場所には）服常（ふくじょう）の樹があり、その上には三つの頭を持つ人間（三頭人）がいて、琅玕（ろうかん／青く美しい玉のなる伝説の樹木）の樹をじっと見張っている。」","開明の東。","","上古音：「巫」m i̯wo／m ǐwa／m juaɡ／m jwaɣ／m jag
上古音：「陽」d i̯aŋ／ʎ ǐaŋ／d jaŋ／r iaŋ／r ang","アイヌ語：巫陽＝「ムィ・アク・テュ・アゥ・ウン(muy-ak-tu-aw-un)」
＝「頂の・弟の（ように小さい）・峰の・角、枝分かれ・にある（ところ）」
or「ムィ・アク・リ・アゥ・ウン(muy-ak-ri-aw-un)」
＝「頂の・弟の（ように小さい）・高い・角、枝分かれ・にある（ところ）」","jomon2_bnum68.html"
"海内西経","巫彭、巫抵、巫陽、巫履、巫凡、巫相、服常樹、琅玕樹","巫履","「開明の東に、巫彭（ふほう）、巫抵（ふてい）、巫陽（ふよう）、巫履（ふり）、巫凡（ふぼん）、巫相（ふしょう）という（六人の神聖な）霊媒・医術の神（霊山十巫の一部）がいる。彼らは窫窳（あつゆ）の遺体を挟んで囲み、みな不死の薬を手にして、死（あるいは腐敗）を防ごうとしている。この窫窳（あつゆ）という者は、蛇の体に人間の顔をしており、かつて（神である）貳負（じふ）の部下によって殺された者である。（この場所には）服常（ふくじょう）の樹があり、その上には三つの頭を持つ人間（三頭人）がいて、琅玕（ろうかん／青く美しい玉のなる伝説の樹木）の樹をじっと見張っている。」","開明の東。","","上古音：「巫」m i̯wo／m ǐwa／m juaɡ／m jwaɣ／m jag
上古音：「履」l i̯ər／l ǐei／l jed／l ier／l jidx","アイヌ語：巫履＝「ムィ・アク・リ・アッ(muy-ak-ri-at)」
＝「頂の・弟の（ように小さい）・高い（ところが）・たくさんある（ところ）」","jomon2_bnum68.html"
"海内西経","巫彭、巫抵、巫陽、巫履、巫凡、巫相、服常樹、琅玕樹","巫凡","「開明の東に、巫彭（ふほう）、巫抵（ふてい）、巫陽（ふよう）、巫履（ふり）、巫凡（ふぼん）、巫相（ふしょう）という（六人の神聖な）霊媒・医術の神（霊山十巫の一部）がいる。彼らは窫窳（あつゆ）の遺体を挟んで囲み、みな不死の薬を手にして、死（あるいは腐敗）を防ごうとしている。この窫窳（あつゆ）という者は、蛇の体に人間の顔をしており、かつて（神である）貳負（じふ）の部下によって殺された者である。（この場所には）服常（ふくじょう）の樹があり、その上には三つの頭を持つ人間（三頭人）がいて、琅玕（ろうかん／青く美しい玉のなる伝説の樹木）の樹をじっと見張っている。」","開明の東。","","上古音：「巫」m i̯wo／m ǐwa／m juaɡ／m jwaɣ／m jag
上古音：「凡」bʰ i̯wăm／b ǐwəm／bʰ juăm／b jwam／b jam","アイヌ語：巫凡＝「ムィ・アク・ピル・アム(muy-ak-pir-am)」
＝「頂の・弟の（ように小さい）・傷の（ように切り刻まれた）・爪（のように平べったく鋭い峰）」","jomon2_bnum68.html"
"海内西経","巫彭、巫抵、巫陽、巫履、巫凡、巫相、服常樹、琅玕樹","巫相","「開明の東に、巫彭（ふほう）、巫抵（ふてい）、巫陽（ふよう）、巫履（ふり）、巫凡（ふぼん）、巫相（ふしょう）という（六人の神聖な）霊媒・医術の神（霊山十巫の一部）がいる。彼らは窫窳（あつゆ）の遺体を挟んで囲み、みな不死の薬を手にして、死（あるいは腐敗）を防ごうとしている。この窫窳（あつゆ）という者は、蛇の体に人間の顔をしており、かつて（神である）貳負（じふ）の部下によって殺された者である。（この場所には）服常（ふくじょう）の樹があり、その上には三つの頭を持つ人間（三頭人）がいて、琅玕（ろうかん／青く美しい玉のなる伝説の樹木）の樹をじっと見張っている。」","開明の東。","","上古音：「巫」m i̯wo／m ǐwa／m juaɡ／m jwaɣ／m jag
上古音：「相」s i̯aŋ／s ǐaŋ／s jaŋ／s jaŋ／s jangh","アイヌ語：巫相＝「ムィ・アク・シル・アゥ・ウン(muy-ak-sir-aw-un)」
＝「頂の・弟の（ように小さい）・山の・角、枝分かれ・にある（ところ）」","jomon2_bnum68.html"
"海内西経","巫彭、巫抵、巫陽、巫履、巫凡、巫相、服常樹、琅玕樹","窫窳","「開明の東に、巫彭（ふほう）、巫抵（ふてい）、巫陽（ふよう）、巫履（ふり）、巫凡（ふぼん）、巫相（ふしょう）という（六人の神聖な）霊媒・医術の神（霊山十巫の一部）がいる。彼らは窫窳（あつゆ）の遺体を挟んで囲み、みな不死の薬を手にして、死（あるいは腐敗）を防ごうとしている。この窫窳（あつゆ）という者は、蛇の体に人間の顔をしており、かつて（神である）貳負（じふ）の部下によって殺された者である。（この場所には）服常（ふくじょう）の樹があり、その上には三つの頭を持つ人間（三頭人）がいて、琅玕（ろうかん／青く美しい玉のなる伝説の樹木）の樹をじっと見張っている。」","開明の東。","","上古音：「窫」 kʰi̯ăt,kʰăt／kʰeak／ʔiæt／kʰeat／ʔiæt
上古音：「窳」- -／ʎ ǐwa／ɡ juaɡ／ɣr iwaɣ／gw／rjagx","アイヌ語：窫窳＝「イ・アッ・キル・アク(i-at-kir-ak)」
＝「それが・たくさんある・山脚の・弟（のように小さいもの）」","jomon2_bnum68.html"
"海内西経","巫彭、巫抵、巫陽、巫履、巫凡、巫相、服常樹、琅玕樹","蛇身人面","「開明の東に、巫彭（ふほう）、巫抵（ふてい）、巫陽（ふよう）、巫履（ふり）、巫凡（ふぼん）、巫相（ふしょう）という（六人の神聖な）霊媒・医術の神（霊山十巫の一部）がいる。彼らは窫窳（あつゆ）の遺体を挟んで囲み、みな不死の薬を手にして、死（あるいは腐敗）を防ごうとしている。この窫窳（あつゆ）という者は、蛇の体に人間の顔をしており、かつて（神である）貳負（じふ）の部下によって殺された者である。（この場所には）服常（ふくじょう）の樹があり、その上には三つの頭を持つ人間（三頭人）がいて、琅玕（ろうかん／青く美しい玉のなる伝説の樹木）の樹をじっと見張っている。」","開明の東。","","上古音：「蛇」d ia／ʎ ǐai／d ja／r ia／r ar
上古音：「蛇」- -／- -／tʰ ɑ／tʰ a／th ar
上古音：「身」ɕ i̯ĕn／ɕ ǐen／ɕ jen／stʰ jien／sth jin
上古音：「人」ȵ i̯ĕn／ȵ ǐen／ȵ jen／n jien／n jin
上古音：「面」m i̯an／m ǐan／m juæn／m jiwan／m jianh","アイヌ語：蛇身人面＝「テュ・アゥ・シル・エ・エン(tu-aw-sir-e-en)／ニ・エ・エン・ムィ・アゥ・ウン(ni-e-en-muy-aw-un)」
＝「峰の・角、枝分かれの・山が・そこで・突き出ている（ところ）／棒（のように細長い峰）が・そこで・突き出ている・頂の・角、枝分かれ・にある（ところ）」","jomon2_bnum68.html"
"海内西経","巫彭、巫抵、巫陽、巫履、巫凡、巫相、服常樹、琅玕樹","服常樹","「開明の東に、巫彭（ふほう）、巫抵（ふてい）、巫陽（ふよう）、巫履（ふり）、巫凡（ふぼん）、巫相（ふしょう）という（六人の神聖な）霊媒・医術の神（霊山十巫の一部）がいる。彼らは窫窳（あつゆ）の遺体を挟んで囲み、みな不死の薬を手にして、死（あるいは腐敗）を防ごうとしている。この窫窳（あつゆ）という者は、蛇の体に人間の顔をしており、かつて（神である）貳負（じふ）の部下によって殺された者である。（この場所には）服常（ふくじょう）の樹があり、その上には三つの頭を持つ人間（三頭人）がいて、琅玕（ろうかん／青く美しい玉のなる伝説の樹木）の樹をじっと見張っている。」","開明の東。","","上古音：「服」bʰ i̯ŭk／- -／bʰ juə̆k／b jwək／b jək
上古音：「常」ȡ i̯aŋ／ʑ ǐaŋ／ʑ jaŋ／d jaŋ／d jang
上古音：「樹」ȡ i̯u／ʑ ǐwɔ／ʑ juɡ／d jew／d jugh","アイヌ語：服常樹＝「ピル・アク・テュ・アゥ・ウン・テュク(pir-ak-tu-aw-un-tuk)」
＝「傷の（ように切り刻まれた）・弟の（ように小さい）・峰の・角、枝分かれ・にある・小山」","jomon2_bnum68.html"
"海内西経","巫彭、巫抵、巫陽、巫履、巫凡、巫相、服常樹、琅玕樹","三頭人","「開明の東に、巫彭（ふほう）、巫抵（ふてい）、巫陽（ふよう）、巫履（ふり）、巫凡（ふぼん）、巫相（ふしょう）という（六人の神聖な）霊媒・医術の神（霊山十巫の一部）がいる。彼らは窫窳（あつゆ）の遺体を挟んで囲み、みな不死の薬を手にして、死（あるいは腐敗）を防ごうとしている。この窫窳（あつゆ）という者は、蛇の体に人間の顔をしており、かつて（神である）貳負（じふ）の部下によって殺された者である。（この場所には）服常（ふくじょう）の樹があり、その上には三つの頭を持つ人間（三頭人）がいて、琅玕（ろうかん／青く美しい玉のなる伝説の樹木）の樹をじっと見張っている。」","開明の東。","","上古音：「三」s əm／s əm／s ə̂m／s əm／s əm
上古音：「頭」dʰ u／d ɔ／dʰ ûɡ／d ew／d ug
上古音：「人」ȵ i̯ĕn／ȵ ǐen／ȵ jen／n jien／n jin","アイヌ語：三頭人＝「シル・アム・テュク・ニ・エ・エン(sir-am-tuk-ni-e-en)」
＝「山の・爪の（ように平べったく鋭い）・小山の・棒（のように細長いもの）が・そこで・突き出ている（ところ）」","jomon2_bnum68.html"
"海内西経","巫彭、巫抵、巫陽、巫履、巫凡、巫相、服常樹、琅玕樹","琅玕樹","「開明の東に、巫彭（ふほう）、巫抵（ふてい）、巫陽（ふよう）、巫履（ふり）、巫凡（ふぼん）、巫相（ふしょう）という（六人の神聖な）霊媒・医術の神（霊山十巫の一部）がいる。彼らは窫窳（あつゆ）の遺体を挟んで囲み、みな不死の薬を手にして、死（あるいは腐敗）を防ごうとしている。この窫窳（あつゆ）という者は、蛇の体に人間の顔をしており、かつて（神である）貳負（じふ）の部下によって殺された者である。（この場所には）服常（ふくじょう）の樹があり、その上には三つの頭を持つ人間（三頭人）がいて、琅玕（ろうかん／青く美しい玉のなる伝説の樹木）の樹をじっと見張っている。」","開明の南。","","上古音：「琅」l ɑŋ／l aŋ／l ɑŋ／l aŋ／l ang
上古音：「玕」k ɑn／k an／k ɑn／k an／k an
上古音：「樹」ȡ i̯u／ʑ ǐwɔ／ʑ juɡ／d jew／d jugh","アイヌ語：琅玕樹＝「ル・アゥ・ウン・ク・アゥ・ウン・テュク(ru-aw-un-ku-aw-un-tuk)」
＝「消えかかった（峰の）・角、枝分かれ・にある（ところ）・矢の（ように鋭い峰の）・角、枝分かれ・にある・小山」
※アイヌ語「ク＝弓」。中国大陸、朝鮮半島では「ク＝矢」の可能性。サハリン、シベリアのニヴフ（ギリヤーク）語も「ク＝矢」。","jomon2_bnum68.html"
"海内西経","巫彭、巫抵、巫陽、巫履、巫凡、巫相、服常樹、琅玕樹","樹鳥","「開明の南には樹鳥（じゅちょう）がおり、これには6つの頭がある。また、蛟（こう／みずち）、蝮（ふく／まむし）、蛇（へび）、蜼（い／長尾のサル）、豹（ひょう）、鳥秩樹（ちょうちつじゅ）がある。池の周囲（あるいは表面）には樹木が生い茂り、そこには誦鳥（しょうちょう）、鶽（しゅん／ハヤブサ）、そして視肉（しにく）がいる。」","開明の南。","","上古音：「樹」ȡ i̯u／ʑ ǐwɔ／ʑ juɡ／d jew／d jugh
上古音：「鳥」t -／t iu／t ioɡ／t eəw／t iəgwx","アイヌ語：樹鳥＝「テュク・テュ・アク(tuk-tu-ak)」
＝「小山の・峰の・弟（のように小さいもの）」","jomon2_bnum68.html"
"海内西経","巫彭、巫抵、巫陽、巫履、巫凡、巫相、服常樹、琅玕樹","六首","「開明の南には樹鳥（じゅちょう）がおり、これには6つの頭がある。また、蛟（こう／みずち）、蝮（ふく／まむし）、蛇（へび）、蜼（い／長尾のサル）、豹（ひょう）、鳥秩樹（ちょうちつじゅ）がある。池の周囲（あるいは表面）には樹木が生い茂り、そこには誦鳥（しょうちょう）、鶽（しゅん／ハヤブサ）、そして視肉（しにく）がいる。」","開明の南。","","上古音：「六」l／l ǐuk／l jok／l iəwk／l jəkw
上古音：「首」ɕ／ɕ ǐu／ç jŏɡ／stʰ jəw／h rjəgwx","アイヌ語：六首＝「リ・アク・シル・アク(ri-ak-sir-ak)」
＝「高い・弟（のように小さいもの）・山の・弟」","jomon2_bnum68.html"
"海内西経","巫彭、巫抵、巫陽、巫履、巫凡、巫相、服常樹、琅玕樹","蛟","「開明の南には樹鳥（じゅちょう）がおり、これには6つの頭がある。また、蛟（こう／みずち）、蝮（ふく／まむし）、蛇（へび）、蜼（い／長尾のサル）、豹（ひょう）、鳥秩樹（ちょうちつじゅ）がある。池の周囲（あるいは表面）には樹木が生い茂り、そこには誦鳥（しょうちょう）、鶽（しゅん／ハヤブサ）、そして視肉（しにく）がいる。」","開明の南。","","上古音：「蛟」k ŏɡ／k eau／k ɔɡ／k raw／k ragw","アイヌ語：蛟＝「ク・アク(ku-ak)」
＝「矢の（ように鋭い）・弟（のように小さい峰）」","jomon2_bnum68.html"
"海内西経","巫彭、巫抵、巫陽、巫履、巫凡、巫相、服常樹、琅玕樹","蝮","「開明の南には樹鳥（じゅちょう）がおり、これには6つの頭がある。また、蛟（こう／みずち）、蝮（ふく／まむし）、蛇（へび）、蜼（い／長尾のサル）、豹（ひょう）、鳥秩樹（ちょうちつじゅ）がある。池の周囲（あるいは表面）には樹木が生い茂り、そこには誦鳥（しょうちょう）、鶽（しゅん／ハヤブサ）、そして視肉（しにく）がいる。」","開明の南。","","上古音：「蝮」pʰ／pʰ ǐuk／pʰ jok／pʰ jəwk／ph jəkw","アイヌ語：蝮＝「ピル・アク(pir-ak)」
＝「傷の（ように切り刻まれた）・弟（のように小さい峰）」","jomon2_bnum68.html"
"海内西経","巫彭、巫抵、巫陽、巫履、巫凡、巫相、服常樹、琅玕樹","蛇","「開明の南には樹鳥（じゅちょう）がおり、これには6つの頭がある。また、蛟（こう／みずち）、蝮（ふく／まむし）、蛇（へび）、蜼（い／長尾のサル）、豹（ひょう）、鳥秩樹（ちょうちつじゅ）がある。池の周囲（あるいは表面）には樹木が生い茂り、そこには誦鳥（しょうちょう）、鶽（しゅん／ハヤブサ）、そして視肉（しにく）がいる。」","開明の南。","","上古音：「蛇」d ia／ʎ ǐai／d ja／r ia／r ar
上古音：「蛇」- -／- -／tʰ ɑ／tʰ a／th ar","アイヌ語：蛇＝「テュ・アゥ(tu-aw)」
＝「峰の・角、枝分かれ」","jomon2_bnum68.html"
"海内西経","巫彭、巫抵、巫陽、巫履、巫凡、巫相、服常樹、琅玕樹","蜼","「開明の南には樹鳥（じゅちょう）がおり、これには6つの頭がある。また、蛟（こう／みずち）、蝮（ふく／まむし）、蛇（へび）、蜼（い／長尾のサル）、豹（ひょう）、鳥秩樹（ちょうちつじゅ）がある。池の周囲（あるいは表面）には樹木が生い茂り、そこには誦鳥（しょうちょう）、鶽（しゅん／ハヤブサ）、そして視肉（しにく）がいる。」","開明の南。","","上古音：「蜼」l i̯wər／- -／- -／l iwər／- -
上古音：「蜼」d i̯wər／- -／d juəd／- -／r ədh","アイヌ語：蜼＝「リ・アゥ(ri-aw)」
＝「高い・角、枝分かれ」","jomon2_bnum68.html"
"海内西経","巫彭、巫抵、巫陽、巫履、巫凡、巫相、服常樹、琅玕樹","豹","「開明の南には樹鳥（じゅちょう）がおり、これには6つの頭がある。また、蛟（こう／みずち）、蝮（ふく／まむし）、蛇（へび）、蜼（い／長尾のサル）、豹（ひょう）、鳥秩樹（ちょうちつじゅ）がある。池の周囲（あるいは表面）には樹木が生い茂り、そこには誦鳥（しょうちょう）、鶽（しゅん／ハヤブサ）、そして視肉（しにく）がいる。」","開明の南。","","上古音：「豹」- -／p eau／p ɔɡ／p raw／p ragwh","アイヌ語：豹＝「プ・アク(pu-ak)」
＝「倉の（屋根のような三角山の）・弟（のように小さいもの）」","jomon2_bnum68.html"
"海内西経","巫彭、巫抵、巫陽、巫履、巫凡、巫相、服常樹、琅玕樹","鳥秩樹","「開明の南には樹鳥（じゅちょう）がおり、これには6つの頭がある。また、蛟（こう／みずち）、蝮（ふく／まむし）、蛇（へび）、蜼（い／長尾のサル）、豹（ひょう）、鳥秩樹（ちょうちつじゅ）がある。池の周囲（あるいは表面）には樹木が生い茂り、そこには誦鳥（しょうちょう）、鶽（しゅん／ハヤブサ）、そして視肉（しにく）がいる。」","開明の南。","","上古音：「鳥」t -／t iu／t ioɡ／t eəw／t iəgwx
上古音：「秩」dʰ i̯ĕt／d ǐet／dʰ jet／d iet／d rjit
上古音：「樹」ȡ i̯u／ʑ ǐwɔ／ʑ juɡ／d jew／d jugh","アイヌ語：鳥秩樹＝「テュ・アク・テュ・アッ・テュク(tu-ak-tu-at-tuk)」
＝「峰の・弟の（ように小さい）・峰が・たくさんある・小山」","jomon2_bnum68.html"
"海内西経","巫彭、巫抵、巫陽、巫履、巫凡、巫相、服常樹、琅玕樹","誦鳥","「開明の南には樹鳥（じゅちょう）がおり、これには6つの頭がある。また、蛟（こう／みずち）、蝮（ふく／まむし）、蛇（へび）、蜼（い／長尾のサル）、豹（ひょう）、鳥秩樹（ちょうちつじゅ）がある。池の周囲（あるいは表面）には樹木が生い茂り、そこには誦鳥（しょうちょう）、鶽（しゅん／ハヤブサ）、そして視肉（しにく）がいる。」","開明の南。","","上古音：「誦」dz i̯uŋ／z ǐwɔŋ／z juŋ／r jewŋ／sd jungh
上古音：「鳥」t -／t iu／t ioɡ／t eəw／t iəgwx","アイヌ語：誦鳥＝「テュン・テュ・アク(tun-tu-ak)」
＝「山間の・峰の・弟（のように小さいもの）」","jomon2_bnum68.html"
"海内西経","巫彭、巫抵、巫陽、巫履、巫凡、巫相、服常樹、琅玕樹","鶽","「開明の南には樹鳥（じゅちょう）がおり、これには6つの頭がある。また、蛟（こう／みずち）、蝮（ふく／まむし）、蛇（へび）、蜼（い／長尾のサル）、豹（ひょう）、鳥秩樹（ちょうちつじゅ）がある。池の周囲（あるいは表面）には樹木が生い茂り、そこには誦鳥（しょうちょう）、鶽（しゅん／ハヤブサ）、そして視肉（しにく）がいる。」","開明の南。","","上古音：「隼」sn i̯wən／s iwən／s juən／s jiwən／st jənx","アイヌ語：鶽＝「シル・アゥ・ウン(sir-aw-un)」
＝「山の・角、枝分かれ・にある（ところ）」","jomon2_bnum68.html"
"海内西経","巫彭、巫抵、巫陽、巫履、巫凡、巫相、服常樹、琅玕樹","於表池／樹木","「開明の南には樹鳥（じゅちょう）がおり、これには6つの頭がある。また、蛟（こう／みずち）、蝮（ふく／まむし）、蛇（へび）、蜼（い／長尾のサル）、豹（ひょう）、鳥秩樹（ちょうちつじゅ）がある。池の周囲（あるいは表面）には樹木が生い茂り、そこには誦鳥（しょうちょう）、鶽（しゅん／ハヤブサ）、そして視肉（しにく）がいる。」","開明の南。","","上古音：「於」ʔ i̯o／0 ǐa／ʔ jaɡ／ʔ jaɣ／· jag
上古音：「表」p i̯oɡ／p ǐau／p jɔ̆ɡ／p iaw／p jagwx
上古音：「池」dʰ ia／d ǐai／dʰ ja／d ia／d rjar
上古音：「樹」ȡ i̯u／ʑ ǐwɔ／ʑ juɡ／d jew／d jugh
上古音：「木」m uk／m ɔk／m ûk／m ewk／m uk","アイヌ語：於表池／樹木＝「イ・アク・ピル・アク・テュ・アゥ(i-ak-pir-ak-tu-aw)／テュク・ム・ク(tuk-mu-ku)」
＝「その・弟（のように小さいもの）・傷の（ように切り刻まれた）・弟の・峰の・角、枝分かれ／小山の・塞がっている・矢（のように鋭いもの）」","jomon2_bnum68.html"
"海内西経","巫彭、巫抵、巫陽、巫履、巫凡、巫相、服常樹、琅玕樹","視肉","「開明の南には樹鳥（じゅちょう）がおり、これには6つの頭がある。また、蛟（こう／みずち）、蝮（ふく／まむし）、蛇（へび）、蜼（い／長尾のサル）、豹（ひょう）、鳥秩樹（ちょうちつじゅ）がある。池の周囲（あるいは表面）には樹木が生い茂り、そこには誦鳥（しょうちょう）、鶽（しゅん／ハヤブサ）、そして視肉（しにく）がいる。」","開明の南。","","上古音：「視」ȡ i̯ər／ʑ ǐei／j jed／d jier／g rjidx
上古音：「肉」ȵ／ȵ ǐuk／ɲ jok／n jəwk／ng rjəkw","アイヌ語：視肉＝「テュ・アッ・ニ・アク(tu-at-ni-ak)」
＝「峰が・たくさんある・棒の（ように細長い）・弟（のように小さいもの）」
※アイヌ語「ク＝弓」。中国大陸、朝鮮半島では「ク＝矢」の可能性。サハリン、シベリアのニヴフ（ギリヤーク）語も「ク＝矢」。","jomon2_bnum68.html"
"海内北経","蛇巫之山、西王母、昆侖虚","蛇巫","「蛇巫（じゃふ）の山があり、その山の上には、杯（さかずき）を手にして東の方向を向いて立っている人間がいる。一説には、この山は亀山（きざん）ともいう。西王母（せいおうぼ）は机（あるいは足台）に寄りかかって、頭に勝（しょう／玉で作られた華やかな髪飾り）を戴き、杖を突いている。その南には三羽の青鳥（せいちょう／青い鳥）がおり、西王母のために食べ物を取ってきている。これらの場所は、崑崙（こんろん）の墟（おか）の北にある。」","昆侖虚の北。","","上古音：「蛇」d ia／ʎ ǐai／d ja／r ia／r ar
上古音：「蛇」- -／- -／tʰ ɑ／tʰ a／th ar
上古音：「蛇」ʰ ia／ȡ iai／- -／- -／d jar
上古音：「巫」m i̯wo／m ǐwa／m juaɡ／m jwaɣ／m jag","アイヌ語：蛇巫＝「テュ・アゥ・ムィ・アク(tu-aw-muy-ak)」
＝「峰の・角、枝分かれの・頂の・弟（のように小さいもの）」","jomon2_bnum68.html"
"海内北経","蛇巫之山、西王母、昆侖虚","上有／人操杯而／東向","「蛇巫（じゃふ）の山があり、その山の上には、杯（さかずき）を手にして東の方向を向いて立っている人間がいる。一説には、この山は亀山（きざん）ともいう。西王母（せいおうぼ）は机（あるいは足台）に寄りかかって、頭に勝（しょう／玉で作られた華やかな髪飾り）を戴き、杖を突いている。その南には三羽の青鳥（せいちょう／青い鳥）がおり、西王母のために食べ物を取ってきている。これらの場所は、崑崙（こんろん）の墟（おか）の北にある。」","昆侖虚の北。","","上古音：「上」ȡ i̯aŋ／ʑ ǐaŋ／ʑ jaŋ／d jaŋ／d jangh
上古音：「有」ɡ i̯ŭɡ／ɣ ǐwə／ɣ juə̆ɡ／ɣ jwəɣ／gw jəgx
上古音：「人」ȵ i̯ĕn／ȵ ǐen／ȵ jen／n jien／n jin
上古音：「操」tsʰ oɡ／tsʰ au／tsʰ ɔ̂ɡ／tsʰ aw／tsh agwh
上古音：「杯」p wəɡ／p uə／- -／p wəɣ／- -
上古音：「而」ȵ i̯əɡ／ȵ ǐə／ȵ jəɡ／n jiəɣ／n jəg
上古音：「東」t uŋ／t ɔŋ／t ûŋ／t ewŋ／t ung
上古音：「向」x i̯aŋ／h ǐaŋ／x jaŋ／x jaŋ／h jangh","アイヌ語：上有／人操杯而／東向＝「テュ・アゥ・ウン・キル・アク(tu-aw-un-kir-ak)／ニ・エ・エン・テュ・アク・プ・アク・ニ・アク(ni-e-en-tu-ak-pu-ak-ni-ak)／テュ・ウン・シル・アゥ・ウン(tu-un-sir-aw-un)」
＝「峰の・角、枝分かれ・にある・山脚の・弟（のように小さいもの）／棒（のように細長いもの）が・そこで・突き出ている・峰の・弟・倉の（屋根のような三角山の）・弟・棒の・弟の／峰・にある・山の・角、枝分かれ・にある（ところ）」","jomon2_bnum68.html"
"海内北経","蛇巫之山、西王母、昆侖虚","龜山","「蛇巫（じゃふ）の山があり、その山の上には、杯（さかずき）を手にして東の方向を向いて立っている人間がいる。一説には、この山は亀山（きざん）ともいう。西王母（せいおうぼ）は机（あるいは足台）に寄りかかって、頭に勝（しょう／玉で作られた華やかな髪飾り）を戴き、杖を突いている。その南には三羽の青鳥（せいちょう／青い鳥）がおり、西王母のために食べ物を取ってきている。これらの場所は、崑崙（こんろん）の墟（おか）の北にある。」","昆侖虚の北。","","上古音：「龜」k i̯wəɡ／k ǐwə／k juə̆ɡ／k jwəɣ／kw jəg
上古音：「山」s ăn／ʃ ean／- -／s rian／s rian","アイヌ語：龜山＝「キル・アク・シル・アゥ・ウン(kir-ak-sir-aw-un)」
＝「山脚の・弟の（ように小さい）・山の・角、枝分かれ・にある（ところ）」","jomon2_bnum68.html"
"海内北経","蛇巫之山、西王母、昆侖虚","西王母","「蛇巫（じゃふ）の山があり、その山の上には、杯（さかずき）を手にして東の方向を向いて立っている人間がいる。一説には、この山は亀山（きざん）ともいう。西王母（せいおうぼ）は机（あるいは足台）に寄りかかって、頭に勝（しょう／玉で作られた華やかな髪飾り）を戴き、杖を突いている。その南には三羽の青鳥（せいちょう／青い鳥）がおり、西王母のために食べ物を取ってきている。これらの場所は、崑崙（こんろん）の墟（おか）の北にある。」","昆侖虚の北。","","","アイヌ語：西王母＝「シル・アッ・キル・アゥ・ウン・ム・アク(sir-at-kir-aw-un-mu-ak)」
＝「山が・たくさんある・山脚の・角、枝分かれ・にある・ふさがっている・弟（のように小さいもの）」","jomon2_bnum68.html"
"海内北経","蛇巫之山、西王母、昆侖虚","西母","「蛇巫（じゃふ）の山があり、その山の上には、杯（さかずき）を手にして東の方向を向いて立っている人間がいる。一説には、この山は亀山（きざん）ともいう。西王母（せいおうぼ）は机（あるいは足台）に寄りかかって、頭に勝（しょう／玉で作られた華やかな髪飾り）を戴き、杖を突いている。その南には三羽の青鳥（せいちょう／青い鳥）がおり、西王母のために食べ物を取ってきている。これらの場所は、崑崙（こんろん）の墟（おか）の北にある。」","昆侖虚の北。","","上古音：「西」s iər／s iei／s ied／s er／s id
上古音：「王」ɡ i̯waŋ／ɣ ǐwaŋ／ɣ juaŋ／ɣ jwaŋ／gw jang
上古音：「母」m əɡ／m ə／m uə̩̂ɡ／m əɣ／m əgx","アイヌ語：西母＝「シル・アッ・ム・アク(sir-at-mu-ak)」
＝「山が・たくさんある・ふさがっている・弟（のように小さいもの）」※「西王母」殷墟の甲骨文字では「西母」","jomon2_bnum68.html"
"海内北経","蛇巫之山、西王母、昆侖虚","梯几／而戴／勝杖","「蛇巫（じゃふ）の山があり、その山の上には、杯（さかずき）を手にして東の方向を向いて立っている人間がいる。一説には、この山は亀山（きざん）ともいう。西王母（せいおうぼ）は机（あるいは足台）に寄りかかって、頭に勝（しょう／玉で作られた華やかな髪飾り）を戴き、杖を突いている。その南には三羽の青鳥（せいちょう／青い鳥）がおり、西王母のために食べ物を取ってきている。これらの場所は、崑崙（こんろん）の墟（おか）の北にある。」","昆侖虚の北。","","上古音：「梯」tʰ iər／tʰ iei／tʰ ied／tʰ er／th id
上古音：「几」- -／k ǐei／k jed／k ier／k jidx
上古音：「而」ȵ i̯əɡ／ȵ ǐə／ȵ jəɡ／n jiəɣ／n jəg
上古音：「戴」t əɡ／t ə／t ə̂ɡ／t əɣ／t əgh
上古音：「勝」ɕ i̯əŋ／ɕ ǐəŋ／ɕ jəŋ／stʰ jiəŋ／sth jəngh
上古音：「杖」dʰ i̯aŋ／d ǐaŋ／dʰ jaŋ／d jaŋ／d rjangx","アイヌ語：梯几／而戴／勝杖＝「テュ・アッ・キル・アッ(tu-at-kir-at)／ニ・アク・タク(ni-ak-tak)／シル・アゥ・ウン・テュ・アゥ・ウン(sir-aw-un-tu-aw-un)」
＝「峰が・たくさんある・山脚が・たくさんある／棒の（ように細長い）・弟の（ように小さい）・石／山の・角、枝分かれ・にある（ところ）・峰の・角、枝分かれ・にある（ところ）」","jomon2_bnum68.html"
"海内北経","蛇巫之山、西王母、昆侖虚","三青鳥","「蛇巫（じゃふ）の山があり、その山の上には、杯（さかずき）を手にして東の方向を向いて立っている人間がいる。一説には、この山は亀山（きざん）ともいう。西王母（せいおうぼ）は机（あるいは足台）に寄りかかって、頭に勝（しょう／玉で作られた華やかな髪飾り）を戴き、杖を突いている。その南には三羽の青鳥（せいちょう／青い鳥）がおり、西王母のために食べ物を取ってきている。これらの場所は、崑崙（こんろん）の墟（おか）の北にある。」","昆侖虚の北。","","上古音：「三」s əm／s əm／s ə̂m／s əm／s əm
上古音：「青」tsʰ ieŋ／tsʰ ieŋ／tsʰ ieŋ／tsʰ eŋ／tsh ing
上古音：「鳥」t -／t iu／t ioɡ／t eəw／t iəgwx","アイヌ語：三青鳥＝「シル・アム・テュ・エ・エン・テュ・アク(sir-am-tu-e-en-tu-ak)」
＝「山の・爪の（ように平べったく鋭い）・峰が・そこで・突き出ている・峰の・弟（のように小さいもの）」","jomon2_bnum68.html"
"海内北経","蛇巫之山、西王母、昆侖虚","昆侖虚","「蛇巫（じゃふ）の山があり、その山の上には、杯（さかずき）を手にして東の方向を向いて立っている人間がいる。一説には、この山は亀山（きざん）ともいう。西王母（せいおうぼ）は机（あるいは足台）に寄りかかって、頭に勝（しょう／玉で作られた華やかな髪飾り）を戴き、杖を突いている。その南には三羽の青鳥（せいちょう／青い鳥）がおり、西王母のために食べ物を取ってきている。これらの場所は、崑崙（こんろん）の墟（おか）の北にある。」","昆侖虚の北。","","上古音：「昆」k wən／k uən／k uə̂n／k wən／kw ən
上古音：「侖」l i̯wən／l ǐwən／l juən／l iwən／l jən
上古音：「虛」kʰi̯wo／kʰĭo／kʰi̯o／kʰiɔ／kʰi̯aɡ","アイヌ語：昆侖虚＝「ク・アゥ・ウン・レル・アゥ・ウン・キル・アク(ku-aw-un-rer-aw-un-kir-ak)」
＝「矢の（ように鋭い）・角、枝分かれ・にある（ところ）・山陰、山向こうの・角、枝分かれ・にある・山脚の・弟（のように小さいもの）」
※アイヌ語「ク＝弓」。中国大陸、朝鮮半島では「ク＝矢」の可能性。サハリン、シベリアのニヴフ（ギリヤーク）語も「ク＝矢」。","jomon2_bnum68.html"
"海内北経","蛇巫之山、西王母、昆侖虚","玉山","「さらに西へ三百五十里、玉山といい、ここは西王母の住むところ。西王母はその状、人のようで豹の尾、虎の歯でよく嘯（うそぶ）き、おとろの髪に玉の勝（かんざし）をのせ、天の厲（わざわい）と五残（五種類の刑罰）を司る」","昆侖虚の北。","","上古音：「玉」ŋ i̯uk／ŋ ǐwɔk／ŋ juk／ŋ jewk／ng juk
上古音：「山」s ăn／ʃ ean／- -／s rian／s rian","アイヌ語：玉山＝「キル・ク・シル・アゥ・ウン(kir-ku-sir-aw-un)」
＝「山脚の・矢の（ように鋭い）・山の・角、枝分かれ・にある（ところ）」","jomon2_bnum68.html"
"海内北経","蛇巫之山、西王母、昆侖虚","人","「さらに西へ三百五十里、玉山といい、ここは西王母の住むところ。西王母はその状、人のようで豹の尾、虎の歯でよく嘯（うそぶ）き、おとろの髪に玉の勝（かんざし）をのせ、天の厲（わざわい）と五残（五種類の刑罰）を司る」","昆侖虚の北。","","上古音：「人」ȵ i̯ĕn／ȵ ǐen／ȵ jen／n jien／n jin","アイヌ語：人＝「ニ・エ・エン(ni-e-en)」
＝「棒（のように細長い峰）が・そこで・突き出ている（ところ）」","jomon2_bnum68.html"
"海内北経","蛇巫之山、西王母、昆侖虚","豹尾／虎齒而／善嘯","「さらに西へ三百五十里、玉山といい、ここは西王母の住むところ。西王母はその状、人のようで豹の尾、虎の歯でよく嘯（うそぶ）き、おとろの髪に玉の勝（かんざし）をのせ、天の厲（わざわい）と五残（五種類の刑罰）を司る」","昆侖虚の北。","","上古音：「豹」- -／p eau／p ɔɡ／p raw／p ragwh
上古音：「尾」m i̯wər／m ǐwəi／m juə̆d／m jiwər／m jədx
上古音：「虎」x o／h a／x ɑɡ／x aɣ／h agx
上古音：「齒」ȶʰ i̯əɡ／ȶʰ ǐə／ȶʰ jəɡ／tʰ jiəɣ／th jəgx
上古音：「而」ȵ i̯əɡ／ȵ ǐə／ȵ jəɡ／n jiəɣ／n jəg
上古音：「善」ȡ i̯an／ʑ ǐan／ʑ jæn／d jian／d janx
上古音：「嘯」s -／s iau／s ioɡ／s eəw／s iəgwh","アイヌ語：豹尾／虎齒而／善嘯＝「プ・アク・ムィ・アッ(pu-ak-muy-at)／シル・アク・テュ・アク・ニ・アク(sir-ak-tu-ak-ni-ak)／テュ・アゥ・ウン・シル・アク(tu-aw-un-sir-ak)」
＝「倉の（屋根のような三角山の）・弟の（ように小さい）・頂が・たくさんある／山の・弟・峰の・弟・棒の（ように細長い）・弟／峰の・角、枝分かれ・にある・山の・弟」","jomon2_bnum68.html"
"海内北経","蛇巫之山、西王母、昆侖虚","蓬髮戴勝","「さらに西へ三百五十里、玉山といい、ここは西王母の住むところ。西王母はその状、人のようで豹の尾、虎の歯でよく嘯（うそぶ）き、おとろの髪に玉の勝（かんざし）をのせ、天の厲（わざわい）と五残（五種類の刑罰）を司る」","昆侖虚の北。","","上古音：「蓬」bʰ uŋ／b ɔŋ／bʰ ûŋ／b ewŋ／b ung
上古音：「髮」p i̯wăt／p ǐwat／p juăt／p jwat／p jat
上古音：「戴」t əɡ／t ə／t ə̂ɡ／t əɣ／t əgh
上古音：「勝」ɕ i̯əŋ／ɕ ǐəŋ／ɕ jəŋ／stʰ jiəŋ／sth jəngh","アイヌ語：蓬髮戴勝＝「プ・ウン・ピル・アッ・タク・シル・アゥ・ウン(pu-un-pir-at-tak-sir-aw-un)」
＝「倉（の屋根のような三角山）・にある・傷（のように切り刻まれた峰）が・たくさんある・石の・山の・角、枝分かれ・にある（ところ）」","jomon2_bnum68.html"
"海内北経","蛇巫之山、西王母、昆侖虚","天之／厲及／五殘","「さらに西へ三百五十里、玉山といい、ここは西王母の住むところ。西王母はその状、人のようで豹の尾、虎の歯でよく嘯（うそぶ）き、おとろの髪に玉の勝（かんざし）をのせ、天の厲（わざわい）と五残（五種類の刑罰）を司る」","昆侖虚の北。","","上古音：「天」tʰ ien／tʰ ien／tʰ ien／tʰ en／th in
上古音：「之」ȶ i̯əɡ／ȶ ǐə／ȶ jəɡ／t jiəɣ／t jəg
上古音：「厲」l i̯ad／l ǐat／l jæd／l iar／l jadh
上古音：「及」ɡʰ i̯əp／g ǐəp／ɡʰ jəp／ɡ iəp／g jəp
上古音：「五」ŋ o／ŋ a／ŋ ɑɡ／ŋ aɣ／ng agx
上古音：「殘」tsʰ ɑn／dz an／dzʰ ɑn／dz an／dz an","アイヌ語：天之／厲及／五殘＝「テュ・エ・エン・テュ・アク(tu-e-en-tu-ak)／リ・アッ・キル・アプ(ri-at-kir-ap)／キル・アク・テュ・アゥ・ウン(kir-ak-tu-aw-un)」
＝「峰が・そこで・突き出ている・峰の・弟（のように小さいもの）／高く・たくさんある・山脚の・釣り針（のように曲がったもの）／山脚の・弟の・峰の・角、枝分かれ・にある（ところ）」
※アイヌ語「ク＝弓」。中国大陸、朝鮮半島では「ク＝矢」の可能性。サハリン、シベリアのニヴフ（ギリヤーク）語も「ク＝矢」。","jomon2_bnum68.html"
"海内北経","大行伯、犬封国、犬戎国、吉量","大行伯","「大行伯（たいこうはく）という神人がおり、手に戈（ほこ）を握っている。その東に犬封国（けんほうこく）がある。また、貳負（じふ）の遺体は大行伯の東にある。犬封国は（別名を）犬戎国（けんじゅうこく）ともいい、その民の姿は犬のようである。そこには一人の女性がおり、ちょうど膝をついて跪き、杯（さかずき）に入った食べ物を（人に）進めようとしている。ここには模様のある珍しい馬（文馬）がおり、白い体（縞身）に赤い鬣（たてがみ）を持ち、その目は黄金のように輝いている。名を吉量（きつりょう）といい、これに乗れば千歳の寿（よわい／寿命）を得ることができる。」","","","上古音：「大」tʰ ɑd, dʰ ɑd／d at／dʰ ɑd／d ar／d adh
上古音：「行」ɡʰ ɑŋ／ɣ aŋ／ɣ ɑŋ／ɡ aŋ／g angh
上古音：「行」ɡ ăŋ／ɣ eaŋ／ɣ ăŋ／ɡ raŋ／g rangh
上古音：「伯」p ăk／p eak／p uăk／p rwak／p rak","アイヌ語：大行伯＝「テュ・アッ・キル・アゥ・ウン・プ・アク(tu-at-kir-aw-un-pu-ak)」
＝「峰が・たくさんある・山脚の・角、枝分かれ・にある・倉の（屋根のような三角山の）・弟（のように小さいもの）」","jomon2_bnum68.html"
"海内北経","大行伯、犬封国、犬戎国、吉量","把戈","「大行伯（たいこうはく）という神人がおり、手に戈（ほこ）を握っている。その東に犬封国（けんほうこく）がある。また、貳負（じふ）の遺体は大行伯の東にある。犬封国は（別名を）犬戎国（けんじゅうこく）ともいい、その民の姿は犬のようである。そこには一人の女性がおり、ちょうど膝をついて跪き、杯（さかずき）に入った食べ物を（人に）進めようとしている。ここには模様のある珍しい馬（文馬）がおり、白い体（縞身）に赤い鬣（たてがみ）を持ち、その目は黄金のように輝いている。名を吉量（きつりょう）といい、これに乗れば千歳の寿（よわい／寿命）を得ることができる。」","","","上古音：「把」p ɔ／p ea／p uăɡ／p rwaɣ／p ragx
上古音：「戈」k wɑ／k uai／- -／k wa／- -","アイヌ語：把戈＝「プ・アク・ク・アゥ(pu-ak-ku-aw)」
＝「倉の（屋根のような三角山の）・弟の（ように小さい）・矢の（ように鋭い）・角、枝分かれ」","jomon2_bnum68.html"
"海内北経","大行伯、犬封国、犬戎国、吉量","犬封","「大行伯（たいこうはく）という神人がおり、手に戈（ほこ）を握っている。その東に犬封国（けんほうこく）がある。また、貳負（じふ）の遺体は大行伯の東にある。犬封国は（別名を）犬戎国（けんじゅうこく）ともいい、その民の姿は犬のようである。そこには一人の女性がおり、ちょうど膝をついて跪き、杯（さかずき）に入った食べ物を（人に）進めようとしている。ここには模様のある珍しい馬（文馬）がおり、白い体（縞身）に赤い鬣（たてがみ）を持ち、その目は黄金のように輝いている。名を吉量（きつりょう）といい、これに乗れば千歳の寿（よわい／寿命）を得ることができる。」","","","上古音：「犬」kʰ iwən／kʰ iwan／kʰ iuæn／kʰ ewan／khw ianx
上古音：「封」p i̯uŋ／p ǐwɔŋ／p juŋ／p jewŋ／p jung","アイヌ語：犬封＝「キル・アゥ・ウン・ピル・ウン(kir-aw-un-pir-un)」
＝「山脚の・角、枝分かれ・にある・傷（のように切り刻まれた峰）・にある（ところ）」","jomon2_bnum68.html"
"海内北経","大行伯、犬封国、犬戎国、吉量","犬戎","「大行伯（たいこうはく）という神人がおり、手に戈（ほこ）を握っている。その東に犬封国（けんほうこく）がある。また、貳負（じふ）の遺体は大行伯の東にある。犬封国は（別名を）犬戎国（けんじゅうこく）ともいい、その民の姿は犬のようである。そこには一人の女性がおり、ちょうど膝をついて跪き、杯（さかずき）に入った食べ物を（人に）進めようとしている。ここには模様のある珍しい馬（文馬）がおり、白い体（縞身）に赤い鬣（たてがみ）を持ち、その目は黄金のように輝いている。名を吉量（きつりょう）といい、これに乗れば千歳の寿（よわい／寿命）を得ることができる。」","","","上古音：「犬」kʰ iwən／kʰ iwan／kʰ iuæn／kʰ ewan／khw ianx
上古音：「戎」ȵ -／ȵ ǐuŋ／ȵ joŋ／n jəwŋ／n jəngw","アイヌ語：犬戎＝「キル・アゥ・ウン・ニ・アゥ・ウン(kir-aw-un-ni-aw-un)」
＝「山脚の・角、枝分かれ・にある・棒の（ように細長い峰の）・角、枝分かれ・にある（ところ）」","jomon2_bnum68.html"
"海内北経","大行伯、犬封国、犬戎国、吉量","犬","「大行伯（たいこうはく）という神人がおり、手に戈（ほこ）を握っている。その東に犬封国（けんほうこく）がある。また、貳負（じふ）の遺体は大行伯の東にある。犬封国は（別名を）犬戎国（けんじゅうこく）ともいい、その民の姿は犬のようである。そこには一人の女性がおり、ちょうど膝をついて跪き、杯（さかずき）に入った食べ物を（人に）進めようとしている。ここには模様のある珍しい馬（文馬）がおり、白い体（縞身）に赤い鬣（たてがみ）を持ち、その目は黄金のように輝いている。名を吉量（きつりょう）といい、これに乗れば千歳の寿（よわい／寿命）を得ることができる。」","","","上古音：「犬」kʰ iwən／kʰ iwan／kʰ iuæn／kʰ ewan／khw ianx","アイヌ語：犬＝「キル・アゥ・ウン(kir-aw-un)」
＝「山脚の・角、枝分かれ・にある（ところ）」","jomon2_bnum68.html"
"海内北経","大行伯、犬封国、犬戎国、吉量","一女子","「大行伯（たいこうはく）という神人がおり、手に戈（ほこ）を握っている。その東に犬封国（けんほうこく）がある。また、貳負（じふ）の遺体は大行伯の東にある。犬封国は（別名を）犬戎国（けんじゅうこく）ともいい、その民の姿は犬のようである。そこには一人の女性がおり、ちょうど膝をついて跪き、杯（さかずき）に入った食べ物を（人に）進めようとしている。ここには模様のある珍しい馬（文馬）がおり、白い体（縞身）に赤い鬣（たてがみ）を持ち、その目は黄金のように輝いている。名を吉量（きつりょう）といい、これに乗れば千歳の寿（よわい／寿命）を得ることができる。」","","","上古音：「一」ʔ i̯ĕt／0 ǐet／ʔ jet／ʔ jiet／· jit
上古音：「女」n i̯o／n ǐa／n jaɡ／n iaɣ／n rjagx
上古音：「子」ts i̯əɡ／ts ǐə／ts jəɡ／ts jiəɣ／ts jəgx","アイヌ語：一女子＝「イェ・アッ・ニ・アク・テュ・アク(ie-at-ni-ak-tu-ak)」
＝「石が・たくさんある・棒の（ように細長い）・弟（のように小さいもの）・峰の・弟」","jomon2_bnum68.html"
"海内北経","大行伯、犬封国、犬戎国、吉量","方跪／進柸食","「大行伯（たいこうはく）という神人がおり、手に戈（ほこ）を握っている。その東に犬封国（けんほうこく）がある。また、貳負（じふ）の遺体は大行伯の東にある。犬封国は（別名を）犬戎国（けんじゅうこく）ともいい、その民の姿は犬のようである。そこには一人の女性がおり、ちょうど膝をついて跪き、杯（さかずき）に入った食べ物を（人に）進めようとしている。ここには模様のある珍しい馬（文馬）がおり、白い体（縞身）に赤い鬣（たてがみ）を持ち、その目は黄金のように輝いている。名を吉量（きつりょう）といい、これに乗れば千歳の寿（よわい／寿命）を得ることができる。」","","","上古音：「方」- -／- -／bʰ juaŋ／b jwaŋ／b jang
上古音：「方」p i̯waŋ／p ǐwaŋ／p juaŋ／p jwaŋ／p jang
上古音：「跪」kʰ wia／k ǐwai／kʰ jua／kʰ iwa／khw jarx
上古音：「跪」ɡʰ wia／g ǐwai／ɡʰ jua／ɡ iwa／gw jiarx
上古音：「進」ts i̯ĕn／ts ǐen／ts jen／ts jien／ts jin
上古音：「坏」bʰ wəɡ／pʰ uə／pʰ uə̂ɡ／pʰ wəɣ／ph əg
上古音：「食」dz i̯əɡ／ʎ ǐə／d jəɡ／r iəɣ／g rjəgh
上古音：「食」i̯ək／ȡ ǐək／ȡʰ jək／zd jiək／g rjək","アイヌ語：方跪／進柸食＝「ピル・アゥ・ウン・キル・アゥ(pir-aw-un-kir-aw)／テュ・エ・エン・ピル・アク・テュ・アク(tu-e-en-pir-ak-tu-ak)」
＝「傷の（ように切り刻まれた）・角、枝分かれ・にある・山脚の・角、枝分かれ／峰が・そこで・突き出ている・傷の・弟（のように小さいもの）・峰の・弟」","jomon2_bnum68.html"
"海内北経","大行伯、犬封国、犬戎国、吉量","文馬","「大行伯（たいこうはく）という神人がおり、手に戈（ほこ）を握っている。その東に犬封国（けんほうこく）がある。また、貳負（じふ）の遺体は大行伯の東にある。犬封国は（別名を）犬戎国（けんじゅうこく）ともいい、その民の姿は犬のようである。そこには一人の女性がおり、ちょうど膝をついて跪き、杯（さかずき）に入った食べ物を（人に）進めようとしている。ここには模様のある珍しい馬（文馬）がおり、白い体（縞身）に赤い鬣（たてがみ）を持ち、その目は黄金のように輝いている。名を吉量（きつりょう）といい、これに乗れば千歳の寿（よわい／寿命）を得ることができる。」","","","上古音：「文」m i̯wən／m ǐwən／m juə̆n／m jwən／m jən
上古音：「馬」m ɔ／m ea／m uăɡ／m rwaɣ／m ragx","アイヌ語：文馬＝「ムィ・アゥ・ウン・ム・アク(muy-aw-un-mu-ak)」
＝「頂の・角、枝分かれ・にある・ふさがっている・弟（のように小さいもの）」","jomon2_bnum68.html"
"海内北経","大行伯、犬封国、犬戎国、吉量","縞身朱鬣","「大行伯（たいこうはく）という神人がおり、手に戈（ほこ）を握っている。その東に犬封国（けんほうこく）がある。また、貳負（じふ）の遺体は大行伯の東にある。犬封国は（別名を）犬戎国（けんじゅうこく）ともいい、その民の姿は犬のようである。そこには一人の女性がおり、ちょうど膝をついて跪き、杯（さかずき）に入った食べ物を（人に）進めようとしている。ここには模様のある珍しい馬（文馬）がおり、白い体（縞身）に赤い鬣（たてがみ）を持ち、その目は黄金のように輝いている。名を吉量（きつりょう）といい、これに乗れば千歳の寿（よわい／寿命）を得ることができる。」","","","上古音：「縞」k oɡ／k au／k ɔ̂ɡ／k aw／k agwx
上古音：「身」ɕ i̯ĕn／ɕ ǐen／ɕ jen／stʰ jien／sth jin
上古音：「朱」ȶ i̯u／ȶ ǐwɔ／ȶ juɡ／t jew／t jug
上古音：「鬣」l i̯ap／l ǐap／l jap／l iap／l jap","アイヌ語：縞身朱鬣＝「ク・アク・シル・エ・エン・テュク・リ・アプ(ku-ak-sir-e-en-tuk-ri-ap)」
＝「矢の（ように鋭い）・弟の（ように小さい）・山が・そこで・突き出ている・小山の・高い・釣り針（のように曲がったもの）」","jomon2_bnum68.html"
"海内北経","大行伯、犬封国、犬戎国、吉量","目若黃金","「大行伯（たいこうはく）という神人がおり、手に戈（ほこ）を握っている。その東に犬封国（けんほうこく）がある。また、貳負（じふ）の遺体は大行伯の東にある。犬封国は（別名を）犬戎国（けんじゅうこく）ともいい、その民の姿は犬のようである。そこには一人の女性がおり、ちょうど膝をついて跪き、杯（さかずき）に入った食べ物を（人に）進めようとしている。ここには模様のある珍しい馬（文馬）がおり、白い体（縞身）に赤い鬣（たてがみ）を持ち、その目は黄金のように輝いている。名を吉量（きつりょう）といい、これに乗れば千歳の寿（よわい／寿命）を得ることができる。」","","","上古音：「目」 m／m ǐuk／m jok／m jəwk／m jəkw
上古音：「若」ȵ i̯ak／ȵ ǐak／ȵ jak／n jak／n jak
上古音：「黃」ɡʰ wɑŋ／ɣ uaŋ／ɣ uɑŋ／ɡ waŋ／gw ang
上古音：「金」k i̯əm／k ǐəm／k jəm／k iəm／k jəm","アイヌ語：目若黃金＝「ムィ・アク・ニ・アク・キル・アゥ・ウン・キル・アム(muy-ak-ni-ak-kir-aw-un-kir-am)」
＝「頂の・弟（のように小さいもの）・棒の（ように細長い）・弟の・山脚の・角、枝分かれ・にある・山脚の・爪（のように平べったく鋭いもの）」","jomon2_bnum68.html"
"海内北経","大行伯、犬封国、犬戎国、吉量","吉量","「大行伯（たいこうはく）という神人がおり、手に戈（ほこ）を握っている。その東に犬封国（けんほうこく）がある。また、貳負（じふ）の遺体は大行伯の東にある。犬封国は（別名を）犬戎国（けんじゅうこく）ともいい、その民の姿は犬のようである。そこには一人の女性がおり、ちょうど膝をついて跪き、杯（さかずき）に入った食べ物を（人に）進めようとしている。ここには模様のある珍しい馬（文馬）がおり、白い体（縞身）に赤い鬣（たてがみ）を持ち、その目は黄金のように輝いている。名を吉量（きつりょう）といい、これに乗れば千歳の寿（よわい／寿命）を得ることができる。」","","","上古音：「吉」k i̯ĕt／k ǐet／k jet／k jiet／k jit
上古音：「量」l i̯aŋ／l ǐaŋ／l jaŋ／l iaŋ／l jang","アイヌ語：吉量＝「キル・アッ・リ・アゥ・ウン(kir-at-ri-aw-un)」
＝「山脚が・たくさんある・高い・角、枝分かれ・にある（ところ）」
※アイヌ語「ク＝弓」。中国大陸、朝鮮半島では「ク＝矢」の可能性。サハリン、シベリアのニヴフ（ギリヤーク）語も「ク＝矢」。","jomon2_bnum68.html"
"海内北経","鬼国、蜪犬","鬼","「鬼国（きこく）は貳負（じふ）の遺体の北にある。その民の姿は、人間の顔をしているが目が一つだけ（単眼）である。一説には、貳負の神（の遺体）はその東にあり、その姿は人間の顔に蛇の体をしているともいう。蜪犬（とうけん）という怪獣は犬のようで、青い色をしており、人を食べるときは頭から（丸呑みにするように）食べ始める。」","貳負の尸の北。","","上古音：「鬼」k i̯wər／k ǐwəi／k juə̆d／k jiwər／kw jədx","アイヌ語：鬼＝「キル・アッ(kir-at)」
＝「山脚が・たくさんある（ところ）」","jomon2_bnum68.html"
"海内北経","鬼国、蜪犬","人面而一目","「鬼国（きこく）は貳負（じふ）の遺体の北にある。その民の姿は、人間の顔をしているが目が一つだけ（単眼）である。一説には、貳負の神（の遺体）はその東にあり、その姿は人間の顔に蛇の体をしているともいう。蜪犬（とうけん）という怪獣は犬のようで、青い色をしており、人を食べるときは頭から（丸呑みにするように）食べ始める。」","貳負の尸の北。","","上古音：「人」ȵ i̯ĕn／ȵ ǐen／ȵ jen／n jien／n jin
上古音：「面」m i̯an／m ǐan／m juæn／m jiwan／m jianh
上古音：「而」ȵ i̯əɡ／ȵ ǐə／ȵ jəɡ／n jiəɣ／n jəg
上古音：「一」ʔ i̯ĕt／0 ǐet／ʔ jet／ʔ jiet／· jit
上古音：「目」 m／m ǐuk／m jok／m jəwk／m jəkw","アイヌ語：人面而一目＝「ニ・エ・エン・ムィ・アゥ・ウン(ni-e-en-muy-aw-un)／ニ・アク・イェ・アッ・ムィ・アク(ni-ak-ie-at-muy-ak)」
＝「棒（のように細長い峰）が・そこで・突き出ている・頂の・角、枝分かれ・にある（ところ）／棒の・弟（のように小さい）・石が・たくさんある・頂の・弟」","jomon2_bnum68.html"
"海内北経","鬼国、蜪犬","人面蛇身","「鬼国（きこく）は貳負（じふ）の遺体の北にある。その民の姿は、人間の顔をしているが目が一つだけ（単眼）である。一説には、貳負の神（の遺体）はその東にあり、その姿は人間の顔に蛇の体をしているともいう。蜪犬（とうけん）という怪獣は犬のようで、青い色をしており、人を食べるときは頭から（丸呑みにするように）食べ始める。」","貳負の尸の北。","","上古音：「人」ȵ i̯ĕn／ȵ ǐen／ȵ jen／n jien／n jin
上古音：「面」m i̯an／m ǐan／m juæn／m jiwan／m jianh
上古音：「蛇」d ia／ʎ ǐai／d ja／r ia／r ar
上古音：「蛇」- -／- -／tʰ ɑ／tʰ a／th ar
上古音：「身」ɕ i̯ĕn／ɕ ǐen／ɕ jen／stʰ jien／sth jin","アイヌ語：人面蛇身＝「ニ・エ・エン・ムィ・アゥ・ウン(ni-e-en-muy-aw-un)／テュ・アゥ・シル・エ・エン(tu-aw-sir-e-en)」
＝「棒（のように細長い峰）が・そこで・突き出ている・頂の・角、枝分かれ・にある（ところ）／峰の・角、枝分かれの・山が・そこで・突き出ている（ところ）」","jomon2_bnum68.html"
"海内北経","鬼国、蜪犬","蜪犬","「鬼国（きこく）は貳負（じふ）の遺体の北にある。その民の姿は、人間の顔をしているが目が一つだけ（単眼）である。一説には、貳負の神（の遺体）はその東にあり、その姿は人間の顔に蛇の体をしているともいう。蜪犬（とうけん）という怪獣は犬のようで、青い色をしており、人を食べるときは頭から（丸呑みにするように）食べ始める。」","貳負の尸の北。","","上古音：「蜪」- -／- -／ dʰ ôɡ／d əw／d əgw
上古音：「犬」kʰ iwən／kʰ iwan／kʰ iuæn／kʰ ewan／khw ianx","アイヌ語：蜪犬＝「テュ・アク・キル・アゥ・ウン(tu-ak-kir-aw-un)」
＝「峰の・弟の（ように小さい）・山脚の・角、枝分かれ・にある（ところ）」","jomon2_bnum68.html"
"海内北経","鬼国、蜪犬","犬","「鬼国（きこく）は貳負（じふ）の遺体の北にある。その民の姿は、人間の顔をしているが目が一つだけ（単眼）である。一説には、貳負の神（の遺体）はその東にあり、その姿は人間の顔に蛇の体をしているともいう。蜪犬（とうけん）という怪獣は犬のようで、青い色をしており、人を食べるときは頭から（丸呑みにするように）食べ始める。」","貳負の尸の北。","","上古音：「犬」kʰ iwən／kʰ iwan／kʰ iuæn／kʰ ewan／khw ianx","アイヌ語：犬＝「キル・アゥ・ウン(kir-aw-un)」
＝「山脚の・角、枝分かれ・にある（ところ）」","jomon2_bnum68.html"
"海内北経","鬼国、蜪犬","青","「鬼国（きこく）は貳負（じふ）の遺体の北にある。その民の姿は、人間の顔をしているが目が一つだけ（単眼）である。一説には、貳負の神（の遺体）はその東にあり、その姿は人間の顔に蛇の体をしているともいう。蜪犬（とうけん）という怪獣は犬のようで、青い色をしており、人を食べるときは頭から（丸呑みにするように）食べ始める。」","貳負の尸の北。","","上古音：「青」tsʰ ieŋ／tsʰ ieŋ／tsʰ ieŋ／tsʰ eŋ／tsh ing","アイヌ語：青＝「テュ・エ・エン(tu-e-en)」
＝「峰が・そこで・突き出ている（ところ）」","jomon2_bnum68.html"
"海内北経","鬼国、蜪犬","食人從首始","「鬼国（きこく）は貳負（じふ）の遺体の北にある。その民の姿は、人間の顔をしているが目が一つだけ（単眼）である。一説には、貳負の神（の遺体）はその東にあり、その姿は人間の顔に蛇の体をしているともいう。蜪犬（とうけん）という怪獣は犬のようで、青い色をしており、人を食べるときは頭から（丸呑みにするように）食べ始める。」","貳負の尸の北。","","上古音：「食」dz i̯əɡ／ʎ ǐə／d jəɡ／r iəɣ／g rjəgh
上古音：「食」- i̯ək／ȡ ǐək／ȡʰ jək／zd jiək／g rjək
上古音：「人」ȵ i̯ĕn／ȵ ǐen／ȵ jen／n jien／n jin
上古音：「從」dzʰ i̯uŋ／dz ǐwɔŋ／dzʰ juŋ／dz jewŋ／dz jung
上古音：「從」tsʰ i̯uŋ／tsʰ ǐwɔŋ／tsʰ juŋ／tsʰ jewŋ／tsh jung
上古音：「首」ɕ／ɕ ǐu／ç jŏɡ／stʰ jəw／h rjəgwx
上古音：「始」ɕ i̯əɡ／ɕ ǐə／ɕ jəɡ／stʰ jiəɣ／sth jəgx","アイヌ語：食人從首始＝「テュ・アク・ニ・エ・エン・テュン・シル・アク・シル・アク(tu-ak-ni-e-en-tun-sir-ak-sir-ak)」
＝「峰の・弟の・棒（のように細長いもの）が・そこで・突き出ている・山間の・山の・弟（のように小さいもの）・山の・弟」","jomon2_bnum68.html"
"海内北経","窮奇","窮奇","「窮奇（きゅうき）という怪獣は姿が虎のようで、翼（羽）が生えており、人を食べるときは頭から食べ始める。食われる人間は髪を振り乱している（あるいは窮奇は髪を振り乱した人間を食べる）。この窮奇は蜪犬の北にいる。一説には從足ともいう。」","蜪犬の北。","","上古音：「窮」ɡʰ -／g ǐuŋ／ɡʰ joŋ／ɡ jəwŋ／g jəngw
上古音：「奇」ɡʰ ia／g ǐai／ɡʰ ja／ɡ ia／g jar
上古音：「奇」k ia／k ǐai／k ja／k ia／k jar","アイヌ語：窮奇＝「キル・アゥ・ウン・キル・アゥ(kir-aw-un-kir-aw)」
＝「山脚の・角、枝分かれ・にある・山脚の・角、枝分かれ」","jomon2_bnum68.html"
"海内北経","窮奇","虎","「窮奇（きゅうき）という怪獣は姿が虎のようで、翼（羽）が生えており、人を食べるときは頭から食べ始める。食われる人間は髪を振り乱している（あるいは窮奇は髪を振り乱した人間を食べる）。この窮奇は蜪犬の北にいる。一説には從足ともいう。」","蜪犬の北。","","上古音：「虎」x o／h a／x ɑɡ／x aɣ／h agx","アイヌ語：虎＝「シル・アク(sir-ak)」
＝「山の・弟（のように小さいもの）」","jomon2_bnum68.html"
"海内北経","窮奇","有翼","「窮奇（きゅうき）という怪獣は姿が虎のようで、翼（羽）が生えており、人を食べるときは頭から食べ始める。食われる人間は髪を振り乱している（あるいは窮奇は髪を振り乱した人間を食べる）。この窮奇は蜪犬の北にいる。一説には從足ともいう。」","蜪犬の北。","","上古音：「有」ɡ i̯ŭɡ／ɣ ǐwə／ɣ juə̆ɡ／ɣ jwəɣ／gw jəgx
上古音：「翼」ɡ i̯ək／ʎ ǐək／d jək／r iək／r ək","アイヌ語：有翼＝「キル・アク・テュ・アク(kir-ak-tu-ak)」
＝「山脚の・弟（のように小さいもの）・峰の・弟」","jomon2_bnum68.html"
"海内北経","窮奇","所食被髮","「窮奇（きゅうき）という怪獣は姿が虎のようで、翼（羽）が生えており、人を食べるときは頭から食べ始める。食われる人間は髪を振り乱している（あるいは窮奇は髪を振り乱した人間を食べる）。この窮奇は蜪犬の北にいる。一説には從足ともいう。」","蜪犬の北。","","上古音：「所」ʂ i̯o／ʃ ǐa／s aɡ／s iaɣ／sk rjagx
上古音：「食」dz i̯əɡ／ʎ ǐə／d jəɡ／r iəɣ／g rjəgh
上古音：「食」- i̯ək／ȡ ǐək／ȡʰ jək／zd jiək／g rjək
上古音：「被」bʰ ia／b ǐai／bʰ jua／b iwa／b jiarh
上古音：「髮」p i̯wăt／p ǐwat／p juăt／p jwat／p jat","アイヌ語：所食被髮＝「シル・アク・テュ・アク・ピル・アゥ・ピル・アッ(sir-ak-tu-ak-pir-aw-pir-at)」
＝「山の・弟（のように小さいもの）・峰の・弟の・傷（のように切り刻まれた）・角、枝分かれ・傷が・たくさんある（ところ）」","jomon2_bnum68.html"
"海内北経","窮奇","從足","「窮奇（きゅうき）という怪獣は姿が虎のようで、翼（羽）が生えており、人を食べるときは頭から食べ始める。食われる人間は髪を振り乱している（あるいは窮奇は髪を振り乱した人間を食べる）。この窮奇は蜪犬の北にいる。一説には從足ともいう。」","蜪犬の北。","","上古音：「從」dzʰ i̯uŋ／dz ǐwɔŋ／dzʰ juŋ／dz jewŋ／dz jung
上古音：「從」tsʰ i̯uŋ／tsʰ ǐwɔŋ／tsʰ juŋ／tsʰ jewŋ／tsh jung
上古音：「足」ts i̯uk／ts ǐwɔk／ts juk／ts jewk／ts juk","アイヌ語：從足＝「テュン・テュク(tun-tuk)」
＝「山間の・小山」","jomon2_bnum68.html"
"海内北経","大蠭、朱蛾","大蠭","「大𧔧（だいしょう）はその姿がイナゴのようであり、朱蛾（しゅが）はその姿が蛾のようである。」","崑崙東北。","","上古音：「大」tʰ ɑd／dʰ ɑd／d at／dʰ ɑd／d ar／d adh
上古音：「蠭」- -／- -／pʰ juŋ／pʰ jewŋ／ph jung","アイヌ語：大蠭＝「テュ・アッ・ピル・ウン(tu-at-pir-un)」
＝「峰が・たくさんある・傷（のように切り刻まれたもの）・にある（ところ）」","jomon2_bnum68.html"
"海内北経","大蠭、朱蛾","螽","「大𧔧（だいしょう）はその姿がイナゴのようであり、朱蛾（しゅが）はその姿が蛾のようである。」","崑崙東北。","","上古音：「螽」- -／ȶ ǐuŋ／ȶ joŋ／t jəwŋ／t jəngw","アイヌ語：螽＝「テュン(tun)」
＝「山間」","jomon2_bnum68.html"
"海内北経","大蠭、朱蛾","朱蛾","「大𧔧（だいしょう）はその姿がイナゴのようであり、朱蛾（しゅが）はその姿が蛾のようである。」","崑崙東北。","","上古音：「朱」ȶ i̯u／ȶ ǐwɔ／ȶ juɡ／t jew／t jug
上古音：「蛾」ŋ ɑ／ŋ ai／ŋ ɑ／ŋ a／ng ar
上古音：「蛾」ŋ ia／- -／ŋ ja／- -／ng jarx","アイヌ語：朱蛾＝「テュク・キル・アゥ(tuk-kir-aw)」
＝「小山の・山脚の・角、枝分かれ」","jomon2_bnum68.html"
"海内北経","大蠭、朱蛾","蛾","「大𧔧（だいしょう）はその姿がイナゴのようであり、朱蛾（しゅが）はその姿が蛾のようである。」","崑崙東北。","","上古音：「蛾」ŋ ɑ／ŋ ai／ŋ ɑ／ŋ a／ng ar
上古音：「蛾」ŋ ia／- -／ŋ ja／- -／ng jarx","アイヌ語：蛾＝「キル・アゥ(kir-aw)」
＝「山脚の・角、枝分かれ」","jomon2_bnum68.html"
"海内北経","蟜","蟜","「蟜（きょう）は人の姿で虎の斑紋があり、すねには肉の塊（またはふくらはぎ）があり、窮奇（きゅうき）の東にいるが、一説にはその姿は人のようであるともいわれる。」","崑崙の丘の北。","","上古音：「蟜」- -／- -／ɡʰ jɔ̆ɡ／- -／g jagw
上古音：「蟜」- -／- -／k jɔ̆ɡɡ／k iawɡ／k jagwx","アイヌ語：蟜＝「キル・アク(kir-ak)」
＝「山脚の・弟（のように小さいもの）」","jomon2_bnum68.html"
"海内北経","蟜","虎文","「蟜（きょう）は人の姿で虎の斑紋があり、すねには肉の塊（またはふくらはぎ）があり、窮奇（きゅうき）の東にいるが、一説にはその姿は人のようであるともいわれる。」","崑崙の丘の北。","","上古音：「虎」x o／h a／x ɑɡ／x aɣ／h agx
上古音：「文」m i̯wən／m ǐwən／m juə̆n／m jwən／m jən","アイヌ語：虎文＝「シル・アク・ムィ・アゥ・ウン(sir-ak-muy-aw-un)」
＝「山の・弟の（ように小さい）・頂の・角、枝分かれ・にある（ところ）」","jomon2_bnum68.html"
"海内北経","蟜","脛有𦜹","「蟜（きょう）は人の姿で虎の斑紋があり、すねには肉の塊（またはふくらはぎ）があり、窮奇（きゅうき）の東にいるが、一説にはその姿は人のようであるともいわれる。」","崑崙の丘の北。","","上古音：「脛」ɡʰ ieŋ／ɣ ieŋ／ɣ ieŋ／ɡ eŋ／g ingh
上古音：「有」ɡ i̯ŭɡ／ɣ ǐwə／ɣ juə̆ɡ／ɣ jwəɣ／gw jəgx
上古音：「啟」kʰ iər／kʰ iei／kʰ ieɡ／kʰ eɣ／kh igx","アイヌ語：脛有𦜹＝「キル・エ・エン・キル・アク・キル・アク(kir-e-en-kir-ak-kir-ak)」
＝「山脚が・そこで・つきでている・山脚の・弟（のように小さいもの）・山脚の・弟」","jomon2_bnum68.html"
"海内北経","蟜","人","「蟜（きょう）は人の姿で虎の斑紋があり、すねには肉の塊（またはふくらはぎ）があり、窮奇（きゅうき）の東にいるが、一説にはその姿は人のようであるともいわれる。」","崑崙の丘の北。","","上古音：「人」ȵ i̯ĕn／ȵ ǐen／ȵ jen／n jien／n jin","アイヌ語：人＝「ニ・エ・エン(ni-e-en)」
＝「棒（のように細長い峰）が・そこで・突き出ている（ところ）」","jomon2_bnum68.html"
"海内北経","闒非、拠比尸、環狗、祙、戎","闒非","「崑崙の丘の北には次のようなものたちがいる。闒非（とうひ）は人の顔で獣の体をし、青色をしている。据比の屍（きょひのしかばね）は人の姿で首が折れ曲がり、髪を振り乱しており、片手がない。環拘（かんく）は人の姿で獣の頭をしており、一説にはハリネズミのようで姿は犬に似て黄色いともいわれる。𥘯（し）という怪物は、人の体に黒い頭で、目が縦についている。戎（じゅう）は人の姿で、人の頭に3本の角が生えている。」","崑崙の丘の北。","","上古音：「闒」- -／- -／dʰ ɑp／d ap／d ap
上古音：「非」p i̯wər／p ǐwəi／p juə̆d／p jiwər／p jəd","アイヌ語：闒非＝「テュ・アプ・ピル・アッ(tu-ap-pir-at)」
＝「峰の・釣り針の（ように曲がった）・傷（のように切り刻まれたもの）が・たくさんある（ところ）」","jomon2_bnum68.html"
"海内北経","闒非、拠比尸、環狗、祙、戎","人面獸身","「崑崙の丘の北には次のようなものたちがいる。闒非（とうひ）は人の顔で獣の体をし、青色をしている。据比の屍（きょひのしかばね）は人の姿で首が折れ曲がり、髪を振り乱しており、片手がない。環拘（かんく）は人の姿で獣の頭をしており、一説にはハリネズミのようで姿は犬に似て黄色いともいわれる。𥘯（し）という怪物は、人の体に黒い頭で、目が縦についている。戎（じゅう）は人の姿で、人の頭に3本の角が生えている。」","崑崙の丘の北。","","上古音：「人」ȵ i̯ĕn／ȵ ǐen／ȵ jen／n jien／n jin
上古音：「面」m i̯an／m ǐan／m juæn／m jiwan／m jianh
上古音：「而」ȵ i̯əɡ／ȵ ǐə／ȵ jəɡ／n jiəɣ／n jəg
上古音：「獸」ɕ -／ɕ ǐu／ç jŏɡ／stʰ jəw／h rjəgwh
上古音：「身」ɕ i̯ĕn／ɕ ǐen／ɕ jen／stʰ jien／sth jin","アイヌ語：人面獸身＝「ニ・エ・エン・ムィ・アゥ・ウン(ni-e-en-muy-aw-un)／ニ・アク・シル・アク・シル・エ・エン(ni-ak-sir-ak-sir-e-en)」
＝「棒（のように細長い峰）が・そこで・突き出ている・頂の・角、枝分かれ・にある（ところ）／棒の・弟・山の・弟の（ように小さい）・山が・そこで・突き出ている（ところ）」","jomon2_bnum68.html"
"海内北経","闒非、拠比尸、環狗、祙、戎","青","「崑崙の丘の北には次のようなものたちがいる。闒非（とうひ）は人の顔で獣の体をし、青色をしている。据比の屍（きょひのしかばね）は人の姿で首が折れ曲がり、髪を振り乱しており、片手がない。環拘（かんく）は人の姿で獣の頭をしており、一説にはハリネズミのようで姿は犬に似て黄色いともいわれる。𥘯（し）という怪物は、人の体に黒い頭で、目が縦についている。戎（じゅう）は人の姿で、人の頭に3本の角が生えている。」","崑崙の丘の北。","","上古音：「青」tsʰ ieŋ／tsʰ ieŋ／tsʰ ieŋ／tsʰ eŋ／tsh ing","アイヌ語：青＝「テュ・エ・エン(tu-e-en)」
＝「峰が・そこで・突き出ている（ところ）」","jomon2_bnum68.html"
"海内北経","闒非、拠比尸、環狗、祙、戎","據比","「崑崙の丘の北には次のようなものたちがいる。闒非（とうひ）は人の顔で獣の体をし、青色をしている。据比の屍（きょひのしかばね）は人の姿で首が折れ曲がり、髪を振り乱しており、片手がない。環拘（かんく）は人の姿で獣の頭をしており、一説にはハリネズミのようで姿は犬に似て黄色いともいわれる。𥘯（し）という怪物は、人の体に黒い頭で、目が縦についている。戎（じゅう）は人の姿で、人の頭に3本の角が生えている。」","崑崙の丘の北。","","上古音：「據」k i̯waɡ／k ǐa／k jaɡ／k jaɣ／k jagh
上古音：「比」p i̯ər／p ǐei／p jed／p jier／p jidx
上古音：「比」bʰ i̯ər／b ǐei／bʰ jed／b jier／b jidh","アイヌ語：據比＝「キル・アク・ピル・アッ(kir-ak-pir-at)」
＝「山脚の・弟の（ように小さい）・傷（のように切り刻まれたもの）が・たくさんある（ところ）」","jomon2_bnum68.html"
"海内北経","闒非、拠比尸、環狗、祙、戎","折頸／被髮","「崑崙の丘の北には次のようなものたちがいる。闒非（とうひ）は人の顔で獣の体をし、青色をしている。据比の屍（きょひのしかばね）は人の姿で首が折れ曲がり、髪を振り乱しており、片手がない。環拘（かんく）は人の姿で獣の頭をしており、一説にはハリネズミのようで姿は犬に似て黄色いともいわれる。𥘯（し）という怪物は、人の体に黒い頭で、目が縦についている。戎（じゅう）は人の姿で、人の頭に3本の角が生えている。」","崑崙の丘の北。","","上古音：「折」ȶ i̯at／ȶ ǐat／ȶ jæt／t jiat／t jat
上古音：「折」ȡ i̯at／ʑ ǐat／ʑ jæt／d jiat／d jat
上古音：「頸」ɡʰ i̯ĕŋ／g ǐeŋ／ɡʰ jeŋ／ɡ jieŋ／g jing
上古音：「頸」k i̯ĕŋ／k ǐeŋ／k jeŋ／k jieŋ／k jingx
上古音：「被」bʰ ia／b ǐai／bʰ jua／b iwa／b jiarh
上古音：「髮」p i̯wăt／p ǐwat／p juăt／p jwat／p jat","アイヌ語：折頸／被髮＝「テュ・アッ・キル・エ・エン(tu-at-kir-e-en)／ピル・アゥ・ピル・アッ(pir-aw-pir-at)」
＝「峰が・たくさんある・山脚が・そこで・突き出ている／傷の（ように切り刻まれた）・角、枝分かれの・傷が・たくさんある（ところ）」","jomon2_bnum68.html"
"海内北経","闒非、拠比尸、環狗、祙、戎","無一手","「崑崙の丘の北には次のようなものたちがいる。闒非（とうひ）は人の顔で獣の体をし、青色をしている。据比の屍（きょひのしかばね）は人の姿で首が折れ曲がり、髪を振り乱しており、片手がない。環拘（かんく）は人の姿で獣の頭をしており、一説にはハリネズミのようで姿は犬に似て黄色いともいわれる。𥘯（し）という怪物は、人の体に黒い頭で、目が縦についている。戎（じゅう）は人の姿で、人の頭に3本の角が生えている。」","崑崙の丘の北。","","上古音：「無」m i̯wo／m ǐwa／m juaɡ／m jwaɣ／m jag
上古音：「一」ʔ i̯ĕt／0 ǐet／ʔ jet／ʔ jiet／· jit
上古音：「手」ɕ ／ɕ ǐu／ɕ jŏɡ／stʰ jəw／sth jəgwx","アイヌ語：無一手＝「ムィ・アク・イェ・アッ・シル・アク(muy-ak-ie-at-sir-ak)」
＝「頂の・弟の（ように小さい）・石が・たくさんある・山の・弟」","jomon2_bnum68.html"
"海内北経","闒非、拠比尸、環狗、祙、戎","環拘","「崑崙の丘の北には次のようなものたちがいる。闒非（とうひ）は人の顔で獣の体をし、青色をしている。据比の屍（きょひのしかばね）は人の姿で首が折れ曲がり、髪を振り乱しており、片手がない。環拘（かんく）は人の姿で獣の頭をしており、一説にはハリネズミのようで姿は犬に似て黄色いともいわれる。𥘯（し）という怪物は、人の体に黒い頭で、目が縦についている。戎（じゅう）は人の姿で、人の頭に3本の角が生えている。」","崑崙の丘の北。","","上古音：「環」ɡʰ wan／ɣ oan／ɣ uan／ɡ rwan／gw ran
上古音：「拘」k i̯u／k ǐwɔ／k juɡ／k jew／k jug","アイヌ語：環拘＝「キル・アゥ・ウン・キル・ク(kir-aw-un-kir-ku)」
＝「山脚の・角、枝分かれ・にある・山脚の・矢（のように鋭い峰）」","jomon2_bnum68.html"
"海内北経","闒非、拠比尸、環狗、祙、戎","獸首人身","「崑崙の丘の北には次のようなものたちがいる。闒非（とうひ）は人の顔で獣の体をし、青色をしている。据比の屍（きょひのしかばね）は人の姿で首が折れ曲がり、髪を振り乱しており、片手がない。環拘（かんく）は人の姿で獣の頭をしており、一説にはハリネズミのようで姿は犬に似て黄色いともいわれる。𥘯（し）という怪物は、人の体に黒い頭で、目が縦についている。戎（じゅう）は人の姿で、人の頭に3本の角が生えている。」","崑崙の丘の北。","","上古音：「獸」ɕ -／ɕ ǐu／ç jŏɡ／stʰ jəw／h rjəgwh
上古音：「首」ɕ／ɕ ǐu／ç jŏɡ／stʰ jəw／h rjəgwx
上古音：「人」ȵ i̯ĕn／ȵ ǐen／ȵ jen／n jien／n jin
上古音：「身」ɕ i̯ĕn／ɕ ǐen／ɕ jen／stʰ jien／sth jin","アイヌ語：獸首人身＝「シル・アク・シル・アク・ニ・エ・エン・シル・エ・エン(sir-ak-sir-ak-ni-e-en-sir-e-en)」
＝「山の・弟（のように小さいもの）・山の・弟の・棒（のように細長いもの）が・そこで・突き出ている・山が・そこで・突き出ている（ところ）」","jomon2_bnum68.html"
"海内北経","闒非、拠比尸、環狗、祙、戎","蝟","「崑崙の丘の北には次のようなものたちがいる。闒非（とうひ）は人の顔で獣の体をし、青色をしている。据比の屍（きょひのしかばね）は人の姿で首が折れ曲がり、髪を振り乱しており、片手がない。環拘（かんく）は人の姿で獣の頭をしており、一説にはハリネズミのようで姿は犬に似て黄色いともいわれる。𥘯（し）という怪物は、人の体に黒い頭で、目が縦についている。戎（じゅう）は人の姿で、人の頭に3本の角が生えている。」","崑崙の丘の北。","","上古音：「蝟」ɡ i̯wəd／ɣ ǐwəi／ɣ juə̆d／ɣ jwər／gw jədh","アイヌ語：蝟＝「キル・アッ(kir-at)」
＝「山脚が・たくさんある（ところ）」","jomon2_bnum68.html"
"海内北経","闒非、拠比尸、環狗、祙、戎","拘","「崑崙の丘の北には次のようなものたちがいる。闒非（とうひ）は人の顔で獣の体をし、青色をしている。据比の屍（きょひのしかばね）は人の姿で首が折れ曲がり、髪を振り乱しており、片手がない。環拘（かんく）は人の姿で獣の頭をしており、一説にはハリネズミのようで姿は犬に似て黄色いともいわれる。𥘯（し）という怪物は、人の体に黒い頭で、目が縦についている。戎（じゅう）は人の姿で、人の頭に3本の角が生えている。」","崑崙の丘の北。","","上古音：「拘」k i̯u／k ǐwɔ／k juɡ／k jew／k jug","アイヌ語：拘＝「キル・ク(kir-ku)」
＝「山脚の・矢（のように鋭い峰）」","jomon2_bnum68.html"
"海内北経","闒非、拠比尸、環狗、祙、戎","黃","「崑崙の丘の北には次のようなものたちがいる。闒非（とうひ）は人の顔で獣の体をし、青色をしている。据比の屍（きょひのしかばね）は人の姿で首が折れ曲がり、髪を振り乱しており、片手がない。環拘（かんく）は人の姿で獣の頭をしており、一説にはハリネズミのようで姿は犬に似て黄色いともいわれる。𥘯（し）という怪物は、人の体に黒い頭で、目が縦についている。戎（じゅう）は人の姿で、人の頭に3本の角が生えている。」","崑崙の丘の北。","","上古音：「黃」ɡʰ wɑŋ／ɣ uaŋ／ɣ uɑŋ／ɡ waŋ／gw ang","アイヌ語：黃＝「キル・アゥ・ウン(kir-aw-un)」
＝「山脚の・角、枝分かれ・にある（ところ）」","jomon2_bnum68.html"
"海内北経","闒非、拠比尸、環狗、祙、戎","袜","「崑崙の丘の北には次のようなものたちがいる。闒非（とうひ）は人の顔で獣の体をし、青色をしている。据比の屍（きょひのしかばね）は人の姿で首が折れ曲がり、髪を振り乱しており、片手がない。環拘（かんく）は人の姿で獣の頭をしており、一説にはハリネズミのようで姿は犬に似て黄色いともいわれる。𥘯（し）という怪物は、人の体に黒い頭で、目が縦についている。戎（じゅう）は人の姿で、人の頭に3本の角が生えている。」","崑崙の丘の北。","","上古音：「襪」- -／m ǐwat ／- -／- -／- -","アイヌ語：袜＝「ムィ・アッ(muy-at)」
＝「頂が・たくさんある（ところ）」","jomon2_bnum68.html"
"海内北経","闒非、拠比尸、環狗、祙、戎","人身／黑首／從目","「崑崙の丘の北には次のようなものたちがいる。闒非（とうひ）は人の顔で獣の体をし、青色をしている。据比の屍（きょひのしかばね）は人の姿で首が折れ曲がり、髪を振り乱しており、片手がない。環拘（かんく）は人の姿で獣の頭をしており、一説にはハリネズミのようで姿は犬に似て黄色いともいわれる。𥘯（し）という怪物は、人の体に黒い頭で、目が縦についている。戎（じゅう）は人の姿で、人の頭に3本の角が生えている。」","崑崙の丘の北。","","上古音：「人」ȵ i̯ĕn／ȵ ǐen／ȵ jen／n jien／n jin
上古音：「身」ɕ i̯ĕn／ɕ ǐen／ɕ jen／stʰ jien／sth jin
上古音：「黑」xm ək／h ək／m̥ uə̂k／xm ək／hm ək
上古音：「首」ɕ／ɕ ǐu／ç jŏɡ／stʰ jəw／h rjəgwx
上古音：「從」tsʰ i̯uŋ／tsʰ ǐwɔŋ／tsʰ juŋ／tsʰ jewŋ／tsh jung
上古音：「目」m／m ǐuk／m jok／m jəwk／m jəkw","アイヌ語：人身／黑首／從目＝「ニ・エ・エン・シル・エ・エン(ni-e-en-sir-e-en)／フム・アク・シル・アク(hum-ak-sir-ak)／テュン・ムィ・アク(tun-muy-ak)」
＝「棒（のように細長いもの）が・そこで・突き出ている・山が・そこで・突き出ている／断片の・弟（のように小さい峰）・山の・弟／山間の・頂の・弟」","jomon2_bnum68.html"
"海内北経","闒非、拠比尸、環狗、祙、戎","戎","「崑崙の丘の北には次のようなものたちがいる。闒非（とうひ）は人の顔で獣の体をし、青色をしている。据比の屍（きょひのしかばね）は人の姿で首が折れ曲がり、髪を振り乱しており、片手がない。環拘（かんく）は人の姿で獣の頭をしており、一説にはハリネズミのようで姿は犬に似て黄色いともいわれる。𥘯（し）という怪物は、人の体に黒い頭で、目が縦についている。戎（じゅう）は人の姿で、人の頭に3本の角が生えている。」","崑崙の丘の北。","","上古音：「戎」ȵ -／ȵ ǐuŋ／ȵ joŋ／n jəwŋ／n jəngw","アイヌ語：戎＝「ニ・アゥ・ウン(ni-aw-un)」
＝「棒の（ように細長い）・角、枝分かれ・にある（ところ）」","jomon2_bnum68.html"
"海内北経","闒非、拠比尸、環狗、祙、戎","人首三角","「崑崙の丘の北には次のようなものたちがいる。闒非（とうひ）は人の顔で獣の体をし、青色をしている。据比の屍（きょひのしかばね）は人の姿で首が折れ曲がり、髪を振り乱しており、片手がない。環拘（かんく）は人の姿で獣の頭をしており、一説にはハリネズミのようで姿は犬に似て黄色いともいわれる。𥘯（し）という怪物は、人の体に黒い頭で、目が縦についている。戎（じゅう）は人の姿で、人の頭に3本の角が生えている。」","崑崙の丘の北。","","上古音：「人」ȵ i̯ĕn／ȵ ǐen／ȵ jen／n jien／n jin
上古音：「首」ɕ／ɕ ǐu／ç jŏɡ／stʰ jəw／h rjəgwx
上古音：「三」s əm／s əm／s ə̂m／s əm／s əm
上古音：「角」k ŭk／k eɔk／k uk／k rewk／k ruk","アイヌ語：人首三角＝「ニ・エ・エン・シル・アク・シル・アム・ク・ク(ni-e-en-sir-ak-sir-am-ku-ku)」
＝「棒（のように細長いもの）が・そこで・突き出ている・山の・弟（のように小さい峰）・山の・爪の（ように平べったく鋭い）・矢（のように鋭い峰）・矢」
※アイヌ語「ク＝弓」。中国大陸、朝鮮半島では「ク＝矢」の可能性。サハリン、シベリアのニヴフ（ギリヤーク）語も「ク＝矢」。","jomon2_bnum68.html"
"海内東経","雷澤、雷神","雷澤","「雷澤（らいたく）の中に雷神がおり、竜の体で人の頭をしており、その腹を打ち鳴らす。これは呉の西にある。」","呉の西。山東省菏沢市鄄城県。","","上古音：「雷」l wər／l uəi／l uə̂d／l wər／l əd
上古音：「澤」dʰ ăk／d eak／dʰ ăk／d rak／d rak","アイヌ語：雷澤＝「ル・アッ・テュ・アク(ru-at-tu-ak)」
＝「（消えかかった）跡が・たくさんある・峰の・弟（のように小さいもの）」","jomon2_bnum68.html"
"海内東経","雷澤、雷神","雷神","「雷澤（らいたく）の中に雷神がおり、竜の体で人の頭をしており、その腹を打ち鳴らす。これは呉の西にある。」","呉の西。山東省菏沢市鄄城県。","","上古音：「雷」l wər／l uəi／l uə̂d／l wər／l əd
上古音：「神」ʰ i̯ĕn／ȡ ǐen／ȡʰ jen／zd jien／d jin","アイヌ語：雷神＝「ル・アッ・テュ・エ・エン(ru-at-tu-e-en)」
＝「（消えかかった）跡が・たくさんある・峰が・そこで・突き出ている（ところ）」","jomon2_bnum68.html"
"海内東経","雷澤、雷神","龍身／而人頭","「雷澤（らいたく）の中に雷神がおり、竜の体で人の頭をしており、その腹を打ち鳴らす。これは呉の西にある。」","呉の西。山東省菏沢市鄄城県。","","上古音：「龍」l i̯uŋ／l ǐwɔŋ／l juŋ／l iewŋ／l jung
上古音：「身」ɕ i̯ĕn／ɕ ǐen／ɕ jen／stʰ jien／sth jin
上古音：「而」ȵ i̯əɡ／ȵ ǐə／ȵ jəɡ／n jiəɣ／n jəg
上古音：「人」ȵ i̯ĕn／ȵ ǐen／ȵ jen／n jien／n jin
上古音：「頭」dʰ u／d ɔ／dʰ ûɡ／d ew／d ug","アイヌ語：龍身／而人頭＝「リ・アゥ・ウン・シル・エ・エン(ri-aw-un-sir-e-en)／ニ・アク・ニ・エ・エン・テュク(ni-ak-ni-e-en-tuk)」
＝「高い・角、枝分かれ・にある・山が・そこで・突き出ている／棒の（ように細長い）・弟（のように小さい峰）・棒が・そこで・突き出ている・小山」","jomon2_bnum68.html"
"海内東経","雷澤、雷神","鼓／其／腹","「雷澤（らいたく）の中に雷神がおり、竜の体で人の頭をしており、その腹を打ち鳴らす。これは呉の西にある。」","呉の西。山東省菏沢市鄄城県。","","上古音：「鼓」k o／k a／k uɑɡ／k waɣ／kw agx
上古音：「其」ɡʰ i̯əɡ／g ǐə／ɡʰ jəɡ／ɡ iəɣ／g jəg
上古音：「其」k i̯əɡ／- -／k jəɡ／k iəɣ／k jəg;
上古音：「腹」p -／p ǐuk／p jok／p jəwk／p jəkw","アイヌ語：鼓／其／腹＝「ク・アク(ku-ak)／キル・アク(kir-ak)／ピル・アク(pir-ak)」
＝「矢の（ように鋭い）・弟（のように小さい峰）／山脚の・弟／傷の（ように切り刻まれた）・弟」
※アイヌ語「ク＝弓」。中国大陸、朝鮮半島では「ク＝矢」の可能性。サハリン、シベリアのニヴフ（ギリヤーク）語も「ク＝矢」。","jomon2_bnum68.html"
"海内東経","都州","都州","「都州（としゅう）は海の中に在る。一説には郁州（いくしゅう）ともいう。」","現在の郁州（別名：蒼梧山、現在の江蘇省連雲港市の雲台山周辺）","","上古音：「都」t o／t a／t ɑɡ／t aɣ／t ag
上古音：「州」tɕ ／ȶ ǐ u／ȶ jŏ ɡ／t jəw／t jəgw","アイヌ語：都州＝「テュ・アク・テュ・アク(tu-ak-tu-ak)」
＝「峰の・弟（のように小さいもの）・峰の・弟」","jomon2_bnum68.html"
"海内東経","都州","郁州","「都州（としゅう）は海の中に在る。一説には郁州（いくしゅう）ともいう。」","現在の郁州（別名：蒼梧山、現在の江蘇省連雲港市の雲台山周辺）","","上古音：「郁」ʔ i̯ŭk／0 ǐwək／ʔ juə̆k／ʔ jwək／·w jək
上古音：「州」tɕ ／ȶ ǐ u／ȶ jŏ ɡ／t jəw／t jəgw","アイヌ語：郁州＝「イ・ウ・アク(i-u-ak)」
＝「その・互いに重なるような・弟（のように小さい峰）」","jomon2_bnum68.html"
"海内東経","琅邪臺","琅邪臺","「琅瑘台は渤海の間に在り、琅瑘の東（東方）に位置する。」","現在の山東省青島市黄島区。","","上古音：「琅」l ɑŋ／l aŋ／l ɑŋ／l aŋ／l ang
上古音：「邪」z i̯ɔ／ʎ ia／ɡ jăɡ／ɣr aɣ／g rjiag
上古音：「邪」dz i̯ɔ／z ia／z jăɡ／r jiaɣ／sg jiag
上古音：「臺」dʰ əɡ／d ə／dʰ ə̂ɡ／d əɣ／d əg","アイヌ語：琅邪臺＝「ル・アゥ・ウン・キル・アク・テュ・アク(ru-aw-un-kir-ak-tu-ak)」
＝「消えかかっている・角、枝分かれ・にある・山脚の・弟（のように小さいもの）・峰の・弟」
or「ル・アゥ・ウン・リ・アク・テュ・アク(ru-aw-un-ri-ak-tu-ak)」
＝「消えかかっている・角、枝分かれ・にある・高い・弟（のように小さいもの）・峰の・弟」","jomon2_bnum68.html"
"海内東経","琅邪臺","琅邪","「琅瑘台は渤海の間に在り、琅瑘の東（東方）に位置する。」","現在の山東省青島市黄島区。","","上古音：「琅」l ɑŋ／l aŋ／l ɑŋ／l aŋ／l ang
上古音：「邪」z i̯ɔ／ʎ ia／ɡ jăɡ／ɣr aɣ／g rjiag
上古音：「邪」dz i̯ɔ／z ia／z jăɡ／r jiaɣ／sg jiag","アイヌ語：琅邪＝「ル・アゥ・ウン・キル・アク(ru-aw-un-kir-ak)」
＝「消えかかっている・角、枝分かれ・にある・山脚の・弟（のように小さいもの）」
or「ル・アゥ・ウン・リ・アク(ru-aw-un-ri-ak)」
＝「消えかかっている・角、枝分かれ・にある・高い・弟（のように小さいもの）」","jomon2_bnum68.html"
"海内東経","韓鴈、始鳩、轅厲","韓鴈","「韓鴈（かんがん）は海の中に在り、都州（としゅう）の南に位置する。始鳩（しきゅう）は海の中に在り、轅厲（えんれい）の南に位置する。」","都州南。山東半島と会稽の間。","","上古音：「韓」ɡʰ ɑn／ɣ an／- -／ɡ an／- -
上古音：「鴈」ŋ an／ŋ ean／ŋ an／ŋ ran／ng ranh","アイヌ語：韓鴈＝「キル・アゥ・ウン・キル・アゥ・ウン(kir-aw-un-kir-aw-un)」
＝「山脚の・角、枝分かれ・にある（ところ）・山脚の・角、枝分かれ・にある（ところ）」","jomon2_bnum68.html"
"海内東経","韓鴈、始鳩、轅厲","始鳩","「韓鴈（かんがん）は海の中に在り、都州（としゅう）の南に位置する。始鳩（しきゅう）は海の中に在り、轅厲（えんれい）の南に位置する。」","都州南。山東半島と会稽の間。","","上古音：「始」ɕ i̯əɡ／ɕ ǐə／ɕ jəɡ／stʰ jiəɣ／sth jəgx
上古音：「鳩」k -／k ǐu／k jŏɡ／k jəw／k jəgw","アイヌ語：始鳩＝「シル・アク・キル・アク(sir-ak-kir-ak)」
＝「山の・弟（のように小さいもの）・山脚の・弟」","jomon2_bnum68.html"
"海内東経","韓鴈、始鳩、轅厲","轅厲","「韓鴈（かんがん）は海の中に在り、都州（としゅう）の南に位置する。始鳩（しきゅう）は海の中に在り、轅厲（えんれい）の南に位置する。」","都州南。山東半島と会稽の間。","","上古音：「轅」ɡ i̯wăn／ɣ ǐwan／ɣ juăn／ɣ jwan／gw jan
上古音：「厲」l i̯ad／l ǐat／l jæd／l iar／l jadh","アイヌ語：轅厲＝「キル・アゥ・ウン・リ・アッ(kir-aw-un-ri-at)」
＝「山脚の・角、枝分かれ・にある・高い（ところが）・たくさんある（ところ）」","jomon2_bnum68.html"
"海内東経","会稽、楚","会稽","「会稽山（かいけいざん）は、大楚（たいそ）の南にある。」","会稽。","","上古音：「會」ɡʰ wɑd／ɣ uat／ɣ uɑd／ɡ war／gw adh
上古音：「會」k wɑd／k uat／k uɑd／k war／kw adh
上古音：「稽」k iər／kʰ iei／kʰ ied／kʰ er／kh idx","アイヌ語：会稽＝「ク・アッ・キル・アッ(ku-at-kir-at)」
＝「矢（先のように鋭い峰）が・たくさんある・山脚が・たくさんある（ところ）」
※アイヌ語「ク＝弓」。中国大陸、朝鮮半島では「ク＝矢」の可能性。サハリン、シベリアのニヴフ（ギリヤーク）語も「ク＝矢」。","jomon2_bnum68.html"
"海内東経","会稽、楚","楚","「会稽山（かいけいざん）は、大楚（たいそ）の南にある。」","会稽。","","上古音：「楚」tʂʰ i̯o／tʃʰ ǐa／tsʰ aɡ／tsʰ iaɣ／tsh rjagx","アイヌ語：楚＝「テュ・アク(tu-ak)」
＝「峰の・弟」","jomon2_bnum68.html"
"西山経","錢來の山","錢來","「華山（山脈）の首（いちばん初めの山）を、錢來（せんらい）の山という。その山の上には松が多く、その下には洗石（せんせき）が多い。」","","「太華の山＝華山」の東方【「山海経記載105里」×0.21＝28.4 km】の山","上古音：「錢」dzʰ i̯an／dz ǐan／dzʰ jæn／dz jian／dz jan
上古音：「錢」 ts i̯an／ts ǐan／ts jæn／ts jian／ts janx
上古音：「來」l əɡ／l ə／l ə̂ɡ／l əɣ／l əg","アイヌ語：錢來＝「テュ・アゥ・ウン・ル・アク(tu-aw-un-ru-ak)」
＝「峰の・角、枝分かれ・にある・消えかかった・弟（のように小さいもの）」","jomon2_bnum69.html"
"西山経","錢來の山","松","「華山（山脈）の首（いちばん初めの山）を、錢來（せんらい）の山という。その山の上には松が多く、その下には洗石（せんせき）が多い。」","","「太華の山＝華山」の東方【「山海経記載105里」×0.21＝28.4 km】の山","上古音：「松」dz i̯uŋ／z ǐwɔŋ／z juŋ／r jewŋ／sg jung","アイヌ語：松＝「テュン(tun)」
＝「山間」","jomon2_bnum69.html"
"西山経","錢來の山","洗石","「華山（山脈）の首（いちばん初めの山）を、錢來（せんらい）の山という。その山の上には松が多く、その下には洗石（せんせき）が多い。」","","「太華の山＝華山」の東方【「山海経記載105里」×0.21＝28.4 km】の山","上古音：「洗」s iən／s iən／s iən／s eən／s iənx
上古音：「石」ȡ i̯ăk／ʑ iak／- -／d jiak／d jiak","アイヌ語：洗石＝「シル・アゥ・ウン・テュ・アク(sir-aw-un-tu-ak)」
＝「山の・角、枝分かれ・にある・峰の・弟（のように小さい峰）」","jomon2_bnum69.html"
"西山経","錢來の山／羬羊","羊而馬尾","「獣がいる。その状は羊の如くで馬の尾。名は羬羊（大羊）。その脂は腊（せき：ひび）をいやすによろし」","","","上古音：「羊」z i̯aŋ／ʎ ǐaŋ／ɡ jaŋ／ɣr iaŋ／r ang
上古音：「而」ȵ i̯əɡ／ȵ ǐə／ȵ jəɡ／n jiəɣ／n jəg
上古音：「馬」m ɔ／m ea／m uăɡ／m rwaɣ／m ragx
上古音：「尾」m i̯wər／m ǐwəi／m juə̆d／m jiwər／m jədx","アイヌ語：羊而馬尾＝「テュ・アゥ・ウン・ニ・アク・ム・アク・ムィ・アッ(tu-aw-un-ni-ak-mu-ak-muy-at)」
＝「峰の・角、枝分かれ・にある・棒の（ように細長い）・弟（のように小さいもの）・塞がっている・弟の・頂が・たくさんある（ところ）」","jomon2_bnum69.html"
"西山経","錢來の山／羬羊","羬羊","「獣がいる。その状は羊の如くで馬の尾。名は羬羊（大羊）。その脂は腊（せき：ひび）をいやすによろし」","","","上古音：「咸」ɡʰ æm／ɣ eəm／ɣ əm／ɡ rəm／g rəm
上古音：「羊」z i̯aŋ／ʎ ǐaŋ／ɡ jaŋ／ɣr iaŋ／r ang","アイヌ語：羬羊＝「キル・アム・キル・アゥ・ウン(kir-am-kir-aw-un)」
＝「山脚の・爪の（ように平べったく鋭い）・山脚の・角、枝分かれ・にある（ところ）」","jomon2_bnum69.html"
"西山経","錢來の山／羬羊","腊","「獣がいる。その状は羊の如くで馬の尾。名は羬羊（大羊）。その脂は腊（せき：ひび）をいやすによろし」","","","上古音：「腊」s i̯ăk／s iak／- -／s jiak／- -","アイヌ語：腊＝「シル・アク(sir-ak)」
＝「山の・弟（のように小さいもの）」
※アイヌ語「ク＝弓」。中国大陸、朝鮮半島では「ク＝矢」の可能性。サハリン、シベリアのニヴフ（ギリヤーク）語も「ク＝矢」。","jomon2_bnum69.html"
"西山経","松果の山","松果","「（銭来の山から）西へ四十五里行くと、松果（しょうか）の山という。濩水（かくすい）がここから流れ出て、北へ流れて渭水に注ぐ。その水の中には銅が多い。」","","「太華の山＝華山」の東方【「山海経記載60里」×0.21＝12.6 km】の山","上古音：「松」dz i̯uŋ／z ǐwɔŋ／z juŋ／r jewŋ／sg jung
上古音：「果」 kl wɑr／k uai／k uɑ／k wa／kw arx","アイヌ語：松果＝「テュン・ク・アゥ(tun-ku-aw)」
＝「山間の・矢の（ように鋭い峰の）・角、枝分かれ」
※アイヌ語「ク＝弓」。中国大陸、朝鮮半島では「ク＝矢」の可能性。サハリン、シベリアのニヴフ（ギリヤーク）語も「ク＝矢」。","jomon2_bnum69.html"
"西山経","松果の山","濩水","「（銭来の山から）西へ四十五里行くと、松果（しょうか）の山という。濩水（かくすい）がここから流れ出て、北へ流れて渭水に注ぐ。その水の中には銅が多い。」","","「太華の山＝華山」の東方【「山海経記載60里」×0.21＝12.6 km】の山","上古音：「濩」ɡʰ wɑk／ɣ uak／ɣ uɑk／ɡ wak／gw ak
上古音：「水」ɕ i̯wər／ɕ ǐwei／ç jued／stʰ jiwer／h rjidx","アイヌ語：濩水＝「キル・アク・シル・アッ(kir-ak-sir-at)」
＝「山脚の・弟の（ように小さい）・山が・たくさんある（ところ）」","jomon2_bnum69.html"
"西山経","松果の山","銅","「（銭来の山から）西へ四十五里行くと、松果（しょうか）の山という。濩水（かくすい）がここから流れ出て、北へ流れて渭水に注ぐ。その水の中には銅が多い。」","","「太華の山＝華山」の東方【「山海経記載60里」×0.21＝12.6 km】の山","上古音：「銅」dʰ uŋ／d ɔŋ／dʰ ûŋ／d ewŋ／d ung","アイヌ語：銅＝「テュン(tun)」
＝「山間」","jomon2_bnum69.html"
"西山経","松果の山／䳋渠","䳋渠","「鳥がいる。その名は䳋渠。その状は山雉の如く、黒い身、赤い脚、𦢊（はく：あかぎれ）をいやすによろし」","","","上古音：「鳥」t ／t iu／t ioɡ／t eəw／t iəgwx
上古音：「渠」- ɡʰ i̯o／g ǐa／ɡʰ jaɡ／ɡ jaɣ／g jag","アイヌ語：䳋渠＝「テュ・アク・キル・アク(tu-ak-kir-ak)」
＝「峰の・弟（のように小さいもの）・山脚の・弟」","jomon2_bnum69.html"
"西山経","松果の山／䳋渠","山雞","「鳥がいる。その名は䳋渠。その状は山雉の如く、黒い身、赤い脚、𦢊（はく：あかぎれ）をいやすによろし」","","","上古音：「山」s ăn／ʃ ean／- -／s rian／s rian
上古音：「雞」k ieɡ／k ieɡ／k eɣ／k ig","アイヌ語：山雞＝「シル・アゥ・ウン・キル・アク(sir-aw-un-kir-ak)」
＝「山の・角、枝分かれ・にある・山脚の・弟（のように小さいもの）」","jomon2_bnum69.html"
"西山経","松果の山／䳋渠","黑身赤足","「鳥がいる。その名は䳋渠。その状は山雉の如く、黒い身、赤い脚、𦢊（はく：あかぎれ）をいやすによろし」","","","上古音：「黑」xm ək／h ək／m̥ uə̂k／xm ək／hm ək
上古音：「身」ɕ i̯ĕn／ɕ ǐen／ɕ jen／stʰ jien／sth jin
上古音：「赤」ȶʰ i̯ăk／ȶʰ iak／cʰ jăk／tʰ jiak／kh rjiak
上古音：「足」ts i̯uk／ts ǐwɔk／ts juk／ts jewk／ts juk","アイヌ語：黑身赤足＝「フム・アク・シル・エ・エン・テュ・アク・テュク(hum-ak-sir-e-en-tu-ak-tuk)」
＝「断片の・弟の（ように小さい峰の）・山が・そこで・突き出ている・峰の・弟の・小山」","jomon2_bnum69.html"
"西山経","松果の山／䳋渠","𦢊","「鳥がいる。その名は䳋渠。その状は山雉の如く、黒い身、赤い脚、𦢊（はく：あかぎれ）をいやすによろし」","","","上古音：「暴」bʰ oɡ／b au／bʰ ɔ̂ɡ／b aw／b agwh
上古音：「暴」bʰ uk／b əuk／bʰ ɔ̂k3／b awk／b akw","アイヌ語：𦢊＝「パ・アク(pa-ak)」
＝「頭（岬）の・弟」
※アイヌ語「ク＝弓」。中国大陸、朝鮮半島では「ク＝矢」の可能性。サハリン、シベリアのニヴフ（ギリヤーク）語も「ク＝矢」。","jomon2_bnum69.html"
"西山経","太華の山","太華","「また西へ六十里いくと、太華（たいか）の山という。削り落としたように四角く、その高さは五千仞（じん）、その広さは十里あり、鳥や獣は住んでいない。」","","","上古音：「太」tʰ ɑd／tʰ at／- -／tʰ ar／- -
上古音：「華」ɡʰ wɔ／ɣ oa／ɣ uăɡ／ɡ rwaɣ／gw ragh
上古音：「華」- -／h oa／x uăɡ／x rwaɣ／hw rag","アイヌ語：太華＝「テュ・アッ・キル・アク(tu-at-kir-ak)」
＝「峰が・たくさんある・山脚の・弟（のように小さい峰）」","jomon2_bnum69.html"
"西山経","太華の山","華山","「また西へ六十里いくと、太華（たいか）の山という。削り落としたように四角く、その高さは五千仞（じん）、その広さは十里あり、鳥や獣は住んでいない。」","","","上古音：「華」ɡʰ wɔ／ɣ oa／ɣ uăɡ／ɡ rwaɣ／gw ragh
上古音：「華」- -／h oa／x uăɡ／x rwaɣ／hw rag
上古音：「山」s ăn／ʃ ean／- -／s rian／s rian","アイヌ語：華山＝「キル・アク・シル・アゥ・ウン(kir-ak-sir-aw-un)」
＝「山脚の・弟の（ように小さい）・山の・角、枝分かれ・にある（ところ）」","jomon2_bnum69.html"
"西山経","太華の山","削成而四方","「また西へ六十里いくと、太華（たいか）の山という。削り落としたように四角く、その高さは五千仞（じん）、その広さは十里あり、鳥や獣は住んでいない。」","","","上古音：「削」s i̯ok／s ǐauk／s jɔk／s jawk／s jakw
上古音：「成」ȡ i̯ĕŋ／ʑ ǐeŋ／ʑ jeŋ／d jieŋ／d jing
上古音：「而」ȵ i̯əɡ／ȵ ǐə／ȵ jəɡ／n jiəɣ／n jəg
上古音：「四」s i̯əd／s ǐei／s jed／s jier／s jidh
上古音：「方」- -／- -／bʰ juaŋ／b jwaŋ／b jang
上古音：「方」p i̯waŋ／p ǐwaŋ／p juaŋ／p jwaŋ／p jang","アイヌ語：削成而四方＝「シル・アク・テュ・エ・エン(sir-ak-tu-e-en)／ニ・アク・シル・アッ・ピル・アゥ・ウン(ni-ak-sir-at-pir-aw-un)」
＝「山の・弟の（ように小さい）・峰が・そこで・突き出ている／棒の（ように細長い）・弟の・山が・たくさんある・傷の（ように切り刻まれた）・角、枝分かれ・にある（ところ）」","jomon2_bnum69.html"
"西山経","太華の山","鳥獸莫居","「また西へ六十里いくと、太華（たいか）の山という。削り落としたように四角く、その高さは五千仞（じん）、その広さは十里あり、鳥や獣は住んでいない。」","","","上古音：「鳥」t ／t iu／t ioɡ／t eəw／t iəgwx
上古音：「獸」ɕ -／ɕ ǐu／ç jŏɡ／stʰ jəw／h rjəgwh
上古音：「莫」m uak／m uɑk／m wak／m ak
上古音：「居」k i̯o／k ǐa／k jaɡ／k jaɣ／k jag","アイヌ語：鳥獸莫居＝「テュ・アク・シル・アク・ム・アク・キル・アク(tu-ak-sir-ak-mu-ak-kir-ak)」
＝「峰の・弟（のように小さいもの）・山の・弟・塞がっている・弟・山脚の・弟」","jomon2_bnum69.html"
"西山経","太華の山／肥𧔥","蛇","「ここに蛇がおり、名を肥𧔥（ひい）という。六つの足と四つの翼（羽）があり、これが現れると天下（世界中）が大干ばつになる。」","","","上古音：「蛇」d ia／ʎ ǐai／d ja／r ia／r ar
上古音：「蛇」- -／- -／tʰ ɑ／tʰ a／th ar","アイヌ語：蛇＝「テュ・アゥ(tu-aw)」
＝「峰の・角、枝分かれ」","jomon2_bnum69.html"
"西山経","太華の山／肥𧔥","肥𧔥","「ここに蛇がおり、名を肥𧔥（ひい）という。六つの足と四つの翼（羽）があり、これが現れると天下（世界中）が大干ばつになる。」","","","上古音：「肥」bʰ i̯wər／b ǐwəi／bʰ juə̆d／b jiwər／b jəd
上古音：「遺」ɡ i̯wæd／ʎ ǐwəi／ɡ juəd／ɣr iwər／gw rjəd
上古音：「遺」- -／ʎ ǐwəi／ɡ juəd／- -／gw rjədh","アイヌ語：肥𧔥＝「ピル・アッ・キル・アッ(pir-at-kir-at)」
＝「傷（のように切り刻まれた峰）が・たくさんある・山脚が・たくさんある（ところ）」","jomon2_bnum69.html"
"西山経","太華の山／肥𧔥","六足四翼","「ここに蛇がおり、名を肥𧔥（ひい）という。六つの足と四つの翼（羽）があり、これが現れると天下（世界中）が大干ばつになる。」","","","上古音：「六」l／l ǐuk／l jok／l iəwk／l jəkw
上古音：「足」ts i̯uk／ts ǐwɔk／ts juk／ts jewk／ts juk
上古音：「四」s i̯əd／s ǐei／s jed／s jier／s jidh
上古音：「翼」ɡ i̯ək／ʎ ǐək／d jək／r iək／r ək","アイヌ語：六足四翼＝「リ・アク・テュク・シル・アッ・テュ・アク(ri-ak-tuk-sir-at-tu-ak)」
＝「高い・弟の（ように小さい）・小山の・山が・たくさんある・峰の・弟」","jomon2_bnum69.html"
"西山経","太華の山／肥𧔥","見則天下大旱","「ここに蛇がおり、名を肥𧔥（ひい）という。六つの足と四つの翼（羽）があり、これが現れると天下（世界中）が大干ばつになる。」","","","上古音：「見」k ian／k ian／k iæn／k ean／k ianh
上古音：「則」ts ək／ts ək／ts ə̂k／ts ək／ts ək
上古音：「天」tʰ ien／tʰ ien／tʰ ien／tʰ en／th in
上古音：「下」ɡʰ ɔ／ɣ ea／ɣ ăɡ／ɡ raɣ／g ragx
上古音：「大」tʰ ɑd／dʰ ɑd／d at／dʰ ɑd／d ar／d adh
上古音：「旱」ɡʰ ɑn／ɣ an／ɣ ɑn／ɡ an／g anx","アイヌ語：見則天下大旱＝「キル・アゥ・ウン・テュ・アク(kir-aw-un-tu-ak)／テュ・エ・エン・キル・アク(tu-e-en-kir-ak)／テュ・アッ・ク・アン(tu-at-ku-an)」
＝「山脚の・角、枝分かれ・にある・峰の・弟（のように小さいもの）／峰が・そこで・突き出ている・山脚の・弟／峰が・たくさんある・矢の（ように鋭い）・弟」
※アイヌ語「ク＝弓」。中国大陸、朝鮮半島では「ク＝矢」の可能性。サハリン、シベリアのニヴフ（ギリヤーク）語も「ク＝矢」。","jomon2_bnum69.html"
"西山経","小華の山","小華","「また西へ八十里いくと、小華の山という。その木は荊や杞（クコ）が多く、その獣は㸲牛（さくぎゅう）が多い。山の北側には磬石（けいせき）が多く、南側には㻬琈（とふ）の玉（ぎょく）が多い。鳥は赤鷩（せきへつ）が多く、これは火災を防ぐことができる。その草には萆荔（ひれい）があり、姿は烏韭（うきゅう）のようで石の上に生え、また木に這い上がって生える。これを食べると心臓の痛みが治る。」","","「太華の山＝華山」の西方【「山海経記載80里」×0.21＝16.8 km】の山","上古音：「小」s i̯oɡ／s ǐau／s jɔɡ／s jiaw／s jagwx
上古音：「華」ɡʰ wɔ／ɣ oa／ɣ uăɡ／ɡ rwaɣ／gw ragh
上古音：「華」- -／h oa／x uăɡ／x rwaɣ／hw rag","アイヌ語：小華＝「シル・アク・キル・アク(sir-ak-kir-ak)」
＝「山の・弟（のように小さいもの）・峰の・弟」","jomon2_bnum69.html"
"西山経","小華の山","荊杞","「また西へ八十里いくと、小華の山という。その木は荊や杞（クコ）が多く、その獣は㸲牛（さくぎゅう）が多い。山の北側には磬石（けいせき）が多く、南側には㻬琈（とふ）の玉（ぎょく）が多い。鳥は赤鷩（せきへつ）が多く、これは火災を防ぐことができる。その草には萆荔（ひれい）があり、姿は烏韭（うきゅう）のようで石の上に生え、また木に這い上がって生える。これを食べると心臓の痛みが治る。」","","「太華の山＝華山」の西方【「山海経記載80里」×0.21＝16.8 km】の山","上古音：「荊」k i̯ĕŋ／k ǐeŋ／k jĕŋ／k ieŋ／k jing
上古音：「杞」ɡ kʰ i̯əɡ／kʰ ǐə／kʰ jəɡ／kʰ iəɣ／kh jəgx","アイヌ語：荊杞＝「キル・エ・エン・キル・アク(kir-e-en-kir-ak)」
＝「山脚が・そこで・突き出ている・山脚の・弟（のように小さいもの）」","jomon2_bnum69.html"
"西山経","小華の山","㸲牛","「また西へ八十里いくと、小華の山という。その木は荊や杞（クコ）が多く、その獣は㸲牛（さくぎゅう）が多い。山の北側には磬石（けいせき）が多く、南側には㻬琈（とふ）の玉（ぎょく）が多い。鳥は赤鷩（せきへつ）が多く、これは火災を防ぐことができる。その草には萆荔（ひれい）があり、姿は烏韭（うきゅう）のようで石の上に生え、また木に這い上がって生える。これを食べると心臓の痛みが治る。」","","「太華の山＝華山」の西方【「山海経記載80里」×0.21＝16.8 km】の山","上古音：「作」- -／ts a／ts ɑɡ／ts aɣ／ts agh
上古音：「牛」ŋ i̯ŭɡ／ŋ ǐwə／ŋ juə̆ɡ／ŋ jwəɣ／ng jəg","アイヌ語：㸲牛＝「テュ・アク・キル・アク(tu-ak-kir-ak)」
＝「山の・弟（のように小さいもの）／峰の・弟・山脚の・弟」","jomon2_bnum69.html"
"西山経","小華の山","磬石","「また西へ八十里いくと、小華の山という。その木は荊や杞（クコ）が多く、その獣は㸲牛（さくぎゅう）が多い。山の北側には磬石（けいせき）が多く、南側には㻬琈（とふ）の玉（ぎょく）が多い。鳥は赤鷩（せきへつ）が多く、これは火災を防ぐことができる。その草には萆荔（ひれい）があり、姿は烏韭（うきゅう）のようで石の上に生え、また木に這い上がって生える。これを食べると心臓の痛みが治る。」","","「太華の山＝華山」の西方【「山海経記載80里」×0.21＝16.8 km】の山","上古音：「磬」kʰ ieŋ／kʰ ieŋ／kʰ ieŋ／kʰ eŋ／kh ingh
上古音：「石」ȡ i̯ăk／ʑ iak／- -／d jiak／d jiak","アイヌ語：磬石＝「キル・エ・エン・テュ・アク(kir-e-en-tu-ak)」
＝「山脚が・そこで・突き出ている・峰の・弟（のように小さいもの）」","jomon2_bnum69.html"
"西山経","小華の山","㻬琈／之玉","「また西へ八十里いくと、小華の山という。その木は荊や杞（クコ）が多く、その獣は㸲牛（さくぎゅう）が多い。山の北側には磬石（けいせき）が多く、南側には㻬琈（とふ）の玉（ぎょく）が多い。鳥は赤鷩（せきへつ）が多く、これは火災を防ぐことができる。その草には萆荔（ひれい）があり、姿は烏韭（うきゅう）のようで石の上に生え、また木に這い上がって生える。これを食べると心臓の痛みが治る。」","","「太華の山＝華山」の西方【「山海経記載80里」×0.21＝16.8 km】の山","上古音：「㻌」tʰ o／- -／- -／tʰ aɣ／- -
上古音：「孚」pʰ i̯uɡ／pʰ ǐu／- -／pʰ jwəw／- -
上古音：「之」ȶ i̯əɡ／ȶ ǐə／ȶ jəɡ／t jiəɣ／t jəg
上古音：「玉」ŋ i̯uk／ŋ ǐwɔk／ŋ juk／ŋ jewk／ng juk","アイヌ語：㻬琈／之玉＝「テュ・アク・ピル・アゥ(tu-ak-pir-aw)／テュ・アク・キル・ク(tu-ak-kir-ku)」
＝「峰の・弟の（ように小さい）・傷の（ように切り刻まれた）・角、枝分かれ／峰の・弟・山脚の・矢（のように鋭いもの）」","jomon2_bnum69.html"
"西山経","小華の山","赤鷩","「また西へ八十里いくと、小華の山という。その木は荊や杞（クコ）が多く、その獣は㸲牛（さくぎゅう）が多い。山の北側には磬石（けいせき）が多く、南側には㻬琈（とふ）の玉（ぎょく）が多い。鳥は赤鷩（せきへつ）が多く、これは火災を防ぐことができる。その草には萆荔（ひれい）があり、姿は烏韭（うきゅう）のようで石の上に生え、また木に這い上がって生える。これを食べると心臓の痛みが治る。」","","「太華の山＝華山」の西方【「山海経記載80里」×0.21＝16.8 km】の山","上古音：「赤」ȶʰ i̯ăk／ȶʰ iak／cʰ jăk／tʰ jiak／kh rjiak
上古音：「鷩」p i̯ad／- -／p juæd／p jiwar／p jiadh
上古音：「鷩」p i̯at／- -／bʰ juæt／p jiwat／b jiat","アイヌ語：赤鷩＝「テュ・アク・ピル・アッ(tu-ak-pir-at)」
＝「峰の・弟の・傷（のように切り刻まれたもの）が・たくさんある（ところ）」","jomon2_bnum69.html"
"西山経","小華の山","禦火","「また西へ八十里いくと、小華の山という。その木は荊や杞（クコ）が多く、その獣は㸲牛（さくぎゅう）が多い。山の北側には磬石（けいせき）が多く、南側には㻬琈（とふ）の玉（ぎょく）が多い。鳥は赤鷩（せきへつ）が多く、これは火災を防ぐことができる。その草には萆荔（ひれい）があり、姿は烏韭（うきゅう）のようで石の上に生え、また木に這い上がって生える。これを食べると心臓の痛みが治る。」","","「太華の山＝華山」の西方【「山海経記載80里」×0.21＝16.8 km】の山","上古音：「禦」ŋ i̯o／- -／ŋ jaɡ／ŋ jaɣ／ng jagx
上古音：「火」x wɑr／h uəi／x uə̂r／x wə／hw ərx","アイヌ語：禦火＝「キル・アク・シル・アゥ(kir-ak-sir-aw)」
＝「山脚の・弟の（ように小さい）・山の・角、枝分かれ」","jomon2_bnum69.html"
"西山経","小華の山","草有萆荔","「また西へ八十里いくと、小華の山という。その木は荊や杞（クコ）が多く、その獣は㸲牛（さくぎゅう）が多い。山の北側には磬石（けいせき）が多く、南側には㻬琈（とふ）の玉（ぎょく）が多い。鳥は赤鷩（せきへつ）が多く、これは火災を防ぐことができる。その草には萆荔（ひれい）があり、姿は烏韭（うきゅう）のようで石の上に生え、また木に這い上がって生える。これを食べると心臓の痛みが治る。」","","「太華の山＝華山」の西方【「山海経記載80里」×0.21＝16.8 km】の山","上古音：「草」tsʰ／tsʰ u／tsʰ ôɡ／tsʰ əw／tsh əgwx
上古音：「有」ɡ i̯ŭɡ／ɣ ǐwə／ɣ juə̆ɡ／ɣ jwəɣ／gw jəgx
上古音：「椑」- -／- -／p jeɡ／p jieɣ／p jig
上古音：「椑」bʰ ieɡ／- -／bʰ ieɡ／b eɣ／b ig
上古音：「椑」bʰ iek／- -／bʰ iek／b ek／b ik
上古音：「荔」- -／l iei／l iab／l er／gl iabh","アイヌ語：草有萆荔＝「テュ・アク(tu-ak)／キル・アク(kir-ak)／ピル・アク(pir-ak)／リ・アプ(ri-ap)」
＝「峰の・弟（のように小さいもの）／山脚の・弟／傷の（ように切り刻まれた）・弟／高い・釣り針（のように曲がった峰）」","jomon2_bnum69.html"
"西山経","小華の山","烏韭","「また西へ八十里いくと、小華の山という。その木は荊や杞（クコ）が多く、その獣は㸲牛（さくぎゅう）が多い。山の北側には磬石（けいせき）が多く、南側には㻬琈（とふ）の玉（ぎょく）が多い。鳥は赤鷩（せきへつ）が多く、これは火災を防ぐことができる。その草には萆荔（ひれい）があり、姿は烏韭（うきゅう）のようで石の上に生え、また木に這い上がって生える。これを食べると心臓の痛みが治る。」","","「太華の山＝華山」の西方【「山海経記載80里」×0.21＝16.8 km】の山","上古音：「烏」ʔ o／0 a／ʔ ɑɡ／ʔ aɣ／· ag
上古音：「韭」k／k ǐu／k jŏɡ／k jəw／k jəgwx","アイヌ語：烏韭＝「ウ・アク・キル・アク(u-ak-kir-ak)」
＝「互いに重なるような・弟（のように小さい峰）・山脚の・弟」","jomon2_bnum69.html"
"西山経","小華の山","於石上","「また西へ八十里いくと、小華の山という。その木は荊や杞（クコ）が多く、その獣は㸲牛（さくぎゅう）が多い。山の北側には磬石（けいせき）が多く、南側には㻬琈（とふ）の玉（ぎょく）が多い。鳥は赤鷩（せきへつ）が多く、これは火災を防ぐことができる。その草には萆荔（ひれい）があり、姿は烏韭（うきゅう）のようで石の上に生え、また木に這い上がって生える。これを食べると心臓の痛みが治る。」","","「太華の山＝華山」の西方【「山海経記載80里」×0.21＝16.8 km】の山","上古音：「於」ʔ i̯o／0 ǐa／ʔ jaɡ／ʔ jaɣ／· jag
上古音：「石」ȡ i̯ăk／ʑ iak／- -／d jiak／d jiak
上古音：「上」ȡ i̯aŋ／ʑ ǐaŋ／ʑ jaŋ／d jaŋ／d jangh","アイヌ語：於石上＝「イ・アク・テュ・アク・テュ・アゥ・ウン(i-ak-tu-ak-tu-aw-un)」
＝「棒の（ように細長い）・弟の（ように小さい）・山が・そこで・突き出ている／その・弟・峰の・弟の・峰の・角、枝分かれ・にある（ところ）」","jomon2_bnum69.html"
"西山経","小華の山","緣木","「また西へ八十里いくと、小華の山という。その木は荊や杞（クコ）が多く、その獣は㸲牛（さくぎゅう）が多い。山の北側には磬石（けいせき）が多く、南側には㻬琈（とふ）の玉（ぎょく）が多い。鳥は赤鷩（せきへつ）が多く、これは火災を防ぐことができる。その草には萆荔（ひれい）があり、姿は烏韭（うきゅう）のようで石の上に生え、また木に這い上がって生える。これを食べると心臓の痛みが治る。」","","「太華の山＝華山」の西方【「山海経記載80里」×0.21＝16.8 km】の山","上古音：「緣」d i̯wan／ʎ ǐwan／d juæn／r iwan／r uan
上古音：「木」m uk／m ɔk／m ûk／m ewk／m uk
上古音：「而」ȵ i̯əɡ／ȵ ǐə／ȵ jəɡ／n jiəɣ／n jəg
上古音：「生」s ĕŋ／ʃ eŋ／s ĕŋ／s reŋ／s ring","アイヌ語：緣木＝「テュ・アゥ・ウン・ム・ク(tu-aw-un-mu-ku)／ニ・アク・シル・エ・エン(ni-ak-sir-e-en)」
＝「峰の・角、枝分かれ・にある・塞がっている・矢（のように鋭いもの）／棒の（ように細長い）・弟の（ように小さい）・山が・そこで・突き出ている（ところ）」","jomon2_bnum69.html"
"西山経","小華の山","心痛","「また西へ八十里いくと、小華の山という。その木は荊や杞（クコ）が多く、その獣は㸲牛（さくぎゅう）が多い。山の北側には磬石（けいせき）が多く、南側には㻬琈（とふ）の玉（ぎょく）が多い。鳥は赤鷩（せきへつ）が多く、これは火災を防ぐことができる。その草には萆荔（ひれい）があり、姿は烏韭（うきゅう）のようで石の上に生え、また木に這い上がって生える。これを食べると心臓の痛みが治る。」","","「太華の山＝華山」の西方【「山海経記載80里」×0.21＝16.8 km】の山","上古音：「心」s i̯əm／s ǐəm／s jəm／s jiəm／s jəm
上古音：「痛」tʰ uŋ／tʰ ɔŋ／tʰ ûŋ／tʰ ewŋ／th ungh","アイヌ語：心痛＝「シル・アム・テュ・ウン(sir-am-tu-un)」
＝「山の・爪の（ように平べったく鋭い）・峰・にある（ところ）」
※アイヌ語「ク＝弓」。中国大陸、朝鮮半島では「ク＝矢」の可能性。サハリン、シベリアのニヴフ（ギリヤーク）語も「ク＝矢」。","jomon2_bnum69.html"
"西山経","符禺の山","符禺","「さらに西へ八十里行くと、符禺（ふぐう）の山という。その南側（陽）には銅が多く、北側（陰）には鉄が多い。 」","","「太華の山＝華山」の西方【「山海経記載160里」×0.21＝33.6 km】の山","上古音：「符」bʰ i̯u／b ǐwɔ／bʰ juɡ／b jew／b jug
上古音：「禺」ŋ i̯u／ŋ ǐwɔ／ŋ juɡ／ŋ jew／ng jug
上古音：「禺」ŋ i̯u／- -／ŋ juɡ／ŋ jew／ng jugh","アイヌ語：符禺＝「ピル・ク・キル・ク(pir-ku-kir-ku)」
＝「傷の（ように切り刻まれた）・矢（のように鋭い峰）・山脚の・矢」
※アイヌ語「ク＝弓」。中国大陸、朝鮮半島では「ク＝矢」の可能性。サハリン、シベリアのニヴフ（ギリヤーク）語も「ク＝矢」。","jomon2_bnum69.html"
"西山経","符禺の山","銅","「さらに西へ八十里行くと、符禺（ふぐう）の山という。その南側（陽）には銅が多く、北側（陰）には鉄が多い。 」","","「太華の山＝華山」の西方【「山海経記載160里」×0.21＝33.6 km】の山","上古音：「銅」dʰ uŋ／d ɔŋ／dʰ ûŋ／d ewŋ／d ung","アイヌ語：銅＝「テュン(tun)」
＝「山間」","jomon2_bnum69.html"
"西山経","符禺の山","鐵","「さらに西へ八十里行くと、符禺（ふぐう）の山という。その南側（陽）には銅が多く、北側（陰）には鉄が多い。 」","","「太華の山＝華山」の西方【「山海経記載160里」×0.21＝33.6 km】の山","上古音：「鐵」- -／tʰ iet／tʰ iet／tʰ et／th it","アイヌ語：鐵＝「テュ・アッ(tu-at)」
＝「峰が・たくさんある（ところ）」","jomon2_bnum69.html"
"西山経","符禺の山／文莖","文莖","「この山の上には木が生えており、名を文茎（ぶんけい）という。その実は棗（ナツメ）のようで、これを食べれば耳の聞こえなさを治す（耳鳴りや難聴に効く）ことができる。 」","","","上古音：「文」m i̯wən／m ǐwən／m juə̆n／m jwən／m jən
上古音：「莖」ɡʰ ĕŋ／ɣ eŋ／ɣ eŋ／ɡ reŋ／g ring","アイヌ語：文莖＝「ムィ・アゥ・ウン・キル・エ・エン(muy-aw-un-kir-e-en)」
＝「頂の・角、枝分かれ・にある・山脚が・そこで・突き出ている（ところ）」","jomon2_bnum69.html"
"西山経","符禺の山／文莖","棗","「この山の上には木が生えており、名を文茎（ぶんけい）という。その実は棗（ナツメ）のようで、これを食べれば耳の聞こえなさを治す（耳鳴りや難聴に効く）ことができる。 」","","","上古音：「棗」ts -／ts u／ts ôɡ／ts əw／ts əgwx","アイヌ語：棗＝「テュ・アク(tu-ak)」
＝「峰の・弟（のように小さいもの）」","jomon2_bnum69.html"
"西山経","符禺の山／文莖","聾","「この山の上には木が生えており、名を文茎（ぶんけい）という。その実は棗（ナツメ）のようで、これを食べれば耳の聞こえなさを治す（耳鳴りや難聴に効く）ことができる。 」","","","上古音：「聾」l uŋ／l ɔŋ／l ûŋ／l ewŋ／l ung","アイヌ語：聾＝「ル・アゥ・ウン(ru-aw-un)」
＝「消えかかった・角、枝分かれ（の峰）・にある（ところ）」","jomon2_bnum69.html"
"西山経","符禺の山／條","條","「 草は条（じょう）が多く、その姿は葵（アオイ）のようで、赤い花が咲き黄色の実を結ぶ。その実は赤ん坊の舌のようであり、これを食べれば人は物事に惑わされなくなる。 符禺の水がここから湧き出て、北へ流れて渭水（いすい）に注いでいる。 」","","","上古音：「條」dʰ／d iu／dʰ ioɡ／d eəw／d iəgw","アイヌ語：條＝「テュ・アク(tu-ak)」
＝「峰の・弟（のように小さいもの」","jomon2_bnum69.html"
"西山経","符禺の山／條","葵","「 草は条（じょう）が多く、その姿は葵（アオイ）のようで、赤い花が咲き黄色の実を結ぶ。その実は赤ん坊の舌のようであり、これを食べれば人は物事に惑わされなくなる。 符禺の水がここから湧き出て、北へ流れて渭水（いすい）に注いでいる。 」","","","上古音：「葵」ɡʰ i̯wær／g ǐwei／ɡʰ jued／ɡ jiwer／gw jid","アイヌ語：葵＝「キル・アッ(kir-at)」
＝「山脚が・たくさんある（ところ）」","jomon2_bnum69.html"
"西山経","符禺の山／條","而赤花黃實","「 草は条（じょう）が多く、その姿は葵（アオイ）のようで、赤い花が咲き黄色の実を結ぶ。その実は赤ん坊の舌のようであり、これを食べれば人は物事に惑わされなくなる。 符禺の水がここから湧き出て、北へ流れて渭水（いすい）に注いでいる。 」","","","上古音：「而」ȵ i̯əɡ／ȵ ǐə／ȵ jəɡ／n jiəɣ／n jəg
上古音：「赤」ȶʰ i̯ăk／ȶʰ iak／cʰ jăk／tʰ jiak／kh rjiak
上古音：「華」ɡʰ wɔ／ɣ oa／ɣ uăɡ／ɡ rwaɣ／gw ragh
上古音：「華」- -／h oa／x uăɡ／x rwaɣ／hw rag
上古音：「黃」ɡʰ wɑŋ／ɣ uaŋ／ɣ uɑŋ／ɡ waŋ／gw ang
上古音：「實」ʰ i̯ĕt／ȡ ǐet／ȡʰ jet／zd jiet／d jit","アイヌ語：而赤花黃實＝「ニ・アク(ni-ak)／テュ・アク(tu-ak)／キル・アク(kir-ak)／キル・アゥ・ウン・テュ・アッ(kir-aw-un-tu-at)」
＝「棒の（ように細長い）・弟（のように小さいもの）／峰の・弟／山脚の・弟／山脚の・角、枝分かれ・にある・峰が・たくさんある（ところ）」","jomon2_bnum69.html"
"西山経","符禺の山／條","嬰兒舌","「 草は条（じょう）が多く、その姿は葵（アオイ）のようで、赤い花が咲き黄色の実を結ぶ。その実は赤ん坊の舌のようであり、これを食べれば人は物事に惑わされなくなる。 符禺の水がここから湧き出て、北へ流れて渭水（いすい）に注いでいる。 」","","","上古音：「嬰」ʔ i̯ĕŋ／0 ǐeŋ／ʔ jeŋ／ʔ jieŋ／· jing
上古音：「兒」ȵ i̯ĕɡ／ȵ ǐe／ɲ jeɡ／n jieɣ／ng rjig
上古音：「舌」ʰ i̯at／ȡ ǐat／ȡʰ jæt／zd jiat／d jat","アイヌ語：嬰兒舌＝「イ・エ・エン・ニ・アク・テュ・アッ(i-e-en-ni-ak-tu-at)」
＝「それが・そこで・突き出ている・棒の（ように細長い）・弟の（ように小さい）・峰が・たくさんある（ところ）」","jomon2_bnum69.html"
"西山経","符禺の山／條","不惑","「 草は条（じょう）が多く、その姿は葵（アオイ）のようで、赤い花が咲き黄色の実を結ぶ。その実は赤ん坊の舌のようであり、これを食べれば人は物事に惑わされなくなる。 符禺の水がここから湧き出て、北へ流れて渭水（いすい）に注いでいる。 」","","","上古音：「不」p i̯ŭɡ／p ǐwə／p juə̆ɡ／p jwəɣ／p jəgx
上古音：「不」- -／- -／tʰ jŏɡ／tʰ iəw／th jəgwh
上古音：「惑」ɡʰ wək／ɣ uək／ɣ uə̂k／ɡ wək／gw ək","アイヌ語：不惑＝「ピル・アク・キル・アク(pir-ak-kir-ak)」
＝「傷（のように切り刻まれた）・弟・山脚の・弟」","jomon2_bnum69.html"
"西山経","符禺の山／葱聾","葱聾","「山にいる獣は葱聾（そうろう）が多く、その姿は羊のようで、赤い鬣（たてがみ）を持っている。 」","","","上古音：「葱」tsʰ uŋ／tsʰ ɔŋ／tsʰ ûŋ／tsʰ ewŋ／tsh ung
上古音：「聾」l uŋ／l ɔŋ／l ûŋ／l ewŋ／l ung","アイヌ語：葱聾＝「テュ・アゥ・ウン(tu-aw-un)／ル・アゥ・ウン(ru-aw-un)」
＝「峰の・角、枝分かれ・にある（ところ）／消えかかった・角、枝分かれ・にある（ところ）」","jomon2_bnum69.html"
"西山経","符禺の山／葱聾","羊而赤鬣","「山にいる獣は葱聾（そうろう）が多く、その姿は羊のようで、赤い鬣（たてがみ）を持っている。 」","","","上古音：「羊」z i̯aŋ／ʎ ǐaŋ／ɡ jaŋ／ɣr iaŋ／r ang
上古音：「而」ȵ i̯əɡ／ȵ ǐə／ȵ jəɡ／n jiəɣ／n jəg
上古音：「赤」ȶʰ i̯ăk／ȶʰ iak／cʰ jăk／tʰ jiak／kh rjiak
上古音：「鬣」l i̯ap／l ǐap／l jap／l iap／l jap","アイヌ語：羊而赤鬣＝「キル・アゥ・ウン・ニ・アク・テュ・アク・リ・アプ(kir-aw-un-ni-ak-tu-ak-ri-ap)」
＝「山脚の・角、枝分かれ・にある・棒の（ように細長い）・弟（のように小さいもの）・峰の・弟・高い・釣り針（のように曲がったもの）」","jomon2_bnum69.html"
"西山経","符禺の山／鴖","鴖","「山にいる鳥は鴖（めい）が多く、その姿は翡翠（カワセミ）のようで、赤い嘴を持っている。この鳥を飼えば（あるいは身につければ）火災を防ぐことができる。」","","","上古音：「民」m i̯ən, i̯ĕn／m ǐen／m jen／m jien／m jiən, jin","アイヌ語：鴖＝「ムィ・エ・エン(muy-e-en)」
＝「頂が・そこで・突き出ている（ところ）」","jomon2_bnum69.html"
"西山経","符禺の山／鴖","翠而赤喙","「山にいる鳥は鴖（めい）が多く、その姿は翡翠（カワセミ）のようで、赤い嘴を持っている。この鳥を飼えば（あるいは身につければ）火災を防ぐことができる。」","","","上古音：「翠」tsʰ i̯wəd／tsʰ ǐwəi／tsʰ juəd／tsʰ jiwər／tsh jədh
上古音：「而」ȵ i̯əɡ／ȵ ǐə／ȵ jəɡ／n jiəɣ／n jəg
上古音：「赤」ȶʰ i̯ăk／ȶʰ iak／cʰ jăk／tʰ jiak／kh rjiak
上古音：「喙」ȶʰ i̯wad／- -／- -／tʰ jiwar／- -
上古音：「喙」- -／h ǐwat／x juăd／x jwar／hw jadh","アイヌ語：翠而赤喙＝「テュ・アッ・ニ・アク・テュ・アク・テュ・アゥ(tu-at-ni-ak-tu-ak-tu-aw)」
＝「峰が・たくさんある・棒の（ように細長い）・弟（のように小さいもの）・峰の・弟・峰の・角、枝分かれ」","jomon2_bnum69.html"
"西山経","符禺の山／鴖","禦火","「山にいる鳥は鴖（めい）が多く、その姿は翡翠（カワセミ）のようで、赤い嘴を持っている。この鳥を飼えば（あるいは身につければ）火災を防ぐことができる。」","","","上古音：「禦」ŋ i̯o／- -／ŋ jaɡ／ŋ jaɣ／ng jagx
上古音：「火」x wɑr／h uəi／x uə̂r／x wə／hw ərx","アイヌ語：禦火＝「キル・アク・シル・アゥ(kir-ak-sir-aw)」
＝「山脚の・弟の（ように小さい）・山の・角、枝分かれ」","jomon2_bnum69.html"
"西山経","石脆の山","石脆","「さらに西へ六十里行くと、石脆（せきぜい）の山という。その山に生えている木は椶（しゅろ）や柟（くすのき）が多く、草は「條（じょう）」という草が多い。その（條の）形状はニラに似ており、白い花が咲き、黒い実を結ぶ。これを食べると疥（ひぜん／皮膚のただれや痒み）が治る。山の南側（陽）には㻬琈（たふ）の玉（美しい宝石）が多く、山の北側（陰）には銅が多い。」","","「太華の山＝華山」の西方【「山海経記載220里」×0.21＝46.2 km】の山","上古音：「石」ȡ i̯ăk／ʑ iak／- -／d jiak／d jiak
上古音：「脆」tsʰ i̯wad／tsʰ ǐwat／tsʰ juæd／tsʰ jiwar／tsh juadh","アイヌ語：石脆＝「テュ・アク・テュ・アッ(tu-ak-tu-at)」
＝「峰の・弟（のように小さい）・峰が・たくさんある（ところ）」","jomon2_bnum69.html"
"西山経","石脆の山","椶柟","「さらに西へ六十里行くと、石脆（せきぜい）の山という。その山に生えている木は椶（しゅろ）や柟（くすのき）が多く、草は「條（じょう）」という草が多い。その（條の）形状はニラに似ており、白い花が咲き、黒い実を結ぶ。これを食べると疥（ひぜん／皮膚のただれや痒み）が治る。山の南側（陽）には㻬琈（たふ）の玉（美しい宝石）が多く、山の北側（陰）には銅が多い。」","","「太華の山＝華山」の西方【「山海経記載220里」×0.21＝46.2 km】の山","上古音：「椶」- -／ts ɔŋ／ts ûŋ／ts ewŋ／ts ung
上古音：「柟」n əm／- -／n Am／n əm／n am
上古音：「柟」- -／- -／ȵ jɐm／n jiam／n jam","アイヌ語：椶柟＝「テュ・ウン・ニ・アム(tu-un-ni-am)」
＝「峰・にある・棒の（ように細長い）・爪（のように平べったく鋭いもの）」","jomon2_bnum69.html"
"西山経","石脆の山","條","「さらに西へ六十里行くと、石脆（せきぜい）の山という。その山に生えている木は椶（しゅろ）や柟（くすのき）が多く、草は「條（じょう）」という草が多い。その（條の）形状はニラに似ており、白い花が咲き、黒い実を結ぶ。これを食べると疥（ひぜん／皮膚のただれや痒み）が治る。山の南側（陽）には㻬琈（たふ）の玉（美しい宝石）が多く、山の北側（陰）には銅が多い。」","","「太華の山＝華山」の西方【「山海経記載220里」×0.21＝46.2 km】の山","上古音：「條」dʰ／d iu／dʰ ioɡ／d eəw／d iəgw","アイヌ語：條＝「テュ・アク(tu-ak)」
＝「峰の・弟（のように小さいもの）」","jomon2_bnum69.html"
"西山経","石脆の山","韭","「さらに西へ六十里行くと、石脆（せきぜい）の山という。その山に生えている木は椶（しゅろ）や柟（くすのき）が多く、草は「條（じょう）」という草が多い。その（條の）形状はニラに似ており、白い花が咲き、黒い実を結ぶ。これを食べると疥（ひぜん／皮膚のただれや痒み）が治る。山の南側（陽）には㻬琈（たふ）の玉（美しい宝石）が多く、山の北側（陰）には銅が多い。」","","「太華の山＝華山」の西方【「山海経記載220里」×0.21＝46.2 km】の山","上古音：「韭」k／k ǐu／k jŏɡ／k jəw／k jəgwx","アイヌ語：韭＝「キル・アク(kir-ak)」
＝「山脚の・弟（のように小さいもの）」","jomon2_bnum69.html"
"西山経","石脆の山","而白華黑實","「さらに西へ六十里行くと、石脆（せきぜい）の山という。その山に生えている木は椶（しゅろ）や柟（くすのき）が多く、草は「條（じょう）」という草が多い。その（條の）形状はニラに似ており、白い花が咲き、黒い実を結ぶ。これを食べると疥（ひぜん／皮膚のただれや痒み）が治る。山の南側（陽）には㻬琈（たふ）の玉（美しい宝石）が多く、山の北側（陰）には銅が多い。」","","「太華の山＝華山」の西方【「山海経記載220里」×0.21＝46.2 km】の山","上古音：「而」ȵ i̯əɡ／ȵ ǐə／ȵ jəɡ／n jiəɣ／n jəg
上古音：「白」bʰ ăk／b eak／bʰ uăk／b rwak／b rak
上古音：「華」ɡʰ wɔ／ɣ oa／ɣ uăɡ／ɡ rwaɣ／gw ragh
上古音：「華」- -／h oa／x uăɡ／x rwaɣ／hw rag
上古音：「黑」xm ək／h ək／m̥ uə̂k／xm ək／hm ək
上古音：「實」ʰ i̯ĕt／ȡ ǐet／ȡʰ jet／zd jiet／d jit","アイヌ語：而白華黑實＝「ニ・アク(ni-ak)／プ・アク(pu-ak)／キル・アク(kir-ak)／フム・アク(hum-ak)／テュ・アッ(tu-at)」
＝「棒の（ように細長い）・弟（のように小さいもの）／倉の（屋根のような三角山の）・弟／山脚の・弟／断片の・弟の／峰が・たくさんある（ところ）」","jomon2_bnum69.html"
"西山経","石脆の山","疥","「さらに西へ六十里行くと、石脆（せきぜい）の山という。その山に生えている木は椶（しゅろ）や柟（くすのき）が多く、草は「條（じょう）」という草が多い。その（條の）形状はニラに似ており、白い花が咲き、黒い実を結ぶ。これを食べると疥（ひぜん／皮膚のただれや痒み）が治る。山の南側（陽）には㻬琈（たふ）の玉（美しい宝石）が多く、山の北側（陰）には銅が多い。」","","「太華の山＝華山」の西方【「山海経記載220里」×0.21＝46.2 km】の山","上古音：「疥」k ăd／k eat／k æd／k riar／k riadh","アイヌ語：疥＝「ク・アッ(ku-at)」
＝「矢（のように鋭い峰）が・たくさんある（ところ）」","jomon2_bnum69.html"
"西山経","石脆の山","㻬琈之玉","「さらに西へ六十里行くと、石脆（せきぜい）の山という。その山に生えている木は椶（しゅろ）や柟（くすのき）が多く、草は「條（じょう）」という草が多い。その（條の）形状はニラに似ており、白い花が咲き、黒い実を結ぶ。これを食べると疥（ひぜん／皮膚のただれや痒み）が治る。山の南側（陽）には㻬琈（たふ）の玉（美しい宝石）が多く、山の北側（陰）には銅が多い。」","","「太華の山＝華山」の西方【「山海経記載220里」×0.21＝46.2 km】の山","上古音：「雩」ɡ i̯wo／ɣ ǐwa／ɣ juaɡ／ɣ jwaɣ／gw jag
上古音：「雩」- -／- -／x juaɡ／x jwaɣ／hw jag
上古音：「孚」pʰ i̯uɡ／pʰ ǐu／- -／pʰ jwəw／- -
上古音：「之」ȶ i̯əɡ／ȶ ǐə／ȶ jəɡ／t jiəɣ／t jəg
上古音：「玉」ŋ i̯uk／ŋ ǐwɔk／ŋ juk／ŋ jewk／ng juk","アイヌ語：㻬琈之玉＝「キル・アク(kir-ak)／ピル・アク(pir-ak)／テュ・アク(tu-ak)／キル・ク(kir-ku)」
＝「山脚の・弟（のように小さいもの）／傷の（ように切り刻まれた）・弟／峰の・弟／山脚の・矢（のように鋭いもの）」","jomon2_bnum69.html"
"西山経","石脆の山","銅","「さらに西へ六十里行くと、石脆（せきぜい）の山という。その山に生えている木は椶（しゅろ）や柟（くすのき）が多く、草は「條（じょう）」という草が多い。その（條の）形状はニラに似ており、白い花が咲き、黒い実を結ぶ。これを食べると疥（ひぜん／皮膚のただれや痒み）が治る。山の南側（陽）には㻬琈（たふ）の玉（美しい宝石）が多く、山の北側（陰）には銅が多い。」","","「太華の山＝華山」の西方【「山海経記載220里」×0.21＝46.2 km】の山","上古音：「銅」dʰ uŋ／d ɔŋ／dʰ ûŋ／d ewŋ／d ung","アイヌ語：銅＝「テュン(tun)」
＝「山間」
※アイヌ語「ク＝弓」。中国大陸、朝鮮半島では「ク＝矢」の可能性。サハリン、シベリアのニヴフ（ギリヤーク）語も「ク＝矢」。","jomon2_bnum69.html"
"西山経","石脆の山／灌水、灌水、流赭","灌水","「灌水（かんすい）がここから流れ出て、北へ流れて禺水（ぐすい）に注いでいる。その中（川底）には流赭（りゅうしゃ：流れる赤い土・赤土）があり、これを牛や馬の体に塗ると病気にならない。 」","","","上古音：「灌」 k wɑn／k uan／- -／k wan／- -
上古音：「水」ɕ i̯wər／ɕ ǐwei／ç jued／stʰ jiwer／h rjidx","アイヌ語：灌水＝「ク・アゥ・ウン・シル・アッ(ku-aw-un-sir-at)」
＝「矢の（ように鋭い）・角、枝分かれ・にある・山が・たくさんある（ところ）」","jomon2_bnum69.html"
"西山経","石脆の山／灌水、灌水、流赭","禺水","「灌水（かんすい）がここから流れ出て、北へ流れて禺水（ぐすい）に注いでいる。その中（川底）には流赭（りゅうしゃ：流れる赤い土・赤土）があり、これを牛や馬の体に塗ると病気にならない。 」","","","上古音：「禺」ŋ i̯u／ŋ ǐwɔ／ŋ juɡ／ŋ jew／ng jug
上古音：「水」ɕ i̯wər／ɕ ǐwei／ç jued／stʰ jiwer／h rjidx","アイヌ語：禺水＝「キル・ク・シル・アッ(kir-ku-sir-at)」
＝「山脚の・矢の（ように鋭い）・山が・たくさんある（ところ）」","jomon2_bnum69.html"
"西山経","石脆の山／灌水、灌水、流赭","流赭","「灌水（かんすい）がここから流れ出て、北へ流れて禺水（ぐすい）に注いでいる。その中（川底）には流赭（りゅうしゃ：流れる赤い土・赤土）があり、これを牛や馬の体に塗ると病気にならない。 」","","","上古音：「流」l／l ǐu／l jŏɡ／l iəw／l jəgw
上古音：「赭」ȶ i̯ɔ／tɕ ia／ȶ jăɡ／- -／t jiagx","アイヌ語：流赭＝「リ・アク・テュ・アク(ri-ak-tu-ak)」
＝「高い・弟（のように小さいもの）・峰の・弟」","jomon2_bnum69.html"
"西山経","石脆の山／灌水、灌水、流赭","以塗牛馬無病","「灌水（かんすい）がここから流れ出て、北へ流れて禺水（ぐすい）に注いでいる。その中（川底）には流赭（りゅうしゃ：流れる赤い土・赤土）があり、これを牛や馬の体に塗ると病気にならない。 」","","","上古音：「以」z i̯əɡ／ʎ ǐə／d jəɡ／r iəɣ／r əgx
上古音：「塗」dʰ o／d a／- -／d aɣ／- -
上古音：「牛」ŋ i̯ŭɡ／ŋ ǐwə／ŋ juə̆ɡ／ŋ jwəɣ／ng jəg
上古音：「馬」m ɔ／m ea／m uăɡ／m rwaɣ／m ragx
上古音：「無」m i̯wo／m ǐwa／m juaɡ／m jwaɣ／m jag
上古音：「病」bʰ i̯ăŋ／b iaŋ／bʰ juăŋ／b iwaŋ／b jiangh","アイヌ語：以塗牛馬無病＝「テュ・アク・テュ・アク(tu-ak-tu-ak)／キル・アク(kir-ak)／ム・アク(mu-ak)／ムィ・アク(muy-ak)／ピル・アゥ・ウン(pir-aw-un)」
＝「峰の・弟（のように小さいもの）・峰の・弟／山脚の・弟／塞がっている・弟／頂の・弟の／傷の（のように切り刻まれた）・角、枝分かれ・にある（ところ）」
※アイヌ語「ク＝弓」。中国大陸、朝鮮半島では「ク＝矢」の可能性。サハリン、シベリアのニヴフ（ギリヤーク）語も「ク＝矢」。","jomon2_bnum69.html"
"西山経","英山","英山","「さらに西へ七十里進むと、英山（えいざん）という山がある。その山の上には杻（ちゅう）や橿（きょう）の木が多く、山の北側（日陰）には鉄が多く、山の南側（日向）には赤金（銅、または良質な金）を多く産出する。 」","","「太華の山＝華山」の西方【「山海経記載290里」×0.21＝60.9km】の山","上古音：「英」ʔ i̯ăŋ／0 iaŋ／ʔ jăŋ／ʔ iaŋ／· jiang
上古音：「山」s ăn／ʃ ean／- -／s rian／s rian","アイヌ語：英山＝「イ・アゥ・ウン(i-aw-un)／シル・アゥ・ウン(sir-aw-un)」
＝「その・角、枝分かれ・にある（ところ）／山の・角、枝分かれ・にある（ところ）」","jomon2_bnum69.html"
"西山経","英山","杻橿","「さらに西へ七十里進むと、英山（えいざん）という山がある。その山の上には杻（ちゅう）や橿（きょう）の木が多く、山の北側（日陰）には鉄が多く、山の南側（日向）には赤金（銅、または良質な金）を多く産出する。 」","","「太華の山＝華山」の西方【「山海経記載290里」×0.21＝60.9km】の山","上古音：「杻」n／n ǐu／n jŏɡ／n iəw／n rjəgwx
上古音：「橿」- -／- -／k jaŋ／k jaŋ／k jang","アイヌ語：杻橿＝「ニ・アク・キル・アゥ・ウン(ni-ak-kir-aw-un)」
＝「棒の（ように細長い）・弟の（ように小さい）・山脚の・角、枝分かれ・にある（ところ）」","jomon2_bnum69.html"
"西山経","英山","鐵","「さらに西へ七十里進むと、英山（えいざん）という山がある。その山の上には杻（ちゅう）や橿（きょう）の木が多く、山の北側（日陰）には鉄が多く、山の南側（日向）には赤金（銅、または良質な金）を多く産出する。 」","","「太華の山＝華山」の西方【「山海経記載290里」×0.21＝60.9km】の山","上古音：「鐵」- -／tʰ iet／tʰ iet／tʰ et／th it","アイヌ語：鐵＝「テュ・アッ(tu-at)」
＝「峰が・たくさんある（ところ）」","jomon2_bnum69.html"
"西山経","英山","赤金","「さらに西へ七十里進むと、英山（えいざん）という山がある。その山の上には杻（ちゅう）や橿（きょう）の木が多く、山の北側（日陰）には鉄が多く、山の南側（日向）には赤金（銅、または良質な金）を多く産出する。 」","","「太華の山＝華山」の西方【「山海経記載290里」×0.21＝60.9km】の山","上古音：「赤」ȶʰ i̯ăk／ȶʰ iak／cʰ jăk／tʰ jiak／kh rjiak
上古音：「金」k i̯əm／k ǐəm／k jəm／k iəm／k jəm","アイヌ語：赤金＝「テュ・アク・キル・アム(tu-ak-kir-am)」
＝「峰の・弟（のように小さいもの）・山脚の・爪（のように平べったく鋭いもの）」","jomon2_bnum69.html"
"西山経","英山／䰷魚","禺水","「禺水（ぐすい）がここから流れ出て、北へ流れて招水（しょうすい）に注いでいる。その川の中には䰷魚（ふぎょ）が多く、その姿はスッポンのようで、その鳴き声は羊のようである。山の南側には箭（せん：矢竹）や䉋（ばい：大型の竹）が多く、そこ（山）にいる獣は㸲牛（さくぎゅう：ヤクの類）や羬羊（かんよう：大きな尾の羊）が多い。ここに鳥がおり、その姿はウズラのようで、黄色い体に赤いクチバシをしている。その名を肥遺（ひい）といい、これを食べるとハンセン病（または悪性の皮膚病）が治り、体内の寄生虫を殺すことができる。」","","","上古音：「禺」ŋ i̯u／ŋ ǐwɔ／ŋ juɡ／ŋ jew／ng jug
上古音：「水」ɕ i̯wər／ɕ ǐwei／ç jued／stʰ jiwer／h rjidx","アイヌ語：禺水＝「キル・ク・シル・アッ(kir-ku-sir-at)」
＝「山脚の・矢の（ように鋭い）・山が・たくさんある（ところ）」","jomon2_bnum69.html"
"西山経","英山／䰷魚","招水","「禺水（ぐすい）がここから流れ出て、北へ流れて招水（しょうすい）に注いでいる。その川の中には䰷魚（ふぎょ）が多く、その姿はスッポンのようで、その鳴き声は羊のようである。山の南側には箭（せん：矢竹）や䉋（ばい：大型の竹）が多く、そこ（山）にいる獣は㸲牛（さくぎゅう：ヤクの類）や羬羊（かんよう：大きな尾の羊）が多い。ここに鳥がおり、その姿はウズラのようで、黄色い体に赤いクチバシをしている。その名を肥遺（ひい）といい、これを食べるとハンセン病（または悪性の皮膚病）が治り、体内の寄生虫を殺すことができる。」","","","上古音：「招」ȶ i̯oɡ／ȶ ǐau／ȶ jɔɡ／t jiaw／t jagw
上古音：「水」ɕ i̯wər／ɕ ǐwei／ç jued／stʰ jiwer／h rjidx","アイヌ語：招水＝「テュ・アク・シル・アッ(tu-ak-sir-at)」
＝「峰の・弟の（ように小さい）・山が・たくさんある（ところ）」","jomon2_bnum69.html"
"西山経","英山／䰷魚","䰷魚","「禺水（ぐすい）がここから流れ出て、北へ流れて招水（しょうすい）に注いでいる。その川の中には䰷魚（ふぎょ）が多く、その姿はスッポンのようで、その鳴き声は羊のようである。山の南側には箭（せん：矢竹）や䉋（ばい：大型の竹）が多く、そこ（山）にいる獣は㸲牛（さくぎゅう：ヤクの類）や羬羊（かんよう：大きな尾の羊）が多い。ここに鳥がおり、その姿はウズラのようで、黄色い体に赤いクチバシをしている。その名を肥遺（ひい）といい、これを食べるとハンセン病（または悪性の皮膚病）が治り、体内の寄生虫を殺すことができる。」","","","上古音：「丰」pʰ i̯uŋ／pʰ ǐwɔŋ／pʰ juŋ／pʰ jewŋ／ph jung
上古音：「魚」ŋ i̯o／ŋ ǐa／ŋ jaɡ／ŋ jaɣ／ng jag","アイヌ語：䰷魚＝「ピル・ウン・キル・アク(pir-un-kir-ak)」
＝「傷（のように切り刻まれた峰）・にある・山脚の・弟（のように小さいもの）」","jomon2_bnum69.html"
"西山経","英山／䰷魚","鱉","「禺水（ぐすい）がここから流れ出て、北へ流れて招水（しょうすい）に注いでいる。その川の中には䰷魚（ふぎょ）が多く、その姿はスッポンのようで、その鳴き声は羊のようである。山の南側には箭（せん：矢竹）や䉋（ばい：大型の竹）が多く、そこ（山）にいる獣は㸲牛（さくぎゅう：ヤクの類）や羬羊（かんよう：大きな尾の羊）が多い。ここに鳥がおり、その姿はウズラのようで、黄色い体に赤いクチバシをしている。その名を肥遺（ひい）といい、これを食べるとハンセン病（または悪性の皮膚病）が治り、体内の寄生虫を殺すことができる。」","","","上古音：「鱉」p i̯at／p ǐat／bʰ juæt／- -／b jiat","アイヌ語：鱉＝「ピル・アッ(pir-at)」
＝「傷（のように切り刻まれた峰）が・たくさんある（ところ）」","jomon2_bnum69.html"
"西山経","英山／䰷魚","箭䉋","「禺水（ぐすい）がここから流れ出て、北へ流れて招水（しょうすい）に注いでいる。その川の中には䰷魚（ふぎょ）が多く、その姿はスッポンのようで、その鳴き声は羊のようである。山の南側には箭（せん：矢竹）や䉋（ばい：大型の竹）が多く、そこ（山）にいる獣は㸲牛（さくぎゅう：ヤクの類）や羬羊（かんよう：大きな尾の羊）が多い。ここに鳥がおり、その姿はウズラのようで、黄色い体に赤いクチバシをしている。その名を肥遺（ひい）といい、これを食べるとハンセン病（または悪性の皮膚病）が治り、体内の寄生虫を殺すことができる。」","","","上古音：「箭」ts i̯an／ts ǐan／ts jæn／- -／ts janh
上古音：「䉠」- -／- -／m juəd／m iwər／m jiəd","アイヌ語：箭䉋＝「テュ・アゥ・ウン・ムィ・アッ(tu-aw-un-muy-at)」
＝「峰の・角、枝分かれ・にある・頂が・たくさんある（ところ）」","jomon2_bnum69.html"
"西山経","英山／䰷魚","㸲牛","「禺水（ぐすい）がここから流れ出て、北へ流れて招水（しょうすい）に注いでいる。その川の中には䰷魚（ふぎょ）が多く、その姿はスッポンのようで、その鳴き声は羊のようである。山の南側には箭（せん：矢竹）や䉋（ばい：大型の竹）が多く、そこ（山）にいる獣は㸲牛（さくぎゅう：ヤクの類）や羬羊（かんよう：大きな尾の羊）が多い。ここに鳥がおり、その姿はウズラのようで、黄色い体に赤いクチバシをしている。その名を肥遺（ひい）といい、これを食べるとハンセン病（または悪性の皮膚病）が治り、体内の寄生虫を殺すことができる。」","","","上古音：「作」- -／ts a／ts ɑɡ／ts aɣ／ts agh
上古音：「牛」ŋ i̯ŭɡ／ŋ ǐwə／ŋ juə̆ɡ／ŋ jwəɣ／ng jəg","アイヌ語：㸲牛＝「テュ・アク・キル・アク(tu-ak-kir-ak)」
＝「峰の・弟（のように小さいもの）・山脚の・弟」","jomon2_bnum69.html"
"西山経","英山／䰷魚","羬羊","「禺水（ぐすい）がここから流れ出て、北へ流れて招水（しょうすい）に注いでいる。その川の中には䰷魚（ふぎょ）が多く、その姿はスッポンのようで、その鳴き声は羊のようである。山の南側には箭（せん：矢竹）や䉋（ばい：大型の竹）が多く、そこ（山）にいる獣は㸲牛（さくぎゅう：ヤクの類）や羬羊（かんよう：大きな尾の羊）が多い。ここに鳥がおり、その姿はウズラのようで、黄色い体に赤いクチバシをしている。その名を肥遺（ひい）といい、これを食べるとハンセン病（または悪性の皮膚病）が治り、体内の寄生虫を殺すことができる。」","","","上古音：「咸」ɡʰ æm／ɣ eəm／ɣ əm／ɡ rəm／g rəm
上古音：「羊」z i̯aŋ／ʎ ǐaŋ／ɡ jaŋ／ɣr iaŋ／r ang","アイヌ語：羬羊＝「キル・アム・キル・アゥ・ウン(kir-am-kir-aw-un)」
＝「山脚の・爪の（ように平べったく鋭い）・山脚の・角、枝分かれ・にある（ところ）」","jomon2_bnum69.html"
"西山経","英山／䰷魚","鶉","「禺水（ぐすい）がここから流れ出て、北へ流れて招水（しょうすい）に注いでいる。その川の中には䰷魚（ふぎょ）が多く、その姿はスッポンのようで、その鳴き声は羊のようである。山の南側には箭（せん：矢竹）や䉋（ばい：大型の竹）が多く、そこ（山）にいる獣は㸲牛（さくぎゅう：ヤクの類）や羬羊（かんよう：大きな尾の羊）が多い。ここに鳥がおり、その姿はウズラのようで、黄色い体に赤いクチバシをしている。その名を肥遺（ひい）といい、これを食べるとハンセン病（または悪性の皮膚病）が治り、体内の寄生虫を殺すことができる。」","","","上古音：「鶉」ȡ i̯wən／ʑ ǐwən／ʑ juən／d jiwən／d jən","アイヌ語：鶉＝「テュ・アゥ・ウン(tu-aw-un)」
＝「峰の・角、枝分かれ・にある（ところ）」","jomon2_bnum69.html"
"西山経","英山／䰷魚","黃身而赤喙","「禺水（ぐすい）がここから流れ出て、北へ流れて招水（しょうすい）に注いでいる。その川の中には䰷魚（ふぎょ）が多く、その姿はスッポンのようで、その鳴き声は羊のようである。山の南側には箭（せん：矢竹）や䉋（ばい：大型の竹）が多く、そこ（山）にいる獣は㸲牛（さくぎゅう：ヤクの類）や羬羊（かんよう：大きな尾の羊）が多い。ここに鳥がおり、その姿はウズラのようで、黄色い体に赤いクチバシをしている。その名を肥遺（ひい）といい、これを食べるとハンセン病（または悪性の皮膚病）が治り、体内の寄生虫を殺すことができる。」","","","上古音：「黃」ɡʰ wɑŋ／ɣ uaŋ／ɣ uɑŋ／ɡ waŋ／gw ang
上古音：「身」ɕ i̯ĕn／ɕ ǐen／ɕ jen／stʰ jien／sth jin
上古音：「而」ȵ i̯əɡ／ȵ ǐə／ȵ jəɡ／n jiəɣ／n jəg
上古音：「赤」ȶʰ i̯ăk／ȶʰ iak／cʰ jăk／tʰ jiak／kh rjiak
上古音：「喙」ȶʰ i̯wad／- -／- -／tʰ jiwar／- -
上古音：「喙」- -／h ǐwat／x juăd／x jwar／hw jadh","アイヌ語：黃身而赤喙＝「キル・アゥ・ウン(kir-aw-un)／シル・エ・エン(sir-e-en)／ニ・アク・テュ・アク・テュ・アゥ(ni-ak-tu-ak-tu-aw)」
＝「山脚の・角、枝分かれ・にある／山が・そこで・突き出ている／棒の（ように細長い）・弟・峰の・弟・峰の・角、枝分かれ」","jomon2_bnum69.html"
"西山経","英山／䰷魚","肥遺","「禺水（ぐすい）がここから流れ出て、北へ流れて招水（しょうすい）に注いでいる。その川の中には䰷魚（ふぎょ）が多く、その姿はスッポンのようで、その鳴き声は羊のようである。山の南側には箭（せん：矢竹）や䉋（ばい：大型の竹）が多く、そこ（山）にいる獣は㸲牛（さくぎゅう：ヤクの類）や羬羊（かんよう：大きな尾の羊）が多い。ここに鳥がおり、その姿はウズラのようで、黄色い体に赤いクチバシをしている。その名を肥遺（ひい）といい、これを食べるとハンセン病（または悪性の皮膚病）が治り、体内の寄生虫を殺すことができる。」","","","上古音：「肥」bʰ i̯wər／b ǐwəi／bʰ juə̆d／b jiwər／b jəd
上古音：「遺」ɡ i̯wæd／ʎ ǐwəi／ɡ juəd／ɣr iwər／gw rjəd
上古音：「遺」- -／ʎ ǐwəi／ɡ juəd／- -／gw rjədh","アイヌ語：肥遺＝「ピル・アッ・キル・アッ(pir-at-kir-at)」
＝「傷（のように切り刻まれた峰）が・たくさんある・山脚が・たくさんある（ところ）」","jomon2_bnum69.html"
"西山経","英山／䰷魚","癘","「禺水（ぐすい）がここから流れ出て、北へ流れて招水（しょうすい）に注いでいる。その川の中には䰷魚（ふぎょ）が多く、その姿はスッポンのようで、その鳴き声は羊のようである。山の南側には箭（せん：矢竹）や䉋（ばい：大型の竹）が多く、そこ（山）にいる獣は㸲牛（さくぎゅう：ヤクの類）や羬羊（かんよう：大きな尾の羊）が多い。ここに鳥がおり、その姿はウズラのようで、黄色い体に赤いクチバシをしている。その名を肥遺（ひい）といい、これを食べるとハンセン病（または悪性の皮膚病）が治り、体内の寄生虫を殺すことができる。」","","","","アイヌ語：癘＝「リ・アッ(ri-at)」
＝「高い（ところが）・たくさんある（ところ）」","jomon2_bnum69.html"
"西山経","英山／䰷魚","殺蟲","「禺水（ぐすい）がここから流れ出て、北へ流れて招水（しょうすい）に注いでいる。その川の中には䰷魚（ふぎょ）が多く、その姿はスッポンのようで、その鳴き声は羊のようである。山の南側には箭（せん：矢竹）や䉋（ばい：大型の竹）が多く、そこ（山）にいる獣は㸲牛（さくぎゅう：ヤクの類）や羬羊（かんよう：大きな尾の羊）が多い。ここに鳥がおり、その姿はウズラのようで、黄色い体に赤いクチバシをしている。その名を肥遺（ひい）といい、これを食べるとハンセン病（または悪性の皮膚病）が治り、体内の寄生虫を殺すことができる。」","","","上古音：「殺」s ăd／- -／s æd／s riar／s riadh
上古音：「殺」s ăt／ʃ eat／s æt／s riat／s riat
上古音：「蟲」dʰ／d ǐuŋ／dʰ joŋ／d iəwŋ／d rjəngw","アイヌ語：殺蟲＝「シル・アッ・テュ・アゥ・ウン(sir-at-tu-aw-un)」
＝「山が・たくさんある・峰の・角、枝分かれ・にある（ところ）」
※アイヌ語「ク＝弓」。中国大陸、朝鮮半島では「ク＝矢」の可能性。サハリン、シベリアのニヴフ（ギリヤーク）語も「ク＝矢」。","jomon2_bnum69.html"
"西山経","竹山","竹山","「さらに西へ五十二里、竹山といい、頂上には高い木が多く、山の北には鉄が多い」","","「太華の山＝華山」の西方【「山海経記載342里」×0.21＝71.8 km】の山","上古音：「竹」t -／t ǐuk／t jok／t iəwk／t rjəkw
上古音：「山」s ăn／ʃ ean／- -／s rian／s rian","アイヌ語：竹山＝「テュ・アク・シル・アゥ・ウン(tu-ak-sir-aw-un)」
＝「峰の・弟の（ように小さい）・山の・角、枝分かれ・にある（ところ）」","jomon2_bnum69.html"
"西山経","竹山","喬木","「さらに西へ五十二里、竹山といい、頂上には高い木が多く、山の北には鉄が多い」","","「太華の山＝華山」の西方【「山海経記載342里」×0.21＝71.8 km】の山","上古音：「喬」k i̯oɡ／- -／k jɔ̆ɡ／k iaw／k jagw
上古音：「木」m uk／m ɔk／m ûk／m ewk／m uk","アイヌ語：喬木＝「キル・アク・ム・ク(kir-ak-mu-ku)」
＝「山脚の・弟の（ように小さい）・塞がっている・矢（のように鋭い峰）」","jomon2_bnum69.html"
"西山経","竹山","鐵","「さらに西へ五十二里、竹山といい、頂上には高い木が多く、山の北には鉄が多い」","","「太華の山＝華山」の西方【「山海経記載342里」×0.21＝71.8 km】の山","上古音：「鐵」- -／tʰ iet／tʰ iet／tʰ et／th it","アイヌ語：鐵＝「テュ・アッ(tu-at)」
＝「峰が・たくさんある（ところ）」
※アイヌ語「ク＝弓」。中国大陸、朝鮮半島では「ク＝矢」の可能性。サハリン、シベリアのニヴフ（ギリヤーク）語も「ク＝矢」。","jomon2_bnum69.html"
"西山経","竹山／黃雚","黃雚","「ここに（ある種の）草が生えており、その名前を黄雚（こうかん）という。その姿はニワウルシ（樗）のようで、葉はアサ（麻）に似ており、白い花が咲いて赤い実をつけるが、その実の（赤）色は赤土（赭）のようである。この草を（湯に浮かべて）浴びればひぜん（疥癬・皮膚病）が治り、またむくみ（腫れもの）を治すこともできる。」","","","上古音：「黃」ɡʰ wɑŋ／ɣ uaŋ／ɣ uɑŋ／ɡ waŋ／gw ang
上古音：「雚」k wɑn／- -／k uɑn／k wan／kw anh","アイヌ語：黃雚＝「キル(kir)・・アゥ・ウン(aw-un)／ク(ku)・・アゥ・ウン(aw-un)」
＝「山脚の・角・枝分かれ・にある（ところ）／矢の（ように鋭い）・角・枝分かれ・にある（ところ）」","jomon2_bnum69.html"
"西山経","竹山／黃雚","樗","「ここに（ある種の）草が生えており、その名前を黄雚（こうかん）という。その姿はニワウルシ（樗）のようで、葉はアサ（麻）に似ており、白い花が咲いて赤い実をつけるが、その実の（赤）色は赤土（赭）のようである。この草を（湯に浮かべて）浴びればひぜん（疥癬・皮膚病）が治り、またむくみ（腫れもの）を治すこともできる。」","","","上古音：「樗」- -／- -／ l jaɡ／- -／l jag","アイヌ語：樗＝「リ・アク(ri-ak)」
＝「高い・弟（のように小さい峰）」","jomon2_bnum69.html"
"西山経","竹山／黃雚","麻","「ここに（ある種の）草が生えており、その名前を黄雚（こうかん）という。その姿はニワウルシ（樗）のようで、葉はアサ（麻）に似ており、白い花が咲いて赤い実をつけるが、その実の（赤）色は赤土（赭）のようである。この草を（湯に浮かべて）浴びればひぜん（疥癬・皮膚病）が治り、またむくみ（腫れもの）を治すこともできる。」","","","上古音：「麻」m a／m eai／m ua／m rwa／m rar","アイヌ語：麻＝「ム・アゥ(mu-aw)」
＝「塞がっている・角、枝分かれ（の峰）」","jomon2_bnum69.html"
"西山経","竹山／黃雚","白花而赤實","「ここに（ある種の）草が生えており、その名前を黄雚（こうかん）という。その姿はニワウルシ（樗）のようで、葉はアサ（麻）に似ており、白い花が咲いて赤い実をつけるが、その実の（赤）色は赤土（赭）のようである。この草を（湯に浮かべて）浴びればひぜん（疥癬・皮膚病）が治り、またむくみ（腫れもの）を治すこともできる。」","","","上古音：「白」bʰ ăk／b eak／bʰ uăk／b rwak／b rak
上古音：「華」ɡʰ wɔ／ɣ oa／ɣ uăɡ／ɡ rwaɣ／gw ragh
上古音：「華」- -／h oa／x uăɡ／x rwaɣ／hw rag
上古音：「而」ȵ i̯əɡ／ȵ ǐə／ȵ jəɡ／n jiəɣ／n jəg
上古音：「赤」ȶʰ i̯ăk／ȶʰ iak／cʰ jăk／tʰ jiak／kh rjiak
上古音：「實」ʰ i̯ĕt／ȡ ǐet／ȡʰ jet／zd jiet／d jit","アイヌ語：白花而赤實＝「プ・アク(pu-ak)／キル・アク(kir-ak)／ニ・アク(ni-ak)／テュ・アク(tu-ak)／テュ・アッ(tu-at)」
＝「倉の（屋根のような三角山の）・弟（のように小さいもの）／山脚の・弟／棒の（ように細長い）・弟／峰の・弟の／峰が・たくさんある（ところ）」","jomon2_bnum69.html"
"西山経","竹山／黃雚","赭","「ここに（ある種の）草が生えており、その名前を黄雚（こうかん）という。その姿はニワウルシ（樗）のようで、葉はアサ（麻）に似ており、白い花が咲いて赤い実をつけるが、その実の（赤）色は赤土（赭）のようである。この草を（湯に浮かべて）浴びればひぜん（疥癬・皮膚病）が治り、またむくみ（腫れもの）を治すこともできる。」","","","上古音：「赭」ȶ i̯ɔ／tɕ ia／ȶ jăɡ／- -／t jiagx","アイヌ語：赭＝「テュ・アク(tu-ak)」
＝「峰の・弟（のように小さいもの）」","jomon2_bnum69.html"
"西山経","竹山／黃雚","疥","「ここに（ある種の）草が生えており、その名前を黄雚（こうかん）という。その姿はニワウルシ（樗）のようで、葉はアサ（麻）に似ており、白い花が咲いて赤い実をつけるが、その実の（赤）色は赤土（赭）のようである。この草を（湯に浮かべて）浴びればひぜん（疥癬・皮膚病）が治り、またむくみ（腫れもの）を治すこともできる。」","","","上古音：「疥」k ăd／k eat／k æd／k riar／k riadh","アイヌ語：疥＝「ク・アッ(ku-at)」
＝「矢（のように鋭い峰）が・たくさんある（ところ）」","jomon2_bnum69.html"
"西山経","竹山／黃雚","胕","「ここに（ある種の）草が生えており、その名前を黄雚（こうかん）という。その姿はニワウルシ（樗）のようで、葉はアサ（麻）に似ており、白い花が咲いて赤い実をつけるが、その実の（赤）色は赤土（赭）のようである。この草を（湯に浮かべて）浴びればひぜん（疥癬・皮膚病）が治り、またむくみ（腫れもの）を治すこともできる。」","","","上古音：「胕」bʰ i̯u／- -／- -／b jew／- -","アイヌ語：胕＝「ピル・アゥ(pir-aw)」
＝「傷の（ように切り刻まれた峰の）・角、枝分かれ」
※アイヌ語「ク＝弓」。中国大陸、朝鮮半島では「ク＝矢」の可能性。サハリン、シベリアのニヴフ（ギリヤーク）語も「ク＝矢」。","jomon2_bnum69.html"
"西山経","竹山／竹水","竹水","「（この竹山から）竹水という川が湧き出て、北へ流れて渭水（黄河の支流）へと注ぎ込んでいる。その山の南側（陽）には、矢の材料となる細い竹が多く自生しており、また青緑色の美しい宝石である蒼玉が数多く産出する。 」","","","上古音：「竹」t -／t ǐuk／t jok／t iəwk／t rjəkw
上古音：「水」ɕ i̯wər／ɕ ǐwei／ç jued／stʰ jiwer／h rjidx","アイヌ語：竹水＝「テュ・アク・シル・アッ(tu-ak-sir-at)」
＝「峰の・弟の（ように小さい）・山が・たくさんある（ところ）」","jomon2_bnum69.html"
"西山経","竹山／竹水","竹箭","「（この竹山から）竹水という川が湧き出て、北へ流れて渭水（黄河の支流）へと注ぎ込んでいる。その山の南側（陽）には、矢の材料となる細い竹が多く自生しており、また青緑色の美しい宝石である蒼玉が数多く産出する。 」","","","上古音：「竹」t -／t ǐuk／t jok／t iəwk／t rjəkw
上古音：「箭」ts i̯an／ts ǐan／ts jæn／- -／ts janh","アイヌ語：竹箭＝「テュ・アク・テュ・アゥ・ウン(tu-ak-tu-aw-un)」
＝「峰の・弟の（ように小さい）・峰の・角、枝分かれ・にある（ところ）」","jomon2_bnum69.html"
"西山経","竹山／竹水","蒼玉","「（この竹山から）竹水という川が湧き出て、北へ流れて渭水（黄河の支流）へと注ぎ込んでいる。その山の南側（陽）には、矢の材料となる細い竹が多く自生しており、また青緑色の美しい宝石である蒼玉が数多く産出する。 」","","","上古音：「蒼」tsʰ ɑŋ／tsʰ aŋ／tsʰ ɑŋ／tsʰ aŋ／tsh ang
上古音：「玉」ŋ i̯uk／ŋ ǐwɔk／ŋ juk／ŋ jewk／ng juk","アイヌ語：蒼玉＝「テュ・アゥ・ウン・キル・ク(tu-aw-un-kir-ku)」
＝「峰の・角、枝分かれ・にある・山脚の・矢（のように鋭い峰）」
※アイヌ語「ク＝弓」。中国大陸、朝鮮半島では「ク＝矢」の可能性。サハリン、シベリアのニヴフ（ギリヤーク）語も「ク＝矢」。","jomon2_bnum69.html"
"西山経","竹山／丹水","丹水","「丹水という川が湧き出て、東南へ流れて洛水へと注ぎ込んでいる。その川の中には、水晶（水玉）が多く、また人魚（伝説の怪魚）が数多く生息している。」","","","上古音：「丹」t ɑn／t an／t ɑn／t an／t an
上古音：「水」ɕ i̯wər／ɕ ǐwei／ç jued／stʰ jiwer／h rjidx","アイヌ語：丹水＝「テュ・アゥ・ウン・シル・アッ(tu-aw-un-sir-at)」
＝「峰の・角、枝分かれ・にある・山が・たくさんある（ところ）」","jomon2_bnum69.html"
"西山経","竹山／丹水","水玉","「丹水という川が湧き出て、東南へ流れて洛水へと注ぎ込んでいる。その川の中には、水晶（水玉）が多く、また人魚（伝説の怪魚）が数多く生息している。」","","","上古音：「水」ɕ i̯wər／ɕ ǐwei／ç jued／stʰ jiwer／h rjidx
上古音：「玉」ŋ i̯uk／ŋ ǐwɔk／ŋ juk／ŋ jewk／ng juk","アイヌ語：水玉＝「シル・アッ・キル・ク(sir-at-kir-ku)」
＝「山が・たくさんある・山脚の・矢（のように鋭い峰）」","jomon2_bnum69.html"
"西山経","竹山／丹水","人魚","「丹水という川が湧き出て、東南へ流れて洛水へと注ぎ込んでいる。その川の中には、水晶（水玉）が多く、また人魚（伝説の怪魚）が数多く生息している。」","","","上古音：「人」ȵ i̯ĕn／ȵ ǐen／ȵ jen／n jien／n jin
上古音：「魚」ŋ i̯o／ŋ ǐa／ŋ jaɡ／ŋ jaɣ／ng jag","アイヌ語：人魚＝「ニ・エ・エン・キル・アク(ni-e-en-kir-ak)」
＝「棒（のように細長い峰）が・そこで・突き出ている・山脚の・弟（のように小さいもの）」
※アイヌ語「ク＝弓」。中国大陸、朝鮮半島では「ク＝矢」の可能性。サハリン、シベリアのニヴフ（ギリヤーク）語も「ク＝矢」。","jomon2_bnum69.html"
"西山経","竹山／豪彘","豚而白毛","「ここに獣が住んでいる。その姿は子豚のようで白い毛が生えており、大きさは（髪飾りの）笄（こうがい）ほどで、（毛の）先端が黒い。名を「毫彘（ごうてい）」という。」","","","上古音：「豚」dʰ wən／d uən／dʰ uə̂n／d wən／d ən
上古音：「而」ȵ i̯əɡ／ȵ ǐə／ȵ jəɡ／n jiəɣ／n jəg
上古音：「白」bʰ ăk／b eak／bʰ uăk／b rwak／b rak
上古音：「毛」m oɡ／m au／m ɔ̂ɡ／m aw／m agw","アイヌ語：豚而白毛＝「テュ・アゥ・ウン(tu-aw-un)／ニ・アク(ni-ak)／プ・アク(pu-ak)／ム・アク(mu-ak)」
＝「峰の・角、枝分かれ・にある／棒の（ように細長い）・弟（のように小さいもの）／倉の（屋根のような三角山の）・弟／塞がっている・弟」","jomon2_bnum69.html"
"西山経","竹山／豪彘","笄而黑端","「ここに獣が住んでいる。その姿は子豚のようで白い毛が生えており、大きさは（髪飾りの）笄（こうがい）ほどで、（毛の）先端が黒い。名を「毫彘（ごうてい）」という。」","","","上古音：「笄」- -／k iei／k ied／k er／k id
上古音：「而」ȵ i̯əɡ／ȵ ǐə／ȵ jəɡ／n jiəɣ／n jəg
上古音：「黑」xm ək／h ək／m̥ uə̂k／xm ək／hm ək
上古音：「端」t wɑn／t uan／t uɑn／t wan／t uan","アイヌ語：笄而黑端＝「キル・アッ・ニ・アク・フム・アク(kir-at-ni-ak-hum-ak)／テュ・アゥ・ウン(tu-aw-un)」
＝「山脚が・たくさんある・棒の（ように細長い）・弟（のように小さいもの）・断片の・弟の／峰の・角、枝分かれ・にある（ところ）」","jomon2_bnum69.html"
"西山経","竹山／豪彘","豪彘","「ここに獣が住んでいる。その姿は子豚のようで白い毛が生えており、大きさは（髪飾りの）笄（こうがい）ほどで、（毛の）先端が黒い。名を「毫彘（ごうてい）」という。」","","","上古音：「豪」ɡʰ oɡ／ɣ au／ɣ ɔ̂ɡ／ɡ aw／g agw
上古音：「彘」dʰ i̯ad／d ǐet／- -／- -／- -","アイヌ語：豪彘＝「キル・アク・テュ・アッ(kir-ak-tu-at)」
＝「山脚の・弟の（ように小さい）・峰が・たくさんある（ところ）」","jomon2_bnum69.html"
"西山経","浮山","浮山","「さらに西へ百二十里（のところ）に、浮山（ふざん）という山がある。ここには盼木（はんぼく）が多く自生している。その葉は枳（からたち）に似ているが棘が（木を）傷つけることはなく、木の中には虫が棲んでいる。」","","「太華の山＝華山」の西方【「山海経記載462里」×0.21＝97.02 km】の山","上古音：「浮」bʰ -／b ǐu／bʰ jŏɡ／b jəw／b jəgw
上古音：「山」s ăn／ʃ ean／- -／s rian／s rian","アイヌ語：浮山＝「ピル・アク・シル・アゥ・ウン(pir-ak-sir-aw-un)」
＝「傷の（ように切り刻まれた）・弟の（ように小さい）・山の・角、枝分かれ・にある（ところ）」","jomon2_bnum69.html"
"西山経","浮山","盼木","「さらに西へ百二十里（のところ）に、浮山（ふざん）という山がある。ここには盼木（はんぼく）が多く自生している。その葉は枳（からたち）に似ているが棘が（木を）傷つけることはなく、木の中には虫が棲んでいる。」","","「太華の山＝華山」の西方【「山海経記載462里」×0.21＝97.02 km】の山","上古音：「盼」pʰ æn／pʰ eən／pʰ uən／pʰ rwən／ph rənh
上古音：「木」m uk／m ɔk／m ûk／m ewk／m uk","アイヌ語：盼木＝「プ・アゥ・ウン・ム・ク(pu-aw-un-mu-ku)」
＝「倉の（屋根のような三角山の）・角、枝分かれ・にある・塞がっている・矢（のように鋭い峰）」","jomon2_bnum69.html"
"西山経","浮山","枳葉而無傷","「さらに西へ百二十里（のところ）に、浮山（ふざん）という山がある。ここには盼木（はんぼく）が多く自生している。その葉は枳（からたち）に似ているが棘が（木を）傷つけることはなく、木の中には虫が棲んでいる。」","","「太華の山＝華山」の西方【「山海経記載462里」×0.21＝97.02 km】の山","上古音：「枳」tɕ i̯ĕɡ／ȶ ǐe／c jeɡ／t jieɣ／k rjigx
上古音：「枳」k i̯ĕɡ／- -／k jeɡ／k jieɣ／k jigx
上古音：「葉」d i̯ap／ʎ ǐap／d jɐp／r iap／r ap
上古音：「葉」- -／ɕ ǐap／ɕ jɐp／stʰ jiap／sth jap
上古音：「而」ȵ i̯əɡ／ȵ ǐə／ȵ jəɡ／n jiəɣ／n jəg
上古音：「無」m i̯wo／m ǐwa／m juaɡ／m jwaɣ／m jag
上古音：「傷」ɕ i̯aŋ／ɕ ǐaŋ／ɕ jaŋ／stʰ jaŋ／sth jang","アイヌ語：枳葉而無傷＝「テュ・アク(tu-ak)／テュ・アプ(tu-ap)／ニ・アク(ni-ak)／ムィ・アク(muy-ak)／シル・アゥ・ウン(sir-aw-un)」
＝「峰の・弟（のように小さいもの）／峰の・釣り針（のように曲がったもの）／棒の（ように細長い）・弟／頂の・弟の／山の・角、枝分かれ・にある（ところ）」","jomon2_bnum69.html"
"西山経","浮山","木蟲居之","「さらに西へ百二十里（のところ）に、浮山（ふざん）という山がある。ここには盼木（はんぼく）が多く自生している。その葉は枳（からたち）に似ているが棘が（木を）傷つけることはなく、木の中には虫が棲んでいる。」","","「太華の山＝華山」の西方【「山海経記載462里」×0.21＝97.02 km】の山","上古音：「木」m uk／m ɔk／m ûk／m ewk／m uk
上古音：「蟲」dʰ／d ǐuŋ／dʰ joŋ／d iəwŋ／d rjəngw
上古音：「居」k i̯o／k ǐa／k jaɡ／k jaɣ／k jag
上古音：「之」ȶ i̯əɡ／ȶ ǐə／ȶ jəɡ／t jiəɣ／t jəg","アイヌ語：木蟲居之＝「ム・ク・テュ・アゥ・ウン・キル・アク・テュ・アク(mu-ku-tu-aw-un-kir-ak-tu-ak)」
＝「塞がっている・矢の（ように鋭い）・峰の・角、枝分かれ・にある・山脚の・弟（のように小さいもの）・峰の・弟」
※アイヌ語「ク＝弓」。中国大陸、朝鮮半島では「ク＝矢」の可能性。サハリン、シベリアのニヴフ（ギリヤーク）語も「ク＝矢」。","jomon2_bnum69.html"
"西山経","浮山／薰草","薰草","「ここに草が生えている。名を「薫草（くんそう）」という。その葉は麻に似ていて茎は四角く、赤い花を咲かせて黒い実を結ぶ。香りは蘼蕪（びぶ）のようであり、これを身につければ癘（れい／悪性の伝染病）を治す（あるいは防ぐ）ことができる。」","","「太華の山＝華山」の西方【「山海経記載462里」×0.21＝97.02 km】の山","上古音：「薰」x i̯wən／h ǐwən／x juə̆n／x jwən／hw jən
上古音：「草」tsʰ／tsʰ u／tsʰ ôɡ／tsʰ əw／tsh əgwx","アイヌ語：薰草＝「シル・アゥ・ウン・テュ・アク(sir-aw-un-tu-ak)」
＝「山の・角、枝分かれ・にある・峰の・弟（のように小さいもの）」","jomon2_bnum69.html"
"西山経","浮山／薰草","麻葉而方莖","「ここに草が生えている。名を「薫草（くんそう）」という。その葉は麻に似ていて茎は四角く、赤い花を咲かせて黒い実を結ぶ。香りは蘼蕪（びぶ）のようであり、これを身につければ癘（れい／悪性の伝染病）を治す（あるいは防ぐ）ことができる。」","","「太華の山＝華山」の西方【「山海経記載462里」×0.21＝97.02 km】の山","上古音：「麻」m a／m eai／m ua／m rwa／m rar
上古音：「葉」d i̯ap／ʎ ǐap／d jɐp／r iap／r ap
上古音：「葉」- -／ɕ ǐap／ɕ jɐp／stʰ jiap／sth jap
上古音：「而」ȵ i̯əɡ／ȵ ǐə／ȵ jəɡ／n jiəɣ／n jəg
上古音：「方」- -／- -／bʰ juaŋ／b jwaŋ／b jang
上古音：「方」p i̯waŋ／p ǐwaŋ／p juaŋ／p jwaŋ／p jang
上古音：「莖」ɡʰ ĕŋ／ɣ eŋ／ɣ eŋ／ɡ reŋ／g ring","アイヌ語：麻葉而方莖＝「ム・アゥ(mu-aw)／テュ・アプ(tu-ap)／ニ・アク(ni-ak)／ピル・アゥ・ウン(pir-aw-un)／キル・エ・エン(kir-e-en)」
＝「塞がっている・角、枝分かれ／峰の・釣り針（のように曲がったもの）／棒の（ように細長い）・弟（のように小さいもの）／傷の（ように切り刻まれた）・角、枝分かれ・にある／山脚が・そこで・突き出ている（ところ）」","jomon2_bnum69.html"
"西山経","浮山／薰草","赤華而黑實","「ここに草が生えている。名を「薫草（くんそう）」という。その葉は麻に似ていて茎は四角く、赤い花を咲かせて黒い実を結ぶ。香りは蘼蕪（びぶ）のようであり、これを身につければ癘（れい／悪性の伝染病）を治す（あるいは防ぐ）ことができる。」","","「太華の山＝華山」の西方【「山海経記載462里」×0.21＝97.02 km】の山","上古音：「赤」ȶʰ i̯ăk／ȶʰ iak／cʰ jăk／tʰ jiak／kh rjiak
上古音：「華」ɡʰ wɔ／ɣ oa／ɣ uăɡ／ɡ rwaɣ／gw ragh
上古音：「華」- -／h oa／x uăɡ／x rwaɣ／hw rag
上古音：「而」ȵ i̯əɡ／ȵ ǐə／ȵ jəɡ／n jiəɣ／n jəg
上古音：「黑」xm ək／h ək／m̥ uə̂k／xm ək／hm ək
上古音：「實」ʰ i̯ĕt／ȡ ǐet／ȡʰ jet／zd jiet／d jit","アイヌ語：赤華而黑實＝「テュ・アク(tu-ak)／キル・アク(kir-ak)／ニ・アク(ni-ak)／フム・アク(hum-ak)／テュ・アッ(tu-at)」
＝「峰の・弟（のように小さいもの）／山脚の・弟／棒の（ように細長い）・弟／断片の・弟の／峰が・たくさんある（ところ）」","jomon2_bnum69.html"
"西山経","浮山／薰草","蘼蕪","「ここに草が生えている。名を「薫草（くんそう）」という。その葉は麻に似ていて茎は四角く、赤い花を咲かせて黒い実を結ぶ。香りは蘼蕪（びぶ）のようであり、これを身につければ癘（れい／悪性の伝染病）を治す（あるいは防ぐ）ことができる。」","","「太華の山＝華山」の西方【「山海経記載462里」×0.21＝97.02 km】の山","上古音：「靡」m ia／m ǐai／m jua／m iwa／m jiarx
上古音：「蕪」m i̯wo／m ǐwa／m juaɡ／m jwaɣ／m jag","アイヌ語：蘼蕪＝「ムィ・アゥ(muy-aw)／ムィ・アク(muy-ak)」
＝「頂の・角、枝分かれ／頂の・弟（のように小さいもの）」","jomon2_bnum69.html"
"西山経","浮山／薰草","癘","「ここに草が生えている。名を「薫草（くんそう）」という。その葉は麻に似ていて茎は四角く、赤い花を咲かせて黒い実を結ぶ。香りは蘼蕪（びぶ）のようであり、これを身につければ癘（れい／悪性の伝染病）を治す（あるいは防ぐ）ことができる。」","","「太華の山＝華山」の西方【「山海経記載462里」×0.21＝97.02 km】の山","","アイヌ語：癘＝「リ・アッ(ri-at)」
＝「高い（ところが）・たくさんある（ところ）」","jomon2_bnum69.html"
"西山経","羭次の山","羭次","「さらに西へ七十里のところに、羭次（ゆじ）の山という山がある。漆水（しっすい）がここから流れ出て、北へ流れて渭水（いすい）に注いでいる。山の上（山頂付近）にはイク・キョウ（コナラやカシなどの木）が多く、山の下（麓）には矢の材料になる小さな竹が多く自生している。山の北側（日陰）には赤銅が多く産出し、山の南側（日向）には嬰垣（えいえん）の玉（美しい玉石の一種）が多く産出する。」","","「大時の山＝太白山」の東方【「山海経記載500里」×0.21＝105 km】の山","上古音：「羭」d i̯u／- -／- -／r iew／- -
上古音：「次」tsʰ i̯ər／tsʰ ǐei／tsʰ jed／tsʰ jier／tsh jidh","アイヌ語：羭次＝「リ・アゥ・テュ・アッ(ri-aw-tu-at)」
＝「高い・角、枝分かれの・峰が・たくさんある（ところ）」","jomon2_bnum69.html"
"西山経","羭次の山","棫橿","「さらに西へ七十里のところに、羭次（ゆじ）の山という山がある。漆水（しっすい）がここから流れ出て、北へ流れて渭水（いすい）に注いでいる。山の上（山頂付近）にはイク・キョウ（コナラやカシなどの木）が多く、山の下（麓）には矢の材料になる小さな竹が多く自生している。山の北側（日陰）には赤銅が多く産出し、山の南側（日向）には嬰垣（えいえん）の玉（美しい玉石の一種）が多く産出する。」","","「大時の山＝太白山」の東方【「山海経記載500里」×0.21＝105 km】の山","上古音：「棫」ɡ i̯wək／ɣ ǐwək／- -／ɣ iwək／- -
上古音：「橿」- -／- -／k jaŋ／k jaŋ／k jang","アイヌ語：棫橿＝「キル・アク・キル・アゥ・ウン(kir-ak-kir-aw-un)」
＝「山脚の・弟（のように小さいもの）・山脚の・角、枝分かれ・にある（ところ）」","jomon2_bnum69.html"
"西山経","羭次の山","竹箭","「さらに西へ七十里のところに、羭次（ゆじ）の山という山がある。漆水（しっすい）がここから流れ出て、北へ流れて渭水（いすい）に注いでいる。山の上（山頂付近）にはイク・キョウ（コナラやカシなどの木）が多く、山の下（麓）には矢の材料になる小さな竹が多く自生している。山の北側（日陰）には赤銅が多く産出し、山の南側（日向）には嬰垣（えいえん）の玉（美しい玉石の一種）が多く産出する。」","","「大時の山＝太白山」の東方【「山海経記載500里」×0.21＝105 km】の山","上古音：「竹」t -／t ǐuk／t jok／t iəwk／t rjəkw
上古音：「箭」ts i̯an／ts ǐan／ts jæn／- -／ts janh","アイヌ語：竹箭＝「テュ・アク・テュ・アゥ・ウン(tu-ak-tu-aw-un)」
＝「峰の・弟の（ように小さい）・峰の・角、枝分かれ・にある（ところ）」","jomon2_bnum69.html"
"西山経","羭次の山","赤銅","「さらに西へ七十里のところに、羭次（ゆじ）の山という山がある。漆水（しっすい）がここから流れ出て、北へ流れて渭水（いすい）に注いでいる。山の上（山頂付近）にはイク・キョウ（コナラやカシなどの木）が多く、山の下（麓）には矢の材料になる小さな竹が多く自生している。山の北側（日陰）には赤銅が多く産出し、山の南側（日向）には嬰垣（えいえん）の玉（美しい玉石の一種）が多く産出する。」","","「大時の山＝太白山」の東方【「山海経記載500里」×0.21＝105 km】の山","上古音：「赤」ȶʰ i̯ăk／ȶʰ iak／cʰ jăk／tʰ jiak／kh rjiak
上古音：「銅」dʰ uŋ／d ɔŋ／dʰ ûŋ／d ewŋ／d ung","アイヌ語：赤銅＝「テュ・アク・テュ・ウン(tu-ak-tu-un)」
＝「峰の・弟の（ように小さい）・峰・にある（ところ）」","jomon2_bnum69.html"
"西山経","羭次の山","嬰垣之玉","「さらに西へ七十里のところに、羭次（ゆじ）の山という山がある。漆水（しっすい）がここから流れ出て、北へ流れて渭水（いすい）に注いでいる。山の上（山頂付近）にはイク・キョウ（コナラやカシなどの木）が多く、山の下（麓）には矢の材料になる小さな竹が多く自生している。山の北側（日陰）には赤銅が多く産出し、山の南側（日向）には嬰垣（えいえん）の玉（美しい玉石の一種）が多く産出する。」","","「大時の山＝太白山」の東方【「山海経記載500里」×0.21＝105 km】の山","上古音：「嬰」ʔ i̯ĕŋ／0 ǐeŋ／ʔ jeŋ／ʔ jieŋ／· jing
上古音：「垣」ɡ i̯wăn／ɣ ǐwan／ɣ juăn／ɣ jwan／gw jan
上古音：「之」ȶ i̯əɡ／ȶ ǐə／ȶ jəɡ／t jiəɣ／t jəg
上古音：「玉」ŋ i̯uk／ŋ ǐwɔk／ŋ juk／ŋ jewk／ng juk","アイヌ語：嬰垣之玉＝「イ・エ・エン・キル・アゥ・ウン・テュ・アク・キル・アク(i-e-en-kir-aw-un-tu-ak-kir-ak)」
＝「それが・そこで・突き出ている・山脚の・角、枝分かれ・にある・峰の・弟（のように小さいもの）・山脚の・弟」","jomon2_bnum69.html"
"西山経","羭次の山／嚻","禺而長臂","「ここに獣が住んでいる。その姿は禺（ぐう／オナガザルの一種）のようで腕が長く、物を投げるのが得意である。その名を「囂（ごう）」という。」","","","上古音：「禺」ŋ i̯u／ŋ ǐwɔ／ŋ juɡ／ŋ jew／ng jug
上古音：「而」ȵ i̯əɡ／ȵ ǐə／ȵ jəɡ／n jiəɣ／n jəg
上古音：「長」dʰ i̯aŋ／d ǐaŋ／dʰ jaŋ／d iaŋ／d rjang
上古音：「長」t i̯aŋ／t ǐaŋ／t jaŋ／t iaŋ／t rjangx
上古音：「臂」p i̯ĕɡ／p ǐe／p jeɡ／p jieɣ／p jigh","アイヌ語：禺而長臂＝「キル・ク(kir-ku)／ニ・アク(ni-ak)／テュ・アゥ・ウン・ピル・アク(tu-aw-un-pir-ak)」
＝「山脚の・弓（のように鋭いもの）／棒の（ように細長い）・弟の（ように小さい）／峰の・角、枝分かれ・にある・傷の（ように切り刻まれた）・弟」","jomon2_bnum69.html"
"西山経","羭次の山／嚻","善投","「ここに獣が住んでいる。その姿は禺（ぐう／オナガザルの一種）のようで腕が長く、物を投げるのが得意である。その名を「囂（ごう）」という。」","","","上古音：「善」ȡ i̯an／ʑ ǐan／ʑ jæn／d jian／d janx
上古音：「投」dʰ u／d ɔ／dʰ ûɡ／d ew／d ug","アイヌ語：善投＝「テュ・アゥ・ウン・テュク(tu-aw-un-tuk)」
＝「峰の・角、枝分かれ・にある・小山」","jomon2_bnum69.html"
"西山経","羭次の山／嚻","嚻","「ここに獣が住んでいる。その姿は禺（ぐう／オナガザルの一種）のようで腕が長く、物を投げるのが得意である。その名を「囂（ごう）」という。」","","","上古音：「嚻」x i̯oɡ／h ǐau／x jɔ̆ɡ／x iaw／h jagw","アイヌ語：嚻＝「シル・アク(sir-ak)」
＝「山の・弟（のように小さいもの）」
※アイヌ語「ク＝弓」。中国大陸、朝鮮半島では「ク＝矢」の可能性。サハリン、シベリアのニヴフ（ギリヤーク）語も「ク＝矢」。","jomon2_bnum69.html"
"西山経","羭次の山／橐𩇯","梟","「ここに鳥が住んでいる。その姿は梟のようで、人間の顔をしており、一本足である。名を「橐𩇯（たくひ）」という。冬に姿を現して夏には冬眠（蟄伏）し、これを身につければ雷を恐れなくなる。」","","","上古音：「梟」k／k iau／k iɔɡ／k eaw／k iagw","アイヌ語：梟＝「キル・アク(kir-ak)」
＝「山脚の・弟（のように小さいもの）」","jomon2_bnum69.html"
"西山経","羭次の山／橐𩇯","人面而一足","「ここに鳥が住んでいる。その姿は梟のようで、人間の顔をしており、一本足である。名を「橐𩇯（たくひ）」という。冬に姿を現して夏には冬眠（蟄伏）し、これを身につければ雷を恐れなくなる。」","","","上古音：「人」ȵ i̯ĕn／ȵ ǐen／ȵ jen／n jien／n jin
上古音：「面」m i̯an／m ǐan／m juæn／m jiwan／m jianh
上古音：「而」ȵ i̯əɡ／ȵ ǐə／ȵ jəɡ／n jiəɣ／n jəg
上古音：「一」ʔ i̯ĕt／0 ǐet／ʔ jet／ʔ jiet／· jit
上古音：「足」ts i̯uk／ts ǐwɔk／ts juk／ts jewk／ts juk","アイヌ語：人面而一足＝「ニ・エ・エン・ムィ・アゥ・ウン(ni-e-en-muy-aw-un)／ニ・アク・イェ・アッ・テュク(ni-ak-ie-at-tuk)」
＝「棒（のように細長い峰）が・そこで・突き出ている・頂の・角、枝分かれ・にある（ところ）／棒の・弟（のように小さい）・石が・たくさんある・小山」","jomon2_bnum69.html"
"西山経","羭次の山／橐𩇯","橐𩇯","「ここに鳥が住んでいる。その姿は梟のようで、人間の顔をしており、一本足である。名を「橐𩇯（たくひ）」という。冬に姿を現して夏には冬眠（蟄伏）し、これを身につければ雷を恐れなくなる。」","","","上古音：「橐」tʰ ɑk／tʰ ak／tʰ ɑk／tʰ ak／th ak
上古音：「非」p i̯wər／p ǐwəi／p juə̆d／p jiwər／p jəd","アイヌ語：橐𩇯＝「タク・ピル・アッ(tak-pir-at)」
＝「石の・傷（のように切り刻まれたもの）が・たくさんある（ところ）」","jomon2_bnum69.html"
"西山経","羭次の山／橐𩇯","冬見夏蟄","「ここに鳥が住んでいる。その姿は梟のようで、人間の顔をしており、一本足である。名を「橐𩇯（たくひ）」という。冬に姿を現して夏には冬眠（蟄伏）し、これを身につければ雷を恐れなくなる。」","","","上古音：「冬」t -／t uŋ／t ôŋ／t əwŋ／t əngw t
上古音：「見」k ian／k ian／k iæn／k ean／k ianh
上古音：「夏」ɡʰ ɔ／ɣ ea／ɣ ăɡ／ɡ raɣ／g ragh
上古音：「蟄」dʰ i̯əp／d ǐəp／dʰ jəp／d iəp／d rjəp","アイヌ語：冬見夏蟄＝「テュン・キル・アゥ・ウン・キル・アク・テュ・アプ(tun-kir-aw-un-kir-ak-tu-ap)」
＝「山間の・山脚の・角、枝分かれ・にある・山脚の・弟（のように小さいもの）・峰の・釣り針（のように曲がったもの）」","jomon2_bnum69.html"
"西山経","羭次の山／橐𩇯","不畏雷","「ここに鳥が住んでいる。その姿は梟のようで、人間の顔をしており、一本足である。名を「橐𩇯（たくひ）」という。冬に姿を現して夏には冬眠（蟄伏）し、これを身につければ雷を恐れなくなる。」","","","上古音：「不」p i̯ŭɡ／p ǐwə／p juə̆ɡ／p jwəɣ／p jəgx
上古音：「不」- -／- -／tʰ jŏɡ／tʰ iəw／th jəgwh
上古音：「畏」ʔ i̯wər／0 ǐwəi／ʔ juə̆d／ʔ jwər／·w jədh
上古音：「雷」l wər／l uəi／l uə̂d／l wər／l əd","アイヌ語：不畏雷＝「ピル・アク・イェ・アッ・ル・アッ(pir-ak-ie-at-ru-at)」
＝「傷の（ように切り刻まれた）・弟の（ように小さい峰の）・石が・たくさんある・（消えかかった）跡が・たくさんある（ところ）」","jomon2_bnum69.html"
"西山経","時山","時山","「さらに西へ百五十里（のところ）に、時山（じざん）という山がある。草木は全く生えていない。逐水（ちくすい）がここから流れ出て、北へ流れて渭水（いすい）に注いでおり、その川の中には水玉（すいぎょく／水晶）が多くある。」","","「大時の山＝太白山」の東方【「山海経記載350里」×0.21＝73.5 km】の山","上古音：「時」ȡ i̯əɡ／ʑ ǐə／ʑ jəɡ／d jiəɣ／d jəg
上古音：「山」s ăn／ʃ ean／- -／s rian／s rian","アイヌ語：時山＝「テュ・アク・シル・アゥ・ウン(tu-ak-sir-aw-un)」
＝「峰の・弟の（ように小さい）・山の・角、枝分かれ・にある（ところ）」","jomon2_bnum69.html"
"西山経","時山","無草木","「さらに西へ百五十里（のところ）に、時山（じざん）という山がある。草木は全く生えていない。逐水（ちくすい）がここから流れ出て、北へ流れて渭水（いすい）に注いでおり、その川の中には水玉（すいぎょく／水晶）が多くある。」","","「大時の山＝太白山」の東方【「山海経記載350里」×0.21＝73.5 km】の山","上古音：「無」m i̯wo／m ǐwa／m juaɡ／m jwaɣ／m jag
上古音：「草」tsʰ／tsʰ u／tsʰ ôɡ／tsʰ əw／tsh əgwx
上古音：「木」m uk／m ɔk／m ûk／m ewk／m uk","アイヌ語：無草木＝「ムィ・アク(muy-ak)／テュ・アク(tu-ak)／ム・ク(mu-ku)」
＝「頂の・弟（のように小さいもの）／峰の・弟／塞がっている・矢（のように鋭い峰）」","jomon2_bnum69.html"
"西山経","時山","逐水","「さらに西へ百五十里（のところ）に、時山（じざん）という山がある。草木は全く生えていない。逐水（ちくすい）がここから流れ出て、北へ流れて渭水（いすい）に注いでおり、その川の中には水玉（すいぎょく／水晶）が多くある。」","","「大時の山＝太白山」の東方【「山海経記載350里」×0.21＝73.5 km】の山","上古音：「逐」dʰ／d ǐuk／dʰ jok／d iəwk／d rjəkw
上古音：「水」ɕ i̯wər／ɕ ǐwei／ç jued／stʰ jiwer／h rjidx","アイヌ語：逐水＝「テュ・アク・シル・アッ(tu-ak-sir-at)」
＝「峰の・弟の（ように小さい）・山が・たくさんある（ところ）」","jomon2_bnum69.html"
"西山経","時山","水玉","「さらに西へ百五十里（のところ）に、時山（じざん）という山がある。草木は全く生えていない。逐水（ちくすい）がここから流れ出て、北へ流れて渭水（いすい）に注いでおり、その川の中には水玉（すいぎょく／水晶）が多くある。」","","「大時の山＝太白山」の東方【「山海経記載350里」×0.21＝73.5 km】の山","上古音：「水」ɕ i̯wər／ɕ ǐwei／ç jued／stʰ jiwer／h rjidx
上古音：「玉」ŋ i̯uk／ŋ ǐwɔk／ŋ juk／ŋ jewk／ng juk","アイヌ語：水玉＝「シル・アッ・キル・ク(sir-at-kir-ku)」
＝「山が・たくさんある・山脚の・矢（のように鋭い峰）」
※アイヌ語「ク＝弓」。中国大陸、朝鮮半島では「ク＝矢」の可能性。サハリン、シベリアのニヴフ（ギリヤーク）語も「ク＝矢」。","jomon2_bnum69.html"
"西山経","南山","南山","「さらに西へ百七十里（のところ）に、南山（なんざん）という山がある。山の上には丹粟（たんぞく／粒状の辰砂）が多くある。丹水（たんすい）がここから流れ出て、北へ流れて渭水（いすい）に注いでいる。獣は猛豹（もうひょう）が多く、鳥は尸鳩（しきゅう／カッコウの類）が多い。」","","「大時の山＝太白山」の東方【「山海経記載180里」×0.21＝37.8 km】の山","上古音：「南」n əm／n əm／n ə̂m／n əm／n əm
上古音：「山」s ăn／ʃ ean／- -／s rian／s rian","アイヌ語：南山＝「ニ・アム・シル・アゥ・ウン(ni-am-sir-aw-un)」
＝「棒の（ように細長い）・爪の（ように平べったく鋭い）・山の・角、枝分かれ・にある（ところ）」","jomon2_bnum69.html"
"西山経","南山","丹粟","「さらに西へ百七十里（のところ）に、南山（なんざん）という山がある。山の上には丹粟（たんぞく／粒状の辰砂）が多くある。丹水（たんすい）がここから流れ出て、北へ流れて渭水（いすい）に注いでいる。獣は猛豹（もうひょう）が多く、鳥は尸鳩（しきゅう／カッコウの類）が多い。」","","「大時の山＝太白山」の東方【「山海経記載180里」×0.21＝37.8 km】の山","上古音：「丹」t ɑn／t an／t ɑn／t an／t an
上古音：「粟」s i̯uk／s ǐwɔk／s juk／s jewk／s juk","アイヌ語：丹粟＝「テュ・アゥ・ウン・シル・ク(tu-aw-un-sir-ku)」
＝「峰の・角、枝分かれ・にある・山の・矢（のように鋭いもの）」","jomon2_bnum69.html"
"西山経","南山","丹水","「さらに西へ百七十里（のところ）に、南山（なんざん）という山がある。山の上には丹粟（たんぞく／粒状の辰砂）が多くある。丹水（たんすい）がここから流れ出て、北へ流れて渭水（いすい）に注いでいる。獣は猛豹（もうひょう）が多く、鳥は尸鳩（しきゅう／カッコウの類）が多い。」","","「大時の山＝太白山」の東方【「山海経記載180里」×0.21＝37.8 km】の山","上古音：「丹」t ɑn／t an／t ɑn／t an／t an
上古音：「水」ɕ i̯wər／ɕ ǐwei／ç jued／stʰ jiwer／h rjidx","アイヌ語：丹水＝「テュ・アゥ・ウン・シル・アッ(tu-aw-un-sir-at)」
＝「峰の・角、枝分かれ・にある・山が・たくさんある（ところ）」","jomon2_bnum69.html"
"西山経","南山","猛豹","「さらに西へ百七十里（のところ）に、南山（なんざん）という山がある。山の上には丹粟（たんぞく／粒状の辰砂）が多くある。丹水（たんすい）がここから流れ出て、北へ流れて渭水（いすい）に注いでいる。獣は猛豹（もうひょう）が多く、鳥は尸鳩（しきゅう／カッコウの類）が多い。」","","「大時の山＝太白山」の東方【「山海経記載180里」×0.21＝37.8 km】の山","上古音：「猛」m ăŋ／m eaŋ／m uɑ̆ŋ／m rwaŋ／m rangx
上古音：「豹」- -／p eau／p ɔɡ／p raw／p ragwh","アイヌ語：猛豹＝「ム・アゥ・ウン・プ・アク(mu-aw-un-pu-ak)」
＝「塞がっている・角、枝分かれ・にある・倉の（屋根のような三角山の）・弟（のように小さいもの）」","jomon2_bnum69.html"
"西山経","南山","尸鳩","「さらに西へ百七十里（のところ）に、南山（なんざん）という山がある。山の上には丹粟（たんぞく／粒状の辰砂）が多くある。丹水（たんすい）がここから流れ出て、北へ流れて渭水（いすい）に注いでいる。獣は猛豹（もうひょう）が多く、鳥は尸鳩（しきゅう／カッコウの類）が多い。」","","「大時の山＝太白山」の東方【「山海経記載180里」×0.21＝37.8 km】の山","上古音：「尸」ɕ i̯ər／ɕ ǐei／ç jed／stʰ jier／h rjid
上古音：「鳩」k -／k ǐu／k jŏɡ／k jəw／k jəgw","アイヌ語：尸鳩＝「シル・アッ・キル・アク(sir-at-kir-ak)」
＝「山が・たくさんある・山脚の・弟（のように小さいもの）」
※アイヌ語「ク＝弓」。中国大陸、朝鮮半島では「ク＝矢」の可能性。サハリン、シベリアのニヴフ（ギリヤーク）語も「ク＝矢」。","jomon2_bnum69.html"
"西山経","大時の山","大時","「大時之山（だいじのやま）は、さらに西へ百八十里進んだ場所にある。山の上にはカジノキやクヌギが多く、麓には紐（ちゅう）や橿（きょう）の木が茂っている。山の北側（陰）からは多くの銀が、南側（陽）からは多くの白玉が産出する。また、この山から湧き出る涔水（しんすい）は北へ流れて渭水（いすい）に注ぎ、清水（せいすい）は南へ流れて漢水（かんすい）に注いでいる。」","甘粛省定西市（旧・隴西県）の南、または六盤山脈の南端にあたる山。異説に陝西省太白山。","","上古音：「大」tʰ ɑd, dʰ ɑd／d at／dʰ ɑd／d ar／d adh
上古音：「時」ȡ i̯əɡ／ʑ ǐə／ʑ jəɡ／d jiəɣ／d jəg","アイヌ語：大時＝「テュ・アッ・テュ・アク(tu-at-tu-ak)」
＝「峰が・たくさんある・峰の・弟（のように小さいもの）」","jomon2_bnum69.html"
"西山経","大時の山","杻橿","「大時之山（だいじのやま）は、さらに西へ百八十里進んだ場所にある。山の上にはカジノキやクヌギが多く、麓には紐（ちゅう）や橿（きょう）の木が茂っている。山の北側（陰）からは多くの銀が、南側（陽）からは多くの白玉が産出する。また、この山から湧き出る涔水（しんすい）は北へ流れて渭水（いすい）に注ぎ、清水（せいすい）は南へ流れて漢水（かんすい）に注いでいる。」","甘粛省定西市（旧・隴西県）の南、または六盤山脈の南端にあたる山。異説に陝西省太白山。","","上古音：「杻」n／n ǐu／n jŏɡ／n iəw／n rjəgwx
上古音：「橿」- -／- -／k jaŋ／k jaŋ／k jang","アイヌ語：杻橿＝「ニ・アク・キル・アゥ・ウン(ni-ak-kir-aw-un)」
＝「棒の（ように細長い）・弟の（ように小さい）・山脚の・角、枝分かれ・にある（ところ）」","jomon2_bnum69.html"
"西山経","大時の山","穀柞","「大時之山（だいじのやま）は、さらに西へ百八十里進んだ場所にある。山の上にはカジノキやクヌギが多く、麓には紐（ちゅう）や橿（きょう）の木が茂っている。山の北側（陰）からは多くの銀が、南側（陽）からは多くの白玉が産出する。また、この山から湧き出る涔水（しんすい）は北へ流れて渭水（いすい）に注ぎ、清水（せいすい）は南へ流れて漢水（かんすい）に注いでいる。」","甘粛省定西市（旧・隴西県）の南、または六盤山脈の南端にあたる山。異説に陝西省太白山。","","上古音：「穀」k uk／k ɔk／k ûk／k ewk／k uk
上古音：「柞」ts ɑk／- -／- -／ts ak／- -
上古音：「柞」dzʰ ɑk／dz ak／dzʰ ɑk／dz ak／dz ak","アイヌ語：穀柞＝「ク・ク・テュ・アク(ku-ku-tu-ak)」
＝「矢（のように鋭い）・矢の・峰の・弟（のように小さいもの）」","jomon2_bnum69.html"
"西山経","大時の山","銀","「大時之山（だいじのやま）は、さらに西へ百八十里進んだ場所にある。山の上にはカジノキやクヌギが多く、麓には紐（ちゅう）や橿（きょう）の木が茂っている。山の北側（陰）からは多くの銀が、南側（陽）からは多くの白玉が産出する。また、この山から湧き出る涔水（しんすい）は北へ流れて渭水（いすい）に注ぎ、清水（せいすい）は南へ流れて漢水（かんすい）に注いでいる。」","甘粛省定西市（旧・隴西県）の南、または六盤山脈の南端にあたる山。異説に陝西省太白山。","","上古音：「銀」ŋ i̯æn／ŋ ǐən／ŋ jən／ŋ iən／ng jiən","アイヌ語：銀＝「キル・アゥ・ウン(kir-aw-un)」
＝「山脚の・角、枝分かれ・にある（ところ）」","jomon2_bnum69.html"
"西山経","大時の山","白玉","「大時之山（だいじのやま）は、さらに西へ百八十里進んだ場所にある。山の上にはカジノキやクヌギが多く、麓には紐（ちゅう）や橿（きょう）の木が茂っている。山の北側（陰）からは多くの銀が、南側（陽）からは多くの白玉が産出する。また、この山から湧き出る涔水（しんすい）は北へ流れて渭水（いすい）に注ぎ、清水（せいすい）は南へ流れて漢水（かんすい）に注いでいる。」","甘粛省定西市（旧・隴西県）の南、または六盤山脈の南端にあたる山。異説に陝西省太白山。","","上古音：「白」bʰ ăk／b eak／bʰ uăk／b rwak／b rak
上古音：「玉」ŋ i̯uk／ŋ ǐwɔk／ŋ juk／ŋ jewk／ng juk","アイヌ語：白玉＝「プ・アク・キル・ク(pu-ak-kir-ku)」
＝「倉の（屋根のような三角山の）・弟の（ように小さい）・山脚の・矢（のように鋭い峰）」","jomon2_bnum69.html"
"西山経","大時の山","涔水","「大時之山（だいじのやま）は、さらに西へ百八十里進んだ場所にある。山の上にはカジノキやクヌギが多く、麓には紐（ちゅう）や橿（きょう）の木が茂っている。山の北側（陰）からは多くの銀が、南側（陽）からは多くの白玉が産出する。また、この山から湧き出る涔水（しんすい）は北へ流れて渭水（いすい）に注ぎ、清水（せいすい）は南へ流れて漢水（かんすい）に注いでいる。」","甘粛省定西市（旧・隴西県）の南、または六盤山脈の南端にあたる山。異説に陝西省太白山。","","上古音：「涔」- -／dʒ ǐəm／dzʰ əm／dz iəm／dz rjəm
上古音：「水」ɕ i̯wər／ɕ ǐwei／ç jued／stʰ jiwer／h rjidx","アイヌ語：涔水＝「テュ・アム・シル・アッ(tu-am-sir-at)」
＝「峰の・爪の（ように平べったく鋭い）・山が・たくさんある（ところ）」","jomon2_bnum69.html"
"西山経","大時の山","清水","「大時之山（だいじのやま）は、さらに西へ百八十里進んだ場所にある。山の上にはカジノキやクヌギが多く、麓には紐（ちゅう）や橿（きょう）の木が茂っている。山の北側（陰）からは多くの銀が、南側（陽）からは多くの白玉が産出する。また、この山から湧き出る涔水（しんすい）は北へ流れて渭水（いすい）に注ぎ、清水（せいすい）は南へ流れて漢水（かんすい）に注いでいる。」","甘粛省定西市（旧・隴西県）の南、または六盤山脈の南端にあたる山。異説に陝西省太白山。","","上古音：「清」tsʰ i̯ĕŋ／tsʰ ǐeŋ／tsʰ jeŋ／tsʰ jieŋ／tsh jing
上古音：「水」ɕ i̯wər／ɕ ǐwei／ç jued／stʰ jiwer／h rjidx","アイヌ語：清水＝「テュ・エ・エン・シル・アッ(tu-e-en-sir-at)」
＝「峰が・そこで・突き出ている・山が・たくさんある（ところ）」","jomon2_bnum69.html"
"西山経","大時の山","太乙","「大時之山（だいじのやま）は、さらに西へ百八十里進んだ場所にある。山の上にはカジノキやクヌギが多く、麓には紐（ちゅう）や橿（きょう）の木が茂っている。山の北側（陰）からは多くの銀が、南側（陽）からは多くの白玉が産出する。また、この山から湧き出る涔水（しんすい）は北へ流れて渭水（いすい）に注ぎ、清水（せいすい）は南へ流れて漢水（かんすい）に注いでいる。」","甘粛省定西市（旧・隴西県）の南、または六盤山脈の南端にあたる山。異説に陝西省太白山。","","上古音：「太」tʰ ɑd／tʰ at／- -／tʰ ar／- -
上古音：「乙」ʔ i̯æt／0 ǐet／ʔ jət／ʔ iət／· jət","アイヌ語：太乙＝「テュ・アッ・イ・アッ(tu-at-i-at)」
＝「峰が・たくさんある・それが・たくさんある（ところ）」","jomon2_bnum69.html"
"西山経","大時の山","太白","「大時之山（だいじのやま）は、さらに西へ百八十里進んだ場所にある。山の上にはカジノキやクヌギが多く、麓には紐（ちゅう）や橿（きょう）の木が茂っている。山の北側（陰）からは多くの銀が、南側（陽）からは多くの白玉が産出する。また、この山から湧き出る涔水（しんすい）は北へ流れて渭水（いすい）に注ぎ、清水（せいすい）は南へ流れて漢水（かんすい）に注いでいる。」","甘粛省定西市（旧・隴西県）の南、または六盤山脈の南端にあたる山。異説に陝西省太白山。","","上古音：「太」tʰ ɑd／tʰ at／- -／tʰ ar／- -
上古音：「白」bʰ ăk／b eak／bʰ uăk／b rwak／b rak","アイヌ語：太白＝「テュ・アッ・プ・アク(tu-at-pu-ak)」
＝「峰が・たくさんある・倉の（屋根のような三角山の）・弟（のように小さいもの）」","jomon2_bnum69.html"
"西山経","大時の山","惇物","「大時之山（だいじのやま）は、さらに西へ百八十里進んだ場所にある。山の上にはカジノキやクヌギが多く、麓には紐（ちゅう）や橿（きょう）の木が茂っている。山の北側（陰）からは多くの銀が、南側（陽）からは多くの白玉が産出する。また、この山から湧き出る涔水（しんすい）は北へ流れて渭水（いすい）に注ぎ、清水（せいすい）は南へ流れて漢水（かんすい）に注いでいる。」","甘粛省定西市（旧・隴西県）の南、または六盤山脈の南端にあたる山。異説に陝西省太白山。","","上古音：「惇」ȶ i̯wən／- -／ȶ juən／t jiwən／t jən
上古音：「物」m i̯wət／m ǐwət／m juə̆t／m jwət／m jət","アイヌ語：惇物＝「テュ・アゥ・ウン・ムィ・アッ(tu-aw-un-muy-at)」
＝「峰の・角、枝分かれ・にある・頂が・たくさんある（ところ）」
※アイヌ語「ク＝弓」。中国大陸、朝鮮半島では「ク＝矢」の可能性。サハリン、シベリアのニヴフ（ギリヤーク）語も「ク＝矢」。","jomon2_bnum69.html"
"西山経","嶓冢の山","嶓冢","「さらに西へ三百二十里進んだ場所を、嶓冡之山（はんちょうのやま）という。この山から漢水が湧き出て、東南へと流れて沔水に注いでいる。また、囂水（ごうすい）もこの山から湧き出ており、北へと流れて湯水（とうすい）に注いでいる。山の上には桃枝（とうし：細い竹の一種）や鉤端（こうたん：先端の曲がった竹の一種）が多く、獣では犀、兕（じ：一角の犀）、熊、羆（ひぐま）が多く、鳥では白翰（はっかん：白キジの類）や赤鷩（せきへつ：錦キジの類）が多い。」","","「大時の山＝太白山」の西方【「山海経記載320里」×0.25＝80.0 km】の山","上古音：「幡」pʰ i̯wăn／pʰ ǐwan／pʰ juăn／pʰ jwan／ph jan
上古音：「冢」t i̯uŋ／t ǐwɔŋ／t juŋ／t iewŋ／t rjungx","アイヌ語：嶓冢＝「ピル・アゥ・ウン・テュン(pir-aw-un-tun)」
＝「傷の（ように切り刻まれた）・角、枝分かれ・にある・山間」","jomon2_bnum69.html"
"西山経","嶓冢の山","囂水","「さらに西へ三百二十里進んだ場所を、嶓冡之山（はんちょうのやま）という。この山から漢水が湧き出て、東南へと流れて沔水に注いでいる。また、囂水（ごうすい）もこの山から湧き出ており、北へと流れて湯水（とうすい）に注いでいる。山の上には桃枝（とうし：細い竹の一種）や鉤端（こうたん：先端の曲がった竹の一種）が多く、獣では犀、兕（じ：一角の犀）、熊、羆（ひぐま）が多く、鳥では白翰（はっかん：白キジの類）や赤鷩（せきへつ：錦キジの類）が多い。」","","「大時の山＝太白山」の西方【「山海経記載320里」×0.25＝80.0 km】の山","上古音：「囂」i̯oɡ／h ǐau／x jɔ̆ɡ／x iaw／h jagw
上古音：「水」ɕ i̯wər／ɕ ǐwei／ç jued／stʰ jiwer／h rjidx","アイヌ語：囂水＝「シル・アク・シル・アッ(sir-ak-sir-at)」
＝「山の・弟（のように小さい）・山が・たくさんある（ところ）」","jomon2_bnum69.html"
"西山経","嶓冢の山","湯水","「さらに西へ三百二十里進んだ場所を、嶓冡之山（はんちょうのやま）という。この山から漢水が湧き出て、東南へと流れて沔水に注いでいる。また、囂水（ごうすい）もこの山から湧き出ており、北へと流れて湯水（とうすい）に注いでいる。山の上には桃枝（とうし：細い竹の一種）や鉤端（こうたん：先端の曲がった竹の一種）が多く、獣では犀、兕（じ：一角の犀）、熊、羆（ひぐま）が多く、鳥では白翰（はっかん：白キジの類）や赤鷩（せきへつ：錦キジの類）が多い。」","","「大時の山＝太白山」の西方【「山海経記載320里」×0.25＝80.0 km】の山","上古音：「湯」ɕ i̯aŋ／ɕ ǐaŋ／ɕ jaŋ／stʰ jaŋ／sth jang
上古音：「湯」tʰ ɑŋ／tʰ aŋ／tʰ ɑŋ／tʰ aŋ／th ang
上古音：「水」ɕ i̯wər／ɕ ǐwei／ç jued／stʰ jiwer／h rjidx","アイヌ語：湯水＝「シル・アゥ・ウン・シル・アッ(sir-aw-un-sir-at)」
＝「山の・角、枝分かれ・にある・山が・たくさんある（ところ）」
or「テュ・アゥ・ウン・シル・アッ(tu-aw-un-sir-at)」
＝「峰の・角、枝分かれ・にある・山が・たくさんある（ところ）」","jomon2_bnum69.html"
"西山経","嶓冢の山","桃枝鉤端","「さらに西へ三百二十里進んだ場所を、嶓冡之山（はんちょうのやま）という。この山から漢水が湧き出て、東南へと流れて沔水に注いでいる。また、囂水（ごうすい）もこの山から湧き出ており、北へと流れて湯水（とうすい）に注いでいる。山の上には桃枝（とうし：細い竹の一種）や鉤端（こうたん：先端の曲がった竹の一種）が多く、獣では犀、兕（じ：一角の犀）、熊、羆（ひぐま）が多く、鳥では白翰（はっかん：白キジの類）や赤鷩（せきへつ：錦キジの類）が多い。」","","「大時の山＝太白山」の西方【「山海経記載320里」×0.25＝80.0 km】の山","上古音：「桃」dʰ oɡ／d au／dʰ ɔ̂ɡ／d aw／d agw
上古音：「枝」ȶ i̯ĕɡ／ȶ ǐe／c jeɡ／t jieɣ／k rjig
上古音：「鉤」k u／k ɔ／k ûɡ／k ew／k ug
上古音：「端」t wɑn／t uan／t uɑn／t wan／t uan","アイヌ語：桃枝鉤端＝「テュ・アク(tu-ak)／テュ・アク(tu-ak)／ク・ク(ku-ku)／テュ・アゥ・ウン(tu-aw-un)」
＝「峰の・弟（のように小さいもの）／峰の・弟／矢（のように鋭い峰）・矢の／峰の・角、枝分かれ・にある（ところ）」","jomon2_bnum69.html"
"西山経","嶓冢の山","犀兕熊羆","「さらに西へ三百二十里進んだ場所を、嶓冡之山（はんちょうのやま）という。この山から漢水が湧き出て、東南へと流れて沔水に注いでいる。また、囂水（ごうすい）もこの山から湧き出ており、北へと流れて湯水（とうすい）に注いでいる。山の上には桃枝（とうし：細い竹の一種）や鉤端（こうたん：先端の曲がった竹の一種）が多く、獣では犀、兕（じ：一角の犀）、熊、羆（ひぐま）が多く、鳥では白翰（はっかん：白キジの類）や赤鷩（せきへつ：錦キジの類）が多い。」","","「大時の山＝太白山」の西方【「山海経記載320里」×0.25＝80.0 km】の山","上古音：「犀」s iər／s iei／s ied／s er／st id
上古音：「兕」dz i̯ər／z ǐei／z jed／r jier／r jidx
上古音：「熊」ɡ i̯um／ɣ ǐwəŋ／ɣ juə̆ŋ／ɣ jwəŋ／gw jəm
上古音：「羆」p ia／p ǐai／p jua／p iwa／p jiar","アイヌ語：犀兕熊羆＝「シル・アッ・テュ・アッ・キル・アム・ピル・アゥ(sir-at-tu-at-kir-am-pir-aw)」
＝「山が・たくさんある・峰がたくさんある・山脚の・爪（のように鋭い）・傷の（ように切り刻まれた）・角、枝分かれ」","jomon2_bnum69.html"
"西山経","嶓冢の山","白翰赤鷩","「さらに西へ三百二十里進んだ場所を、嶓冡之山（はんちょうのやま）という。この山から漢水が湧き出て、東南へと流れて沔水に注いでいる。また、囂水（ごうすい）もこの山から湧き出ており、北へと流れて湯水（とうすい）に注いでいる。山の上には桃枝（とうし：細い竹の一種）や鉤端（こうたん：先端の曲がった竹の一種）が多く、獣では犀、兕（じ：一角の犀）、熊、羆（ひぐま）が多く、鳥では白翰（はっかん：白キジの類）や赤鷩（せきへつ：錦キジの類）が多い。」","","「大時の山＝太白山」の西方【「山海経記載320里」×0.25＝80.0 km】の山","上古音：「白」bʰ ăk／b eak／bʰ uăk／b rwak／b rak
上古音：「翰」ɡʰ ɑn／ɣ an／ɣ ɑn／ɡ an／g anh
上古音：「赤」ȶʰ i̯ăk／ȶʰ iak／cʰ jăk／tʰ jiak／kh rjiak
上古音：「鷩」p i̯ad／- -／p juæd／p jiwar／p jiadh
上古音：「鷩」p i̯at／- -／bʰ juæt／p jiwat／b jiat","アイヌ語：白翰赤鷩＝「プ・アク・キル・アゥ・ウン(pu-ak-kir-aw-un)／テュ・アク・ピル・アッ(tu-ak-pir-at)」
＝「倉の（屋根のような三角山の）・弟の（ように小さい）・山脚の・角、枝分かれ・にある（ところ）／峰の・弟の・傷（のように切り刻まれたもの）が・たくさんある（ところ）」","jomon2_bnum69.html"
"西山経","嶓冢の山／蓇蓉","蕙","「ここに草が生えており、その葉は蕙（けい：シソ科の香り草）のようで、その根は桔梗のようである。黒い花（華）を咲かせるが実は結ばない。名を蓇蓉（こつよう）といい、これを食べると人は子供ができなくなる。」","","","上古音：「蕙」ɡʰ iwəd／ɣ iwei／- -／ɡ wer／- -","アイヌ語：蕙＝「キル・アッ(kir-at)」
＝「山脚が・たくさんある（ところ）」","jomon2_bnum69.html"
"西山経","嶓冢の山／蓇蓉","桔梗","「ここに草が生えており、その葉は蕙（けい：シソ科の香り草）のようで、その根は桔梗のようである。黒い花（華）を咲かせるが実は結ばない。名を蓇蓉（こつよう）といい、これを食べると人は子供ができなくなる。」","","","上古音：「桔」k iet／k iet／k iet／k et／k it
上古音：「梗」k ăŋ／k eaŋ／k ăŋ／k raŋ／k rangx","アイヌ語：桔梗＝「キル・アッ・ク・アゥ・ウン(kir-at-ku-aw-un)」
＝「山脚が・たくさんある・矢の（ように鋭い）・角、枝分かれ・にある（ところ）」","jomon2_bnum69.html"
"西山経","嶓冢の山／蓇蓉","黑華而不實","「ここに草が生えており、その葉は蕙（けい：シソ科の香り草）のようで、その根は桔梗のようである。黒い花（華）を咲かせるが実は結ばない。名を蓇蓉（こつよう）といい、これを食べると人は子供ができなくなる。」","","","上古音：「黑」xm ək／h ək／m̥ uə̂k／xm ək／hm ək
上古音：「華」ɡʰ wɔ／ɣ oa／ɣ uăɡ／ɡ rwaɣ／gw ragh
上古音：「華」- -／h oa／x uăɡ／x rwaɣ／hw rag
上古音：「而」ȵ i̯əɡ／ȵ ǐə／ȵ jəɡ／n jiəɣ／n jəg
上古音：「不」p i̯ŭɡ／p ǐwə／p juə̆ɡ／p jwəɣ／p jəgx
上古音：「不」- -／- -／tʰ jŏɡ／tʰ iəw／th jəgwh
上古音：「實」ʰ i̯ĕt／ȡ ǐet／ȡʰ jet／zd jiet／d jit","アイヌ語：黑華而不實＝「フム・アク(hum-ak)／キル・アク(kir-ak)／ニ・アク(ni-ak)／ピル・アク(pir-ak)／テュ・アッ(tu-at)」
＝「断片の・弟の（ように小さい峰）／山脚の・弟／棒の（ように細長い）・弟／傷の（ように切り刻まれた）・弟の／峰が・たくさんある（ところ）」","jomon2_bnum69.html"
"西山経","嶓冢の山／蓇蓉","蓇蓉","「ここに草が生えており、その葉は蕙（けい：シソ科の香り草）のようで、その根は桔梗のようである。黒い花（華）を咲かせるが実は結ばない。名を蓇蓉（こつよう）といい、これを食べると人は子供ができなくなる。」","","","上古音：「骨」k wət／k uət／k uə̂t／k wət／kw ət
上古音：「蓉」d i̯uŋ／ʎ ǐwɔŋ／- -／ɣr iewŋ／- -","アイヌ語：蓇蓉＝「キル・アッ・キル・アゥ・ウン(kir-at-kir-aw-un)」
＝「山脚が・たくさんある・山脚の・角、枝分かれ・にある（ところ）」","jomon2_bnum69.html"
"西山経","嶓冢の山／蓇蓉","無子","「ここに草が生えており、その葉は蕙（けい：シソ科の香り草）のようで、その根は桔梗のようである。黒い花（華）を咲かせるが実は結ばない。名を蓇蓉（こつよう）といい、これを食べると人は子供ができなくなる。」","","","上古音：「無」m i̯wo／m ǐwa／m juaɡ／m jwaɣ／m jag
上古音：「子」ts i̯əɡ／ts ǐə／ts jəɡ／ts jiəɣ／ts jəgx","アイヌ語：無子＝「ムィ・アク・テュ・アク(muy-ak-tu-ak)」
＝「頂の・弟の（ように小さい）・峰の・弟」
※アイヌ語「ク＝弓」。中国大陸、朝鮮半島では「ク＝矢」の可能性。サハリン、シベリアのニヴフ（ギリヤーク）語も「ク＝矢」。","jomon2_bnum69.html"
"西山経","天帝の山","天帝","「さらに西へ三百五十里行くと、天帝之山（てんていのやま）という山がある。山の上には椶（しゅろ）や柟（くすのき）が多く生えており、麓には菅（すげ）や蕙（けい ※シソ科の芳香植物）が多く自生している。」","","","上古音：「天」tʰ ien／tʰ ien／tʰ ien／tʰ en／th in
上古音：「帝」t ieɡ／t ie／t ieɡ／t eɣ／t igh","アイヌ語：天帝＝「テュ・エ・エン・テュ・アク(tu-e-en-tu-ak)」
＝「峰が・そこで・突き出ている・峰の・弟（のように小さいもの）」","jomon2_bnum69.html"
"西山経","天帝の山","椶柟","「さらに西へ三百五十里行くと、天帝之山（てんていのやま）という山がある。山の上には椶（しゅろ）や柟（くすのき）が多く生えており、麓には菅（すげ）や蕙（けい ※シソ科の芳香植物）が多く自生している。」","","","上古音：「椶」- -／ts ɔŋ／ts ûŋ／ts ewŋ／ts ung
上古音：「柟」n əm／- -／n Am／n əm／n am
上古音：「柟」- -／- -／ȵ jɐm／n jiam／n jam","アイヌ語：椶柟＝「テュ・ウン・ニ・アム(tu-un-ni-am)」
＝「峰・にある・棒の（ように細長い）・爪（のように平べったく鋭いもの）」","jomon2_bnum69.html"
"西山経","天帝の山","菅蕙","「さらに西へ三百五十里行くと、天帝之山（てんていのやま）という山がある。山の上には椶（しゅろ）や柟（くすのき）が多く生えており、麓には菅（すげ）や蕙（けい ※シソ科の芳香植物）が多く自生している。」","","","上古音：「菅」k an／k ean／k an／k ran／k ran k
上古音：「蕙」ɡʰ iwəd／ɣ iwei／- -／ɡ wer／- -","アイヌ語：菅蕙＝「ク・アゥ・ウン・キル・アッ(ku-aw-un-kir-at)」
＝「矢の（ように鋭い）・角、枝分かれ・にある・山脚が・たくさんある（ところ）」
※アイヌ語「ク＝弓」。中国大陸、朝鮮半島では「ク＝矢」の可能性。サハリン、シベリアのニヴフ（ギリヤーク）語も「ク＝矢」。","jomon2_bnum69.html"
"西山経","天帝の山／谿邊","狗","「ここに獣が棲んでいる。その姿は狗（いぬ）のようで、名を谿邊（けいへん）という。その皮を敷物にすると、蠱毒（こどく ※呪いの一種）や毒気にあてられない。」","","","上古音：「狗」k u／k ɔ／k ûɡ／k ew／k ugx k","アイヌ語：狗＝「ク・ク(ku-ku)」
＝「矢（のように鋭い峰）・矢」","jomon2_bnum69.html"
"西山経","天帝の山／谿邊","谿邊","「ここに獣が棲んでいる。その姿は狗（いぬ）のようで、名を谿邊（けいへん）という。その皮を敷物にすると、蠱毒（こどく ※呪いの一種）や毒気にあてられない。」","","","上古音：「谿」kʰ ieɡ／- -／kʰ ieɡ／kʰ eɣ／kh ig
上古音：「邊」p ian／p ian／p iuæn／p ewan／p ian","アイヌ語：谿邊＝「キル・ク・ピル・アゥ・ウン(kir-ku-pir-aw-un)」
＝「山脚の・矢の（ように鋭い）・傷の（ように切り刻まれた）・角、枝分かれ・にある（ところ）」","jomon2_bnum69.html"
"西山経","天帝の山／谿邊","不蠱","「ここに獣が棲んでいる。その姿は狗（いぬ）のようで、名を谿邊（けいへん）という。その皮を敷物にすると、蠱毒（こどく ※呪いの一種）や毒気にあてられない。」","","","上古音：「不」p i̯ŭɡ／p ǐwə／p juə̆ɡ／p jwəɣ／p jəgx
上古音：「不」- -／- -／tʰ jŏɡ／tʰ iəw／th jəgwh
上古音：「蠱」k o／k a／k ɑɡ／k aɣ／k agx","アイヌ語：不蠱＝「ピル・アク(pir-ak)／ク・アク(ku-ak)」
＝「傷の（ように切り刻まれた）・弟（のように小さいもの）／矢の（ように鋭い）・弟」
※アイヌ語「ク＝弓」。中国大陸、朝鮮半島では「ク＝矢」の可能性。サハリン、シベリアのニヴフ（ギリヤーク）語も「ク＝矢」。","jomon2_bnum69.html"
"西山経","天帝の山／櫟","鶉","「ここに鳥が棲んでいる。その姿は鶉（うずら）のようで、黒い模様があり頭や首の毛は赤く、名を櫟（れき）という。これを食べると、痔（ぢ）の病が治る。」","","","上古音：「鶉」ȡ i̯wən／ʑ ǐwən／ʑ juən／d jiwən／d jən","アイヌ語：鶉＝「テュ・アゥ・ウン(tu-aw-un)」
＝「峰の・角、枝分かれ・にある（ところ）」","jomon2_bnum69.html"
"西山経","天帝の山／櫟","黑文／而赤翁","「ここに鳥が棲んでいる。その姿は鶉（うずら）のようで、黒い模様があり頭や首の毛は赤く、名を櫟（れき）という。これを食べると、痔（ぢ）の病が治る。」","","","上古音：「黑」xm ək／h ək／m̥ uə̂k／xm ək／hm ək
上古音：「文」m i̯wən／m ǐwən／m juə̆n／m jwən／m jən
上古音：「而」ȵ i̯əɡ／ȵ ǐə／ȵ jəɡ／n jiəɣ／n jəg
上古音：「赤」ȶʰ i̯ăk／ȶʰ iak／cʰ jăk／tʰ jiak／kh rjiak
上古音：「翁」- -／0 ɔŋ／ʔ ûŋ／ʔ ewŋ／· ung","アイヌ語：黑文／而赤翁＝「フム・アク・ムィ・アゥ・ウン(hum-ak-muy-aw-un)／ニ・アク・テュ・アク・ウ・アゥ・ウン(ni-ak-tu-ak-u-aw-un)」
＝「断片の・弟（のように小さい）・頂の・角・枝分かれ・にある（ところ）／棒の（ように細長い）・弟・峰の・弟の・互いに折り重なるような・角、枝分かれ・にある（ところ）」","jomon2_bnum69.html"
"西山経","天帝の山／櫟","櫟","「ここに鳥が棲んでいる。その姿は鶉（うずら）のようで、黒い模様があり頭や首の毛は赤く、名を櫟（れき）という。これを食べると、痔（ぢ）の病が治る。」","","","上古音：「櫟」- -／- -／ɡ jɔk／ɣr iawk／g rjakw
上古音：「櫟」ɡl iok／l iauk／l iɔk／l eawk／ngl iakw","アイヌ語：櫟＝「キル・アク(kir-ak)」
＝「山脚の・弟（のように小さいもの）」","jomon2_bnum69.html"
"西山経","天帝の山／櫟","痔","「ここに鳥が棲んでいる。その姿は鶉（うずら）のようで、黒い模様があり頭や首の毛は赤く、名を櫟（れき）という。これを食べると、痔（ぢ）の病が治る。」","","","上古音：「痔」dʰ i̯əɡ／d ǐə／dʰ jəɡ／d iəɣ／d rjəgx","アイヌ語：痔＝「テュ・アク(tu-ak)」
＝「峰の・弟（のように小さいもの）」","jomon2_bnum69.html"
"西山経","天帝の山／杜衡","葵","「ここにの草が生えている。その姿は葵のようで、その匂いは蘼蕪（びぶ ※セリ科の香草）のようであり、名を杜衡（とこう）という。これを馬に帯びさせると馬がよく走り、人が食べると癭（えい ※首のコブ）の病が治る。」","","","上古音：「葵」ɡʰ i̯wær／g ǐwei／ɡʰ jued／ɡ jiwer／gw jid","アイヌ語：葵＝「キル・アッ(kir-at)」
＝「山脚が・たくさんある（ところ）」","jomon2_bnum69.html"
"西山経","天帝の山／杜衡","蘼蕪","「ここにの草が生えている。その姿は葵のようで、その匂いは蘼蕪（びぶ ※セリ科の香草）のようであり、名を杜衡（とこう）という。これを馬に帯びさせると馬がよく走り、人が食べると癭（えい ※首のコブ）の病が治る。」","","","上古音：「靡」m ia／m ǐai／m jua／m iwa／m jiarx
上古音：「蕪」m i̯wo／m ǐwa／m juaɡ／m jwaɣ／m jag","アイヌ語：蘼蕪＝「ムィ・アゥ(muy-aw)／ムィ・アク(muy-ak)」
＝「頂の・角、枝分かれ／頂の・弟（のように小さいもの）」","jomon2_bnum69.html"
"西山経","天帝の山／杜衡","杜衡","「ここにの草が生えている。その姿は葵のようで、その匂いは蘼蕪（びぶ ※セリ科の香草）のようであり、名を杜衡（とこう）という。これを馬に帯びさせると馬がよく走り、人が食べると癭（えい ※首のコブ）の病が治る。」","","","上古音：「杜」dʰ o／d a／dʰ ɑɡ／d aɣ／d agx
上古音：「衡」ɡʰ ăŋ／ɣ eaŋ／ɣ ăŋ／ɡ raŋ／g rang","アイヌ語：杜衡＝「テュ・アク・キル・アゥ・ウン(tu-ak-kir-aw-un)」
＝「峰の・弟の（ように小さい）・山脚の・角、枝分かれ・にある（ところ）」","jomon2_bnum69.html"
"西山経","天帝の山／杜衡","走馬","「ここにの草が生えている。その姿は葵のようで、その匂いは蘼蕪（びぶ ※セリ科の香草）のようであり、名を杜衡（とこう）という。これを馬に帯びさせると馬がよく走り、人が食べると癭（えい ※首のコブ）の病が治る。」","","","上古音：「走」ts u／ts ɔ／ts ûɡ／ts ew／ts ugx
上古音：「馬」m ɔ／m ea／m uăɡ／m rwaɣ／m ragx","アイヌ語：走馬＝「テュク・ム・アク(tuk-mu-ak)」
＝「小山の・塞がっている・弟（のように小さいもの）」","jomon2_bnum69.html"
"西山経","天帝の山／杜衡","癭","「ここにの草が生えている。その姿は葵のようで、その匂いは蘼蕪（びぶ ※セリ科の香草）のようであり、名を杜衡（とこう）という。これを馬に帯びさせると馬がよく走り、人が食べると癭（えい ※首のコブ）の病が治る。」","","","上古音：「癭」ʔ i̯ĕŋ／0 ǐeŋ／ʔ jeŋ／ʔ jieŋ／· jingx","アイヌ語：癭＝「イ・エ・エン(i-e-en)」
＝「それが・そこで・突き出ている（ところ）」","jomon2_bnum69.html"
"西山経","皐塗の山","皐塗","「さらに西南へ三百八十里（さんびゃくはちじゅうり ※約百五十二キロメートル）行くと、皋塗之山（こうとのやま）という山がある。薔水（しょうすい）がここから流れ出て、西へ流れて諸資之水（しょしのすい）に注いでいる。また、塗水（とすい）がここから流れ出て、南へ流れて集獲之水（しゅうかくのすい）に注いでいる。山の南側には丹粟（たんぞく ※細粒の辰砂・水銀の原石）が多く、山の北側には銀や黄金（おうごん）が多く、山の上には桂木（かつらぎ）が多く生えている。」","","「天帝の山＝麦積山」の西南方【「山海経記載380里」×0.25＝95.0 km】の山","上古音：「皋」k -／k u／k ôɡ／k əw／k əgw
上古音：「塗」dʰ o／d a／- -／d aɣ／- -","アイヌ語：皐塗＝「ク・アク・テュ・アク(ku-ak-tu-ak)」
＝「矢の（ように鋭い）・弟（のように小さいもの）・峰の・弟」","jomon2_bnum69.html"
"西山経","皐塗の山","薔水","「さらに西南へ三百八十里（さんびゃくはちじゅうり ※約百五十二キロメートル）行くと、皋塗之山（こうとのやま）という山がある。薔水（しょうすい）がここから流れ出て、西へ流れて諸資之水（しょしのすい）に注いでいる。また、塗水（とすい）がここから流れ出て、南へ流れて集獲之水（しゅうかくのすい）に注いでいる。山の南側には丹粟（たんぞく ※細粒の辰砂・水銀の原石）が多く、山の北側には銀や黄金（おうごん）が多く、山の上には桂木（かつらぎ）が多く生えている。」","","「天帝の山＝麦積山」の西南方【「山海経記載380里」×0.25＝95.0 km】の山","上古音：「薔」- -／ʃ ǐək／s ək／s iək／s rjək
上古音：「水」ɕ i̯wər／ɕ ǐwei／ç jued／stʰ jiwer／h rjidx","アイヌ語：薔水＝「シル・アク・シル・アッ(sir-ak-sir-at)」
＝「山の・弟の（ように小さい）・山が・たくさんある（ところ）」","jomon2_bnum69.html"
"西山経","皐塗の山","諸資之水","「さらに西南へ三百八十里（さんびゃくはちじゅうり ※約百五十二キロメートル）行くと、皋塗之山（こうとのやま）という山がある。薔水（しょうすい）がここから流れ出て、西へ流れて諸資之水（しょしのすい）に注いでいる。また、塗水（とすい）がここから流れ出て、南へ流れて集獲之水（しゅうかくのすい）に注いでいる。山の南側には丹粟（たんぞく ※細粒の辰砂・水銀の原石）が多く、山の北側には銀や黄金（おうごん）が多く、山の上には桂木（かつらぎ）が多く生えている。」","","「天帝の山＝麦積山」の西南方【「山海経記載380里」×0.25＝95.0 km】の山","上古音：「諸」ȶ i̯o／ȶ ǐa／ȶ jaɡ／t jaɣ／t jag
上古音：「資」ts i̯ər／ts ǐei／ts jed／ts jier／ts jid
上古音：「之」ȶ i̯əɡ／ȶ ǐə／ȶ jəɡ／t jiəɣ／t jəg<br>
上古音：「水」ɕ i̯wər／ɕ ǐwei／ç jued／stʰ jiwer／h rjidx","アイヌ語：諸資之水＝「テュ・アク・テュ・アッ(tu-ak-tu-at)／テュ・アク・シル・アッ(tu-ak-sir-at)」
＝「峰の・弟（のように小さい）・峰が・たくさんある（ところ）／峰の・弟（のように小さい）・山が・たくさんある（ところ）」","jomon2_bnum69.html"
"西山経","皐塗の山","塗水","「さらに西南へ三百八十里（さんびゃくはちじゅうり ※約百五十二キロメートル）行くと、皋塗之山（こうとのやま）という山がある。薔水（しょうすい）がここから流れ出て、西へ流れて諸資之水（しょしのすい）に注いでいる。また、塗水（とすい）がここから流れ出て、南へ流れて集獲之水（しゅうかくのすい）に注いでいる。山の南側には丹粟（たんぞく ※細粒の辰砂・水銀の原石）が多く、山の北側には銀や黄金（おうごん）が多く、山の上には桂木（かつらぎ）が多く生えている。」","","「天帝の山＝麦積山」の西南方【「山海経記載380里」×0.25＝95.0 km】の山","上古音：「塗」dʰ o／d a／- -／d aɣ／- -
上古音：「水」ɕ i̯wər／ɕ ǐwei／ç jued／stʰ jiwer／h rjidx","アイヌ語：塗水＝「テュ・アク・シル・アッ(tu-ak-sir-at)」
＝「峰の・弟の（ように小さい）・山が・たくさんある（ところ）」","jomon2_bnum69.html"
"西山経","皐塗の山","集獲之水","「さらに西南へ三百八十里（さんびゃくはちじゅうり ※約百五十二キロメートル）行くと、皋塗之山（こうとのやま）という山がある。薔水（しょうすい）がここから流れ出て、西へ流れて諸資之水（しょしのすい）に注いでいる。また、塗水（とすい）がここから流れ出て、南へ流れて集獲之水（しゅうかくのすい）に注いでいる。山の南側には丹粟（たんぞく ※細粒の辰砂・水銀の原石）が多く、山の北側には銀や黄金（おうごん）が多く、山の上には桂木（かつらぎ）が多く生えている。」","","「天帝の山＝麦積山」の西南方【「山海経記載380里」×0.25＝95.0 km】の山","上古音：「集」dzʰ i̯əp／dz ǐəp／dzʰ jəp／dz jiəp／dz jəp
上古音：「獲」ɡʰ wăk／ɣ oək／ɣ uăk／- -／gw rak
上古音：「之」ȶ i̯əɡ／ȶ ǐə／ȶ jəɡ／t jiəɣ／t jəg
上古音：「水」ɕ i̯wər／ɕ ǐwei／ç jued／stʰ jiwer／h rjidx","アイヌ語：集獲之水＝「テュ・アプ・キル・アク(tu-ap-kir-ak)／テュ・アク・シル・アッ(tu-ak-sir-at)」
＝「峰の・釣り針の（ように曲がった）・山脚の・弟（のように小さいもの）／峰の・弟の・山が・たくさんある（ところ）」","jomon2_bnum69.html"
"西山経","皐塗の山","丹粟","「さらに西南へ三百八十里（さんびゃくはちじゅうり ※約百五十二キロメートル）行くと、皋塗之山（こうとのやま）という山がある。薔水（しょうすい）がここから流れ出て、西へ流れて諸資之水（しょしのすい）に注いでいる。また、塗水（とすい）がここから流れ出て、南へ流れて集獲之水（しゅうかくのすい）に注いでいる。山の南側には丹粟（たんぞく ※細粒の辰砂・水銀の原石）が多く、山の北側には銀や黄金（おうごん）が多く、山の上には桂木（かつらぎ）が多く生えている。」","","「天帝の山＝麦積山」の西南方【「山海経記載380里」×0.25＝95.0 km】の山","上古音：「丹」t ɑn／t an／t ɑn／t an／t an
上古音：「粟」s i̯uk／s ǐwɔk／s juk／s jewk／s juk","アイヌ語：丹粟＝「テュ・アゥ・ウン・シル・ク(tu-aw-un-sir-ku)」
＝「峰の・角、枝分かれ・にある・山の・矢（のように鋭いもの）」","jomon2_bnum69.html"
"西山経","皐塗の山","銀","「さらに西南へ三百八十里（さんびゃくはちじゅうり ※約百五十二キロメートル）行くと、皋塗之山（こうとのやま）という山がある。薔水（しょうすい）がここから流れ出て、西へ流れて諸資之水（しょしのすい）に注いでいる。また、塗水（とすい）がここから流れ出て、南へ流れて集獲之水（しゅうかくのすい）に注いでいる。山の南側には丹粟（たんぞく ※細粒の辰砂・水銀の原石）が多く、山の北側には銀や黄金（おうごん）が多く、山の上には桂木（かつらぎ）が多く生えている。」","","「天帝の山＝麦積山」の西南方【「山海経記載380里」×0.25＝95.0 km】の山","上古音：「銀」ŋ i̯æn／ŋ ǐən／ŋ jən／ŋ iən／ng jiən","アイヌ語：銀＝「キル・アゥ・ウン(kir-aw-un)」
＝「山脚の・角、枝分かれ・にある（ところ）」","jomon2_bnum69.html"
"西山経","皐塗の山","黃金","「さらに西南へ三百八十里（さんびゃくはちじゅうり ※約百五十二キロメートル）行くと、皋塗之山（こうとのやま）という山がある。薔水（しょうすい）がここから流れ出て、西へ流れて諸資之水（しょしのすい）に注いでいる。また、塗水（とすい）がここから流れ出て、南へ流れて集獲之水（しゅうかくのすい）に注いでいる。山の南側には丹粟（たんぞく ※細粒の辰砂・水銀の原石）が多く、山の北側には銀や黄金（おうごん）が多く、山の上には桂木（かつらぎ）が多く生えている。」","","「天帝の山＝麦積山」の西南方【「山海経記載380里」×0.25＝95.0 km】の山","上古音：「黃」ɡʰ wɑŋ／ɣ uaŋ／ɣ uɑŋ／ɡ waŋ／gw ang
上古音：「金」k i̯əm／k ǐəm／k jəm／k iəm／k jəm","アイヌ語：黃金＝「キル・アゥ・ウン・キル・アム(kir-aw-un-kir-am)」
＝「山脚の・角、枝分かれ・にある・山脚の・爪（のように平べったく鋭いもの）」","jomon2_bnum69.html"
"西山経","皐塗の山","桂木","「さらに西南へ三百八十里（さんびゃくはちじゅうり ※約百五十二キロメートル）行くと、皋塗之山（こうとのやま）という山がある。薔水（しょうすい）がここから流れ出て、西へ流れて諸資之水（しょしのすい）に注いでいる。また、塗水（とすい）がここから流れ出て、南へ流れて集獲之水（しゅうかくのすい）に注いでいる。山の南側には丹粟（たんぞく ※細粒の辰砂・水銀の原石）が多く、山の北側には銀や黄金（おうごん）が多く、山の上には桂木（かつらぎ）が多く生えている。」","","「天帝の山＝麦積山」の西南方【「山海経記載380里」×0.25＝95.0 km】の山","上古音：「桂」k iweɡ／k iwe／k iueɡ／k weɣ／kw igh
上古音：「木」m uk／m ɔk／m ûk／m ewk／m uk","アイヌ語：桂木＝「キル・アク・ム・ク(kir-ak-mu-ku)」
＝「山脚の・弟の（ように小さい）・ふさがっている・矢（のように鋭い峰）」
※アイヌ語「ク＝弓」。中国大陸、朝鮮半島では「ク＝矢」の可能性。サハリン、シベリアのニヴフ（ギリヤーク）語も「ク＝矢」。","jomon2_bnum69.html"
"西山経","皐塗の山／礜","白石","「ここに白い石がある。その名を礜（よせき）といい、ネズミを毒殺することができる。」","","","上古音：「白」bʰ ăk／b eak／bʰ uăk／b rwak／b rak
上古音：「石」ȡ i̯ăk／ʑ iak／- -／d jiak／d jiak","アイヌ語：白石＝「プ・アク(pu-ak)／テュ・アク(tu-ak)」
＝「倉の（屋根のような三角山の）・弟（のように小さいもの）／峰の・弟」","jomon2_bnum69.html"
"西山経","皐塗の山／礜","礜","「ここに白い石がある。その名を礜（よせき）といい、ネズミを毒殺することができる。」","","","上古音：「礜」- -／- -／d jaɡ／r iaɣ／r agh","アイヌ語：礜＝「テュ・アク(tu-ak)」
＝「峰の・弟（のように小さいもの）」","jomon2_bnum69.html"
"西山経","皐塗の山／礜","毒鼠","「ここに白い石がある。その名を礜（よせき）といい、ネズミを毒殺することができる。」","","","上古音：「毒」dʰ／d uk／dʰ ôk／d əwk／d əkw
上古音：「鼠」ɕ i̯o／ɕ ǐa／ç jaɡ／stʰ jaɣ／h rjagx","アイヌ語：毒鼠＝「テュ・アク(tu-ak)／シル・アク(sir-ak)」
＝「峰の・弟（のように小さいもの）／山の・弟」","jomon2_bnum69.html"
"西山経","皐塗の山／無條","槀茇","「ここに草が生えている。その姿は槀茇（こうはつ ※セリ科の香草）のようで、その葉は葵のようでありながら裏側が赤く、名を無條（むじょう）という。これもネズミを毒殺することができる。」","","","上古音：「槀」- -／- -／k ɔ̂ɡ／k aw／k agwx
上古音：「茇」p wɑt／- -／p uɑt／p wat／p at","アイヌ語：槀茇＝「ク・アク・プ・アッ(ku-ak-pu-at)」
＝「矢の（ように鋭い）・弟の（ように小さい）・倉（の屋根のような三角山）が・たくさんある（ところ）」","jomon2_bnum69.html"
"西山経","皐塗の山／無條","葵而赤背","「ここに草が生えている。その姿は槀茇（こうはつ ※セリ科の香草）のようで、その葉は葵のようでありながら裏側が赤く、名を無條（むじょう）という。これもネズミを毒殺することができる。」","","","上古音：「葵」ɡʰ i̯wær／g ǐwei／ɡʰ jued／ɡ jiwer／gw jid
上古音：「而」ȵ i̯əɡ／ȵ ǐə／ȵ jəɡ／n jiəɣ／n jəg
上古音：「赤」ȶʰ i̯ăk／ȶʰ iak／cʰ jăk／tʰ jiak／kh rjiak
上古音：「背」bʰ wəɡ／b uə／bʰ uə̂ɡ／b wəɣ／b əgh
上古音：「背」p wəɡ／p uə／p uə̂ɡ／p wəɣ／p əgh","アイヌ語：葵而赤背＝「キル・アッ・ニ・アク(kir-at-ni-ak)／テュ・アク(tu-ak)／プ・アク(pu-ak)」
＝「山脚が・たくさんある・棒の（ように細長い）・弟（のように小さい峰）／峰の・弟／倉の（屋根のような三角山の）・弟」","jomon2_bnum69.html"
"西山経","皐塗の山／無條","無條","「ここに草が生えている。その姿は槀茇（こうはつ ※セリ科の香草）のようで、その葉は葵のようでありながら裏側が赤く、名を無條（むじょう）という。これもネズミを毒殺することができる。」","","","上古音：「無」m i̯wo／m ǐwa／m juaɡ／m jwaɣ／m jag
上古音：「條」dʰ／d iu／dʰ ioɡ／d eəw／d iəgw","アイヌ語：無條＝「ムィ・アク(muy-ak)／テュ・アク(tu-ak)」
＝「頂の・弟（のように小さい峰）／峰の・弟」","jomon2_bnum69.html"
"西山経","皐塗の山／無條","毒鼠","「ここに草が生えている。その姿は槀茇（こうはつ ※セリ科の香草）のようで、その葉は葵のようでありながら裏側が赤く、名を無條（むじょう）という。これもネズミを毒殺することができる。」","","","上古音：「毒」dʰ／d uk／dʰ ôk／d əwk／d əkw
上古音：「鼠」ɕ i̯o／ɕ ǐa／ç jaɡ／stʰ jaɣ／h rjagx","アイヌ語：毒鼠＝「テュ・アク(tu-ak)／シル・アク(sir-ak)」
＝「峰の・弟（のように小さいもの）／山の・弟」","jomon2_bnum69.html"
"西山経","皐塗の山／𤣎如","鹿而白尾","「ここに獣が棲んでいる。その姿は鹿のようで白い尾を持ち、馬のひづめと人間の手があり、角（つの）が四つあって、名を𤣎如（かくじょ）という。」","","","上古音：「鹿」l uk／l ɔk／- -／l ewk／- -
上古音：「而」ȵ i̯əɡ／ȵ ǐə／ȵ jəɡ／n jiəɣ／n jəg
上古音：「白」bʰ ăk／b eak／bʰ uăk／b rwak／b rak
上古音：「尾」m i̯wər／m ǐwəi／m juə̆d／m jiwər／m jədx","アイヌ語：鹿而白尾＝「ル・アク(ru-ak)／ニ・アク(ni-ak)／プ・アク(pu-ak)／ムィ・アッ(muy-at)」
＝「消えかかった・弟（のように小さいもの）／棒の（ように細長い）・弟／倉の（ような三角山の）・弟の／頂が・たくさんある（ところ）」","jomon2_bnum69.html"
"西山経","皐塗の山／𤣎如","馬足人手而四角","「ここに獣が棲んでいる。その姿は鹿のようで白い尾を持ち、馬のひづめと人間の手があり、角（つの）が四つあって、名を𤣎如（かくじょ）という。」","","","上古音：「馬」m ɔ／m ea／m uăɡ／m rwaɣ／m ragx
上古音：「足」ts i̯uk／ts ǐwɔk／ts juk／ts jewk／ts juk
上古音：「人」ȵ i̯ĕn／ȵ ǐen／ȵ jen／n jien／n jin
上古音：「手」ɕ ／ɕ ǐu／ɕ jŏɡ／stʰ jəw／sth jəgwx
上古音：「而」ȵ i̯əɡ／ȵ ǐə／ȵ jəɡ／n jiəɣ／n jəg
上古音：「四」s i̯əd／s ǐei／s jed／s jier／s jidh
上古音：「角」k ŭk／k eɔk／k uk／k rewk／k ruk","アイヌ語：馬足人手而四角＝「ム・アク・テュク・ニ・エ・エン(mu-ak-tuk-ni-e-en)／シル・アク・ニ・アク・シル・アッ・ク・ク(sir-ak-ni-ak-sir-at-ku-ku)」
＝「塞がっている・弟の（ように小さい）・小山の・棒（のように細長いもの）が・そこで・突き出ている（ところ）／山の・弟・棒の・弟の・山が・たくさんある・矢（のように鋭い峰）・矢」","jomon2_bnum69.html"
"西山経","皐塗の山／𤣎如","𤣎如","「ここに獣が棲んでいる。その姿は鹿のようで白い尾を持ち、馬のひづめと人間の手があり、角（つの）が四つあって、名を𤣎如（かくじょ）という。」","","","上古音：「矍」k i̯wak／k ǐwak／k juak／k jwak／kw jak
上古音：「如」ȵ i̯o／ȵ ǐa／ȵ jaɡ／n jaɣ／n jag","アイヌ語：𤣎如＝「キル・アク(kir-ak)／ニ・アク(ni-ak)」
＝「山脚の・弟（のように小さいもの）／棒の（ように細長い）・弟」
※アイヌ語「ク＝弓」。中国大陸、朝鮮半島では「ク＝矢」の可能性。サハリン、シベリアのニヴフ（ギリヤーク）語も「ク＝矢」。","jomon2_bnum69.html"
"西山経","皐塗の山／數斯","鴟而人足","「ここに鳥が棲んでいる。その姿は鴟（し ※トビやフクロウに似た猛禽類）のようで人間の足があり、名を數斯（すうし）という。これを食べると、癭（えい ※首のコブ）の病が治る。」","","","上古音：「鴟」ȶʰ i̯ər／ȶʰ ǐei／ȶʰ jed／tʰ jier／th jid
上古音：「而」ȵ i̯əɡ／ȵ ǐə／ȵ jəɡ／n jiəɣ／n jəg
上古音：「人」ȵ i̯ĕn／ȵ ǐen／ȵ jen／n jien／n jin
上古音：「足」ts i̯uk／ts ǐwɔk／ts juk／ts jewk／ts juk","アイヌ語：鴟而人足＝「テュ・アッ・ニ・アク(tu-at-ni-ak)／ニ・エ・エン・テュ・アク(ni-e-en-tu-ak)」
＝「峰が・たくさんある・棒の（ように細長い）・弟（のように小さいもの）／棒が・そこで・突き出ている・峰の・弟」","jomon2_bnum69.html"
"西山経","皐塗の山／數斯","數斯","「ここに鳥が棲んでいる。その姿は鴟（し ※トビやフクロウに似た猛禽類）のようで人間の足があり、名を數斯（すうし）という。これを食べると、癭（えい ※首のコブ）の病が治る。」","","","上古音：「數」sl i̯u／ʃ ǐwɔ／s uɡ／s iew／sl jugh
上古音：「數」s ŭk／ʃ eɔk／s uk／s rewk／sl uk
上古音：「斯」s i̯ĕɡ／s ǐe／s jeɡ／s jieɣ／s jig","アイヌ語：數斯＝「シル・ク(sir-ku)／シル・アク(sir-ak)」
＝「山の・矢（のように鋭いもの）／山の・弟（のように小さいもの）」","jomon2_bnum69.html"
"西山経","皐塗の山／數斯","癭","「ここに鳥が棲んでいる。その姿は鴟（し ※トビやフクロウに似た猛禽類）のようで人間の足があり、名を數斯（すうし）という。これを食べると、癭（えい ※首のコブ）の病が治る。」","","","上古音：「癭」ʔ i̯ĕŋ／0 ǐeŋ／ʔ jeŋ／ʔ jieŋ／· jingx","アイヌ語：癭＝「イ・エ・エン(i-e-en)」
＝「それが・そこで・突き出ている（ところ）」
※アイヌ語「ク＝弓」。中国大陸、朝鮮半島では「ク＝矢」の可能性。サハリン、シベリアのニヴフ（ギリヤーク）語も「ク＝矢」。","jomon2_bnum69.html"
"西山経","黄山","黃山","「さらに西へ180里行くと、黄山（こうざん）という山がある。草木は生えていないが、竹箭（ちくせん：矢の材料になる細い竹）が多く自生している。 ここから盼水（ふんすい）という川が湧き出て、西へ流れて赤水（せきすい）に注いでいる。その川の中には玉（ぎょく：美しい宝石）が多くある。」","","「天帝の山＝麦積山」の西南西方【「山海経記載860里」×0.25＝215.0 km】の山","上古音：「黄」ɡʰ wɑŋ／ɣ uaŋ／ɣ uɑŋ／ɡ waŋ／gw ang
上古音：「山」s ăn／ʃ ean／- -／s rian／s rian","アイヌ語：黃山＝「キル・アゥ・ウン(kir-aw-un)／シル・アゥ・ウン(sir-aw-un)」
＝「山脚の・角、枝分かれ・にある（ところ）／山の・角、枝分かれ・にある（ところ）」","jomon2_bnum69.html"
"西山経","黄山","無草木","「さらに西へ180里行くと、黄山（こうざん）という山がある。草木は生えていないが、竹箭（ちくせん：矢の材料になる細い竹）が多く自生している。 ここから盼水（ふんすい）という川が湧き出て、西へ流れて赤水（せきすい）に注いでいる。その川の中には玉（ぎょく：美しい宝石）が多くある。」","","「天帝の山＝麦積山」の西南西方【「山海経記載860里」×0.25＝215.0 km】の山","上古音：「無」m i̯wo／m ǐwa／m juaɡ／m jwaɣ／m jag
上古音：「草」tsʰ／tsʰ u／tsʰ ôɡ／tsʰ əw／tsh əgwx
上古音：「木」m uk／m ɔk／m ûk／m ewk／m uk","アイヌ語：無草木＝「ムィ・アク(muy-ak)／テュ・アク(tu-ak)／ム・ク(mu-ku)」
＝「頂の・弟（のように小さいもの）／峰の・弟／塞がっている・矢（のように鋭い峰）」","jomon2_bnum69.html"
"西山経","黄山","竹箭","「さらに西へ180里行くと、黄山（こうざん）という山がある。草木は生えていないが、竹箭（ちくせん：矢の材料になる細い竹）が多く自生している。 ここから盼水（ふんすい）という川が湧き出て、西へ流れて赤水（せきすい）に注いでいる。その川の中には玉（ぎょく：美しい宝石）が多くある。」","","「天帝の山＝麦積山」の西南西方【「山海経記載860里」×0.25＝215.0 km】の山","上古音：「竹」t -／t ǐuk／t jok／t iəwk／t rjəkw
上古音：「箭」ts i̯an／ts ǐan／ts jæn／- -／ts janh","アイヌ語：竹箭＝「テュ・アク・テュ・アゥ・ウン(tu-ak-tu-aw-un)」
＝「峰の・弟の（ように小さい）・峰の・角、枝分かれ・にある（ところ）」","jomon2_bnum69.html"
"西山経","黄山","盼水","「さらに西へ180里行くと、黄山（こうざん）という山がある。草木は生えていないが、竹箭（ちくせん：矢の材料になる細い竹）が多く自生している。 ここから盼水（ふんすい）という川が湧き出て、西へ流れて赤水（せきすい）に注いでいる。その川の中には玉（ぎょく：美しい宝石）が多くある。」","","「天帝の山＝麦積山」の西南西方【「山海経記載860里」×0.25＝215.0 km】の山","上古音：「盼」pʰ æn／pʰ eən／pʰ uən／pʰ rwən／ph rənh
上古音：「水」ɕ i̯wər／ɕ ǐwei／ç jued／stʰ jiwer／h rjidx","アイヌ語：盼水＝「プ・アゥ・ウン・シル・アッ(pu-aw-un-sir-at)」
＝「倉の（屋根のような三角山の）・角、枝分かれ・にある・山が・たくさんある（ところ）」","jomon2_bnum69.html"
"西山経","黄山","赤水","「さらに西へ180里行くと、黄山（こうざん）という山がある。草木は生えていないが、竹箭（ちくせん：矢の材料になる細い竹）が多く自生している。 ここから盼水（ふんすい）という川が湧き出て、西へ流れて赤水（せきすい）に注いでいる。その川の中には玉（ぎょく：美しい宝石）が多くある。」","","「天帝の山＝麦積山」の西南西方【「山海経記載860里」×0.25＝215.0 km】の山","上古音：「赤」ȶʰ i̯ăk／ȶʰ iak／cʰ jăk／tʰ jiak／kh rjiak
上古音：「水」ɕ i̯wər／ɕ ǐwei／ç jued／stʰ jiwer／h rjidx","アイヌ語：赤水＝「テュ・アク・シル・アッ(tu-ak-sir-at)」
＝「峰の・弟の（ように小さい）・山が・たくさんある（ところ）」","jomon2_bnum69.html"
"西山経","黄山","玉","「さらに西へ180里行くと、黄山（こうざん）という山がある。草木は生えていないが、竹箭（ちくせん：矢の材料になる細い竹）が多く自生している。 ここから盼水（ふんすい）という川が湧き出て、西へ流れて赤水（せきすい）に注いでいる。その川の中には玉（ぎょく：美しい宝石）が多くある。」","","「天帝の山＝麦積山」の西南西方【「山海経記載860里」×0.25＝215.0 km】の山","上古音：「玉」ŋ i̯uk／ŋ ǐwɔk／ŋ juk／ŋ jewk／ng juk","アイヌ語：玉＝「キル・ク(kir-ku)」
＝「山脚の・矢（のように鋭い峰）」
※アイヌ語「ク＝弓」。中国大陸、朝鮮半島では「ク＝矢」の可能性。サハリン、シベリアのニヴフ（ギリヤーク）語も「ク＝矢」。","jomon2_bnum69.html"
"西山経","黄山／𤛎","牛","「ここに獣が棲んでいる。その姿は牛のようだが、青黒い（あるいは濃い灰色をした）大きな目を持っており、その名を「𤛎（びん）」という。 」","","","上古音：「牛」ŋ i̯ŭɡ／ŋ ǐwə／ŋ juə̆ɡ／ŋ jwəɣ／ng jəg","アイヌ語：牛＝「キル・アク(kir-ak)」
＝「山脚の・弟（のように小さいもの）」","jomon2_bnum69.html"
"西山経","黄山／𤛎","而蒼黑大目","「ここに獣が棲んでいる。その姿は牛のようだが、青黒い（あるいは濃い灰色をした）大きな目を持っており、その名を「𤛎（びん）」という。 」","","","上古音：「而」ȵ i̯əɡ／ȵ ǐə／ȵ jəɡ／n jiəɣ／n jəg
上古音：「蒼」tsʰ ɑŋ／tsʰ aŋ／tsʰ ɑŋ／tsʰ aŋ／tsh ang
上古音：「黑」xm ək／h ək／m̥ uə̂k／xm ək／hm ək
上古音：「大」tʰ ɑd, dʰ ɑd／d at／dʰ ɑd／d ar／d adh
上古音：「目」 m／m ǐuk／m jok／m jəwk／m jəkw","アイヌ語：而蒼黑大目＝「ニ・アク・テュ・アゥ・ウン(ni-ak-tu-aw-un)／フム・アク・テュ・アッ・ムィ・アク(hum-ak-tu-at-muy-ak)」
＝「棒の（ように細長い）・弟の（ように小さい）・峰の・角、枝分かれ・にある（ところ）／断片の・弟の・峰が・たくさんある・頂の・弟」","jomon2_bnum69.html"
"西山経","黄山／𤛎","𤛎","「ここに獣が棲んでいる。その姿は牛のようだが、青黒い（あるいは濃い灰色をした）大きな目を持っており、その名を「𤛎（びん）」という。 」","","","上古音：「敏」- -／m ǐə／m uə̂ɡ／m iwən／m əgx","アイヌ語：𤛎＝「ム・アク(mu-ak)」
＝「塞がっている・弟（のように小さいもの）」","jomon2_bnum69.html"
"西山経","黄山／鸚䳇","鴞","「ここに鳥が住んでいる。その姿は鴞（きょう：フクロウやミミズク）のようだが、青い羽（あるいは緑の羽）と赤いクチバシを持ち、人間のものに似た舌があって言葉を話すことができる。その名を「鸚䳇（おうむ）」という。」","","","上古音：「鴞」ɡ i̯oɡ／ɣ ǐau／ɣ jɔ̆ɡ／ɣ iaw／gw jagw","アイヌ語：鴞＝「キル・アク(kir-ak)」
＝「山脚の・弟（のように小さいもの）」","jomon2_bnum69.html"
"西山経","黄山／鸚䳇","青羽赤喙","「ここに鳥が住んでいる。その姿は鴞（きょう：フクロウやミミズク）のようだが、青い羽（あるいは緑の羽）と赤いクチバシを持ち、人間のものに似た舌があって言葉を話すことができる。その名を「鸚䳇（おうむ）」という。」","","","上古音：「青」tsʰ ieŋ／tsʰ ieŋ／tsʰ ieŋ／tsʰ eŋ／tsh ing
上古音：「羽」ɡ i̯wo／ɣ ǐwa／ɣ juaɡ／ɣ jwaɣ／gw jagx
上古音：「赤」ȶʰ i̯ăk／ȶʰ iak／cʰ jăk／tʰ jiak／kh rjiak
上古音：「喙」ȶʰ i̯wad／- -／- -／tʰ jiwar／- -
上古音：「喙」- -／h ǐwat／x juăd／x jwar／hw jadh","アイヌ語：青羽赤喙＝「テュ・エ・エン・キル・アク(tu-e-en-kir-ak)／テュ・アク(tu-ak)／テュ・アゥ(tu-aw)」
＝「峰が・そこで・突き出ている・山脚の・弟（のように小さいもの）／峰の・弟／峰の・角、枝分かれ」","jomon2_bnum69.html"
"西山経","黄山／鸚䳇","鸚䳇","「ここに鳥が住んでいる。その姿は鴞（きょう：フクロウやミミズク）のようだが、青い羽（あるいは緑の羽）と赤いクチバシを持ち、人間のものに似た舌があって言葉を話すことができる。その名を「鸚䳇（おうむ）」という。」","","","上古音：「鸚」ʔ ĕŋ／0 eŋ／ʔ eŋ／ʔ reŋ／· ring
上古音：「䳇」- -／- -／m juɡ／m jew／m jugx","アイヌ語：鸚䳇＝「ウ・エン・ムィ・ク(u-en-muy-ku)」
＝「互いに重なるように・突き出ている・頂の・矢（のように鋭いもの）」
※アイヌ語「ク＝弓」。中国大陸、朝鮮半島では「ク＝矢」の可能性。サハリン、シベリアのニヴフ（ギリヤーク）語も「ク＝矢」。","jomon2_bnum69.html"
"西山経","翠山","翠山","「さらに西へ200里行くと、翠山（すいざん）という山がある。その山の上には椶（シュロ）や枏（タブノキ／クスノキ）が多く、山の下には竹箭（ちくせん：細い竹）が多く自生している。 山の南側（陽）には黄金や玉（宝石）が多く産出し、山の北側（陰）には旄牛（ヤク）、麢（レイヨウ）、麝（ジャコウジカ）が多く住んでいる。 」","","「天帝の山＝麦積山」の西南西方【「山海経記載1060里」×0.25＝265.0 km】の山","上古音：「翠」tsʰ i̯wəd／tsʰ ǐwəi／tsʰ juəd／tsʰ jiwər／tsh jədh
上古音：「山」s ăn／ʃ ean／- -／s rian／s rian","アイヌ語：翠山＝「テュ・アッ・シル・アゥ・ウン(tu-at-sir-aw-un)」
＝「峰が・たくさんある・山の・角、枝分かれ・にある（ところ）」","jomon2_bnum69.html"
"西山経","翠山","椶枏","「さらに西へ200里行くと、翠山（すいざん）という山がある。その山の上には椶（シュロ）や枏（タブノキ／クスノキ）が多く、山の下には竹箭（ちくせん：細い竹）が多く自生している。 山の南側（陽）には黄金や玉（宝石）が多く産出し、山の北側（陰）には旄牛（ヤク）、麢（レイヨウ）、麝（ジャコウジカ）が多く住んでいる。 」","","「天帝の山＝麦積山」の西南西方【「山海経記載1060里」×0.25＝265.0 km】の山","上古音：「椶」- -／ts ɔŋ／ts ûŋ／ts ewŋ／ts ung
上古音：「柟」n əm／- -／n Am／n əm／n am","アイヌ語：椶枏＝「テュン・ニ・アム(tun-ni-am)」
＝「山間の・棒の（ように細長い）・爪（のように平べったく鋭いもの）」","jomon2_bnum69.html"
"西山経","翠山","竹箭","「さらに西へ200里行くと、翠山（すいざん）という山がある。その山の上には椶（シュロ）や枏（タブノキ／クスノキ）が多く、山の下には竹箭（ちくせん：細い竹）が多く自生している。 山の南側（陽）には黄金や玉（宝石）が多く産出し、山の北側（陰）には旄牛（ヤク）、麢（レイヨウ）、麝（ジャコウジカ）が多く住んでいる。 」","","「天帝の山＝麦積山」の西南西方【「山海経記載1060里」×0.25＝265.0 km】の山","上古音：「竹」t -／t ǐuk／t jok／t iəwk／t rjəkw
上古音：「箭」ts i̯an／ts ǐan／ts jæn／- -／ts janh","アイヌ語：竹箭＝「テュ・アク・テュ・アゥ・ウン(tu-ak-tu-aw-un)」
＝「峰の・弟の（ように小さい）・峰の・角、枝分かれ・にある（ところ）」","jomon2_bnum69.html"
"西山経","翠山","黃金","「さらに西へ200里行くと、翠山（すいざん）という山がある。その山の上には椶（シュロ）や枏（タブノキ／クスノキ）が多く、山の下には竹箭（ちくせん：細い竹）が多く自生している。 山の南側（陽）には黄金や玉（宝石）が多く産出し、山の北側（陰）には旄牛（ヤク）、麢（レイヨウ）、麝（ジャコウジカ）が多く住んでいる。 」","","「天帝の山＝麦積山」の西南西方【「山海経記載1060里」×0.25＝265.0 km】の山","上古音：「黃」ɡʰ wɑŋ／ɣ uaŋ／ɣ uɑŋ／ɡ waŋ／gw ang
上古音：「金」k i̯əm／k ǐəm／k jəm／k iəm／k jəm","アイヌ語：黃金＝「キル・アゥ・ウン・キル・アム(kir-aw-un-kir-am)」
＝「山脚の・角、枝分かれ・にある・山脚の・爪（のように平べったく鋭いもの）」","jomon2_bnum69.html"
"西山経","翠山","玉","「さらに西へ200里行くと、翠山（すいざん）という山がある。その山の上には椶（シュロ）や枏（タブノキ／クスノキ）が多く、山の下には竹箭（ちくせん：細い竹）が多く自生している。 山の南側（陽）には黄金や玉（宝石）が多く産出し、山の北側（陰）には旄牛（ヤク）、麢（レイヨウ）、麝（ジャコウジカ）が多く住んでいる。 」","","「天帝の山＝麦積山」の西南西方【「山海経記載1060里」×0.25＝265.0 km】の山","上古音：「玉」ŋ i̯uk／ŋ ǐwɔk／ŋ juk／ŋ jewk／ng juk","アイヌ語：玉＝「キル・ク(kir-ku)」
＝「山脚の・矢（のように鋭い峰）」","jomon2_bnum69.html"
"西山経","翠山","旄牛","「さらに西へ200里行くと、翠山（すいざん）という山がある。その山の上には椶（シュロ）や枏（タブノキ／クスノキ）が多く、山の下には竹箭（ちくせん：細い竹）が多く自生している。 山の南側（陽）には黄金や玉（宝石）が多く産出し、山の北側（陰）には旄牛（ヤク）、麢（レイヨウ）、麝（ジャコウジカ）が多く住んでいる。 」","","「天帝の山＝麦積山」の西南西方【「山海経記載1060里」×0.25＝265.0 km】の山","上古音：「旄」m oɡ／m au／m ɔ̂ɡ／m aw／m agwh
上古音：「牛」ŋ i̯ŭɡ／ŋ ǐwə／ŋ juə̆ɡ／ŋ jwəɣ／ng jəg","アイヌ語：旄牛＝「ム・アク(mu-ak)／キル・アク(kir-ak)」
＝「ふさがっている・弟（のように小さい峰）／山脚の・弟」","jomon2_bnum69.html"
"西山経","翠山","麢","「さらに西へ200里行くと、翠山（すいざん）という山がある。その山の上には椶（シュロ）や枏（タブノキ／クスノキ）が多く、山の下には竹箭（ちくせん：細い竹）が多く自生している。 山の南側（陽）には黄金や玉（宝石）が多く産出し、山の北側（陰）には旄牛（ヤク）、麢（レイヨウ）、麝（ジャコウジカ）が多く住んでいる。 」","","「天帝の山＝麦積山」の西南西方【「山海経記載1060里」×0.25＝265.0 km】の山","上古音：「麢」- -／- -／l ieŋ／l eŋ／ l ing","アイヌ語：麢＝「リ・エン(ri-en)」
＝「高く・突き出ている（ところ）」","jomon2_bnum69.html"
"西山経","翠山","麝","「さらに西へ200里行くと、翠山（すいざん）という山がある。その山の上には椶（シュロ）や枏（タブノキ／クスノキ）が多く、山の下には竹箭（ちくせん：細い竹）が多く自生している。 山の南側（陽）には黄金や玉（宝石）が多く産出し、山の北側（陰）には旄牛（ヤク）、麢（レイヨウ）、麝（ジャコウジカ）が多く住んでいる。 」","","「天帝の山＝麦積山」の西南西方【「山海経記載1060里」×0.25＝265.0 km】の山","上古音：「麝」- -／ȡ ia／ȡʰ jăɡ／zd jiaɣ／g rjiagh
上古音：「麝」- -／ȡ iak／- -／- -／- -","アイヌ語：麝＝「テュ・アク(tu-ak)」
＝「峰の・弟（のように小さいもの）」
※アイヌ語「ク＝弓」。中国大陸、朝鮮半島では「ク＝矢」の可能性。サハリン、シベリアのニヴフ（ギリヤーク）語も「ク＝矢」。","jomon2_bnum69.html"
"西山経","翠山／鸓","鸓","「ここには鸓（るい）という鳥が多く住んでいる。その姿はカササギのようだが、赤黒い体をしており、2つの頭（※「西首」は諸説あり、二つの頭の意とも）と4つの足を持っている。この鳥を飼う（あるいは身につける）と、火除けになる。 」","","","上古音：「鸓」- -／- -／l juəd／l iwər／l jədx","アイヌ語：鸓＝「リ・ウ・アッ(ri-u-at)」
＝「高い（ところが）・互いに重なるように・たくさんある（ところ）」","jomon2_bnum69.html"
"西山経","翠山／鸓","鵲","「ここには鸓（るい）という鳥が多く住んでいる。その姿はカササギのようだが、赤黒い体をしており、2つの頭（※「西首」は諸説あり、二つの頭の意とも）と4つの足を持っている。この鳥を飼う（あるいは身につける）と、火除けになる。 」","","","上古音：「鵲」 tsʰ i̯ak／tsʰ ǐak／- -／tsʰ jak／- -","アイヌ語：鵲＝「テュ・アク(tu-ak)」＝「峰の・弟（のように小さいもの）」","jomon2_bnum69.html"
"西山経","翠山／鸓","赤黑而西／首四足","「ここには鸓（るい）という鳥が多く住んでいる。その姿はカササギのようだが、赤黒い体をしており、2つの頭（※「西首」は諸説あり、二つの頭の意とも）と4つの足を持っている。この鳥を飼う（あるいは身につける）と、火除けになる。 」","","","上古音：「赤」ȶʰ i̯ăk／ȶʰ iak／cʰ jăk／tʰ jiak／kh rjiak
上古音：「黑」xm ək／h ək／m̥ uə̂k／xm ək／hm ək
上古音：「而」ȵ i̯əɡ／ȵ ǐə／ȵ jəɡ／n jiəɣ／n jəg
上古音：「西」s iər／s iei／s ied／s er／s id
上古音：「首」ɕ -／ɕ ǐu／ç jŏɡ／stʰ jəw／h rjəgwx
上古音：「四」s i̯əd／s ǐei／s jed／s jier／s jidh
上古音：「足」ts i̯uk／ts ǐwɔk／ts juk／ts jewk／ts juk","アイヌ語：赤黑而西／首四足＝「テュ・アク・フム・アク・ニ・アク・シル・アッ(tu-ak-hum-ak-ni-ak-sir-at)／シル・アク・シル・アッ・テュク(sir-ak-sir-at-tuk)」
＝「峰の・弟（のように小さいもの）・断片の・弟・棒の・弟の・山が・たくさんある（ところ）／山の・弟の・山が・たくさんある・小山」","jomon2_bnum69.html"
"西山経","翠山／鸓","禦火","「ここには鸓（るい）という鳥が多く住んでいる。その姿はカササギのようだが、赤黒い体をしており、2つの頭（※「西首」は諸説あり、二つの頭の意とも）と4つの足を持っている。この鳥を飼う（あるいは身につける）と、火除けになる。 」","","","上古音：「禦」ŋ i̯o／- -／ŋ jaɡ／ŋ jaɣ／ng jagx
上古音：「火」x wɑr／h uəi／x uə̂r／x wə／hw ərx","アイヌ語：禦火＝「キル・アク・シル・アゥ(kir-ak-sir-aw)」
＝「山脚の・弟の（ように小さい）・山の・角、枝分かれ」","jomon2_bnum69.html"
"西山経","騩山","騩山","「さらに西へ二百五十里行くと、騩山（きざん）という山がある。この山は西海（さいかい）の岸辺に迫っており、草木は生えていないが、玉（ぎょく）が多く産出する。凄水（せいすい）という川がここから湧き出て、西へ流れて海へと注いでいる。その川の中には、多くの色鮮やかな美しい石や黄金、そして粟粒（あわつぶ）ほどの大きさの丹砂（たんさ：朱色の原料となる鉱物）が多く含まれている。 」","","「天帝の山＝麦積山」の西南西方【「山海経記載1310里」×0.25＝327.5 km】の山","上古音：「騩」- -／- -／k juəd／k iwər／kw jiədh
上古音：「山」s ăn／ʃ ean／- -／s rian／s rian","アイヌ語：騩山＝「キル・アッ・シル・アゥ・ウン(kir-at-sir-aw-un)」
＝「山脚が・たくさんある・山の・角、枝分かれ・にある（ところ）」","jomon2_bnum69.html"
"西山経","騩山","無草木","「さらに西へ二百五十里行くと、騩山（きざん）という山がある。この山は西海（さいかい）の岸辺に迫っており、草木は生えていないが、玉（ぎょく）が多く産出する。凄水（せいすい）という川がここから湧き出て、西へ流れて海へと注いでいる。その川の中には、多くの色鮮やかな美しい石や黄金、そして粟粒（あわつぶ）ほどの大きさの丹砂（たんさ：朱色の原料となる鉱物）が多く含まれている。 」","","「天帝の山＝麦積山」の西南西方【「山海経記載1310里」×0.25＝327.5 km】の山","上古音：「無」m i̯wo／m ǐwa／m juaɡ／m jwaɣ／m jag
上古音：「草」tsʰ／tsʰ u／tsʰ ôɡ／tsʰ əw／tsh əgwx
上古音：「木」m uk／m ɔk／m ûk／m ewk／m uk","アイヌ語：無草木＝「ムィ・アク(muy-ak)／テュ・アク(tu-ak)／ム・ク(mu-ku)」
＝「頂の・弟（のように小さいもの）／峰の・弟／塞がっている・矢（のように鋭い峰）」","jomon2_bnum69.html"
"西山経","騩山","玉","「さらに西へ二百五十里行くと、騩山（きざん）という山がある。この山は西海（さいかい）の岸辺に迫っており、草木は生えていないが、玉（ぎょく）が多く産出する。凄水（せいすい）という川がここから湧き出て、西へ流れて海へと注いでいる。その川の中には、多くの色鮮やかな美しい石や黄金、そして粟粒（あわつぶ）ほどの大きさの丹砂（たんさ：朱色の原料となる鉱物）が多く含まれている。 」","","「天帝の山＝麦積山」の西南西方【「山海経記載1310里」×0.25＝327.5 km】の山","上古音：「玉」ŋ i̯uk／ŋ ǐwɔk／ŋ juk／ŋ jewk／ng juk","アイヌ語：玉＝「キル・ク(kir-ku)」
＝「山脚の・矢（のように鋭い峰）」","jomon2_bnum69.html"
"西山経","騩山","淒水","「さらに西へ二百五十里行くと、騩山（きざん）という山がある。この山は西海（さいかい）の岸辺に迫っており、草木は生えていないが、玉（ぎょく）が多く産出する。凄水（せいすい）という川がここから湧き出て、西へ流れて海へと注いでいる。その川の中には、多くの色鮮やかな美しい石や黄金、そして粟粒（あわつぶ）ほどの大きさの丹砂（たんさ：朱色の原料となる鉱物）が多く含まれている。 」","","「天帝の山＝麦積山」の西南西方【「山海経記載1310里」×0.25＝327.5 km】の山","上古音：「淒」tsʰ iər／tsʰ iei／tsʰ ied／tsʰ er／tsh id
上古音：「水」ɕ i̯wər／ɕ ǐwei／ç jued／stʰ jiwer／h rjidx","アイヌ語：淒水＝「テュ・アッ・シル・アッ(tu-at-sir-at)」
＝「峰が・たくさんある・山が・たくさんある（ところ）」","jomon2_bnum69.html"
"西山経","騩山","采石","「さらに西へ二百五十里行くと、騩山（きざん）という山がある。この山は西海（さいかい）の岸辺に迫っており、草木は生えていないが、玉（ぎょく）が多く産出する。凄水（せいすい）という川がここから湧き出て、西へ流れて海へと注いでいる。その川の中には、多くの色鮮やかな美しい石や黄金、そして粟粒（あわつぶ）ほどの大きさの丹砂（たんさ：朱色の原料となる鉱物）が多く含まれている。 」","","「天帝の山＝麦積山」の西南西方【「山海経記載1310里」×0.25＝327.5 km】の山","上古音：「采」tsʰ əɡ／tsʰ ə／tsʰ ə̂ɡ／tsʰ əɣ／tsh əgx
上古音：「石」ȡ i̯ăk／ʑ iak／- -／d jiak／d jiak","アイヌ語：采石＝「テュ・アク・テュ・アク(tu-ak-tu-ak)」
＝「峰の・弟（のように小さいもの）／峰の・弟」","jomon2_bnum69.html"
"西山経","騩山","黃金","「さらに西へ二百五十里行くと、騩山（きざん）という山がある。この山は西海（さいかい）の岸辺に迫っており、草木は生えていないが、玉（ぎょく）が多く産出する。凄水（せいすい）という川がここから湧き出て、西へ流れて海へと注いでいる。その川の中には、多くの色鮮やかな美しい石や黄金、そして粟粒（あわつぶ）ほどの大きさの丹砂（たんさ：朱色の原料となる鉱物）が多く含まれている。 」","","「天帝の山＝麦積山」の西南西方【「山海経記載1310里」×0.25＝327.5 km】の山","上古音：「黃」ɡʰ wɑŋ／ɣ uaŋ／ɣ uɑŋ／ɡ waŋ／gw ang
上古音：「金」k i̯əm／k ǐəm／k jəm／k iəm／k jəm","アイヌ語：黃金＝「キル・アゥ・ウン・キル・アム(kir-aw-un-kir-am)」
＝「山脚の・角、枝分かれ・にある・山脚の・爪（のように平べったく鋭いもの）」","jomon2_bnum69.html"
"西山経","騩山","丹粟","「さらに西へ二百五十里行くと、騩山（きざん）という山がある。この山は西海（さいかい）の岸辺に迫っており、草木は生えていないが、玉（ぎょく）が多く産出する。凄水（せいすい）という川がここから湧き出て、西へ流れて海へと注いでいる。その川の中には、多くの色鮮やかな美しい石や黄金、そして粟粒（あわつぶ）ほどの大きさの丹砂（たんさ：朱色の原料となる鉱物）が多く含まれている。 」","","「天帝の山＝麦積山」の西南西方【「山海経記載1310里」×0.25＝327.5 km】の山","上古音：「丹」t ɑn／t an／t ɑn／t an／t an
上古音：「粟」s i̯uk／s ǐwɔk／s juk／s jewk／s juk","アイヌ語：丹粟＝「テュ・アゥ・ウン・シル・ク(tu-aw-un-sir-ku)」
＝「峰の・角、枝分かれ・にある・山の・矢（のように鋭いもの）」
※アイヌ語「ク＝弓」。中国大陸、朝鮮半島では「ク＝矢」の可能性。サハリン、シベリアのニヴフ（ギリヤーク）語も「ク＝矢」。","jomon2_bnum69.html"
